[gpu] Using device: cuda
[gpu] GPU: NVIDIA RTX PRO 6000 Blackwell Workstation Edition
[gpu] VRAM: 102.0 GB
FluxPhased League Training
Config: configs/laser_25x25_pro6000_league.yaml
Device: cuda
Environment: E=12, R=4, N=625, P=4, bins=64
State dim: 163783, Action dim: 13753
[wandb] wandb not available; skipping logging
Warp 1.10.1 initialized:
   CUDA Toolkit 12.8, Driver 13.2
   Devices:
     "cpu"      : "x86_64"
     "cuda:0"   : "NVIDIA RTX PRO 6000 Blackwell Workstation Edition" (95 GiB, sm_120, mempool enabled)
   Kernel cache:
     /home/ubuntu/.cache/warp/1.10.1
[League] kill_radius initialized at 50.000m (will anneal toward 0.200m)

============================================================
PSRO Iteration 0/24
============================================================
[League] Iteration 0: Evaluating payoff matrix...
  [payoff] p0000 vs p0003 (1/9)... Module radar_sim.gpu.vec_channel 6a2afee load on device 'cuda:0' took 0.40 ms  (cached)
Module radar_sim.gpu.vec_array 0e899e2 load on device 'cuda:0' took 29.33 ms  (cached)
win_rate=1.00 (6.1s)
  [payoff] p0000 vs p0004 (2/9)... win_rate=1.00 (5.6s)
  [payoff] p0000 vs p0005 (3/9)... win_rate=1.00 (5.7s)
  [payoff] p0001 vs p0003 (4/9)... win_rate=1.00 (5.6s)
  [payoff] p0001 vs p0004 (5/9)... win_rate=1.00 (5.6s)
  [payoff] p0001 vs p0005 (6/9)... win_rate=1.00 (5.6s)
  [payoff] p0002 vs p0003 (7/9)... win_rate=1.00 (5.6s)
  [payoff] p0002 vs p0004 (8/9)... win_rate=1.00 (5.6s)
  [payoff] p0002 vs p0005 (9/9)... win_rate=1.00 (5.6s)
  Team 0 sigma=[1. 0. 0.] NashConv=0.0000 H_task=1.386 effK=1.00
  Team 1 sigma=[1. 0. 0.] NashConv=0.0000 H_task=1.386 effK=1.00
  Training main (team 0, p0000) against self...
      [PPO] main-t0 ep0 step43 cmd(pl=-0.0042 vl=1651686.9375 ent=2.2490) rad(pl=0.0678 vl=18985.5723 ent=321.9371)
      [PPO] main-t0 ep0 step85 cmd(pl=-0.0010 vl=1751955.0208 ent=2.2660) rad(pl=0.0315 vl=37092.7539 ent=322.3808)
      [PPO] main-t0 ep0 step127 cmd(pl=-0.0012 vl=1635462.8750 ent=2.2614) rad(pl=0.0281 vl=54941.2246 ent=322.6107)
      [PPO] main-t0 ep0 step169 cmd(pl=-0.0008 vl=1636600.3958 ent=2.2559) rad(pl=0.0050 vl=79651.0846 ent=322.6214)
      [PPO] main-t0 ep0 step211 cmd(pl=-0.0017 vl=1690989.4375 ent=2.2595) rad(pl=0.0078 vl=109690.7370 ent=322.5701)
      [PPO] main-t0 ep0 step253 cmd(pl=-0.0040 vl=1822207.7500 ent=2.2622) rad(pl=0.0002 vl=146875.9870 ent=322.5899)
      [PPO] main-t0 ep0 step295 cmd(pl=-0.0023 vl=1670783.0625 ent=2.2703) rad(pl=-0.0005 vl=169189.6224 ent=322.6598)
      [PPO] main-t0 ep0 step337 cmd(pl=-0.0017 vl=1747884.3542 ent=2.2862) rad(pl=0.0006 vl=205590.1849 ent=322.7299)
      [PPO] main-t0 ep0 step379 cmd(pl=0.0006 vl=1584293.7083 ent=2.3006) rad(pl=-0.0000 vl=224874.5208 ent=322.7706)
      [PPO] main-t0 ep0 step421 cmd(pl=-0.0011 vl=1680785.7083 ent=2.3095) rad(pl=0.0008 vl=261385.4010 ent=322.8004)
      [PPO] main-t0 ep0 step463 cmd(pl=-0.0013 vl=1838395.2292 ent=2.3103) rad(pl=-0.0004 vl=302220.0365 ent=322.8354)
    ep 1/10  steps=498 kill  wr=0.00  avg_r=19874.8876
      [PPO] main-t0 ep1 step8 cmd(pl=-0.0010 vl=1292884.7083 ent=2.3061) rad(pl=-0.0003 vl=287754.0365 ent=322.8721)
      [PPO] main-t0 ep1 step50 cmd(pl=-0.0026 vl=1771290.0000 ent=2.2990) rad(pl=-0.0012 vl=499841.7031 ent=322.8976)
      [PPO] main-t0 ep1 step92 cmd(pl=0.0011 vl=1600861.1458 ent=2.2968) rad(pl=-0.0006 vl=546272.7083 ent=322.9455)
      [PPO] main-t0 ep1 step134 cmd(pl=-0.0004 vl=1619885.8333 ent=2.2982) rad(pl=-0.0024 vl=671943.9479 ent=322.9903)
      [PPO] main-t0 ep1 step176 cmd(pl=-0.0002 vl=1578761.7708 ent=2.3019) rad(pl=-0.0005 vl=854686.1875 ent=323.0337)
      [PPO] main-t0 ep1 step218 cmd(pl=-0.0006 vl=1605312.4167 ent=2.3015) rad(pl=0.0008 vl=1164586.2292 ent=323.0682)
      [PPO] main-t0 ep1 step260 cmd(pl=-0.0010 vl=1672213.0208 ent=2.2941) rad(pl=0.0004 vl=1677487.5625 ent=323.0894)
    ep 2/10  steps=280 kill  wr=0.00  avg_r=15422.8099
      [PPO] main-t0 ep2 step23 cmd(pl=-0.0013 vl=1176688.5417 ent=2.2868) rad(pl=0.0000 vl=1489781.9375 ent=323.1048)
      [PPO] main-t0 ep2 step65 cmd(pl=-0.0006 vl=1927455.4375 ent=2.2818) rad(pl=0.0005 vl=1685306.6875 ent=323.1156)
      [PPO] main-t0 ep2 step107 cmd(pl=-0.0002 vl=1759820.8125 ent=2.2754) rad(pl=-0.0012 vl=1521549.7500 ent=323.1290)
      [PPO] main-t0 ep2 step149 cmd(pl=0.0002 vl=1880301.2292 ent=2.2706) rad(pl=0.0010 vl=1791318.2500 ent=323.1424)
      [PPO] main-t0 ep2 step191 cmd(pl=-0.0004 vl=1784084.2083 ent=2.2699) rad(pl=-0.0001 vl=2198100.2500 ent=323.1567)
      [PPO] main-t0 ep2 step233 cmd(pl=-0.0006 vl=1629057.6875 ent=2.2680) rad(pl=-0.0009 vl=2696905.3750 ent=323.1675)
      [PPO] main-t0 ep2 step275 cmd(pl=-0.0002 vl=1830959.2292 ent=2.2696) rad(pl=-0.0002 vl=3308230.1667 ent=323.1762)
      [PPO] main-t0 ep2 step317 cmd(pl=-0.0003 vl=1819741.9583 ent=2.2679) rad(pl=-0.0001 vl=3956874.2500 ent=323.1881)
      [PPO] main-t0 ep2 step359 cmd(pl=-0.0000 vl=1812913.3958 ent=2.2676) rad(pl=0.0001 vl=4646676.8333 ent=323.2043)
      [PPO] main-t0 ep2 step401 cmd(pl=-0.0004 vl=1782306.5417 ent=2.2664) rad(pl=0.0003 vl=5287238.5000 ent=323.2174)
      [PPO] main-t0 ep2 step443 cmd(pl=-0.0002 vl=1834615.3542 ent=2.2624) rad(pl=0.0002 vl=5893775.5833 ent=323.2261)
      [PPO] main-t0 ep2 step485 cmd(pl=-0.0000 vl=1839746.1667 ent=2.2593) rad(pl=0.0001 vl=6461742.9167 ent=323.2306)
    ep 3/10  steps=500 timeout  wr=0.00  avg_r=17180.0499
  Training main (team 0, p0000) against p0005...
      [PPO] main-t0 ep0 step28 cmd(pl=-0.0002 vl=1558272.5417 ent=2.2582) rad(pl=-0.0004 vl=7783847.1667 ent=323.2320)
      [PPO] main-t0 ep0 step70 cmd(pl=-0.0001 vl=1755314.5833 ent=2.2585) rad(pl=0.0001 vl=8283784.0833 ent=323.2360)
      [PPO] main-t0 ep0 step112 cmd(pl=-0.0003 vl=1802264.0625 ent=2.2561) rad(pl=0.0000 vl=8856253.8333 ent=323.2415)
      [PPO] main-t0 ep0 step154 cmd(pl=-0.0001 vl=1793534.6667 ent=2.2538) rad(pl=-0.0002 vl=9214535.0000 ent=323.2443)
      [PPO] main-t0 ep0 step196 cmd(pl=-0.0003 vl=1736309.5833 ent=2.2513) rad(pl=-0.0004 vl=9439535.1667 ent=323.2443)
      [PPO] main-t0 ep0 step238 cmd(pl=-0.0005 vl=1719474.3125 ent=2.2506) rad(pl=-0.0001 vl=9545501.6667 ent=323.2454)
      [PPO] main-t0 ep0 step280 cmd(pl=0.0000 vl=1783793.9583 ent=2.2491) rad(pl=-0.0006 vl=9632847.5000 ent=323.2503)
      [PPO] main-t0 ep0 step322 cmd(pl=-0.0000 vl=1836662.9167 ent=2.2483) rad(pl=-0.0002 vl=9728128.1667 ent=323.2551)
      [PPO] main-t0 ep0 step364 cmd(pl=-0.0001 vl=1679121.9167 ent=2.2470) rad(pl=-0.0006 vl=9741928.8333 ent=323.2599)
      [PPO] main-t0 ep0 step406 cmd(pl=-0.0001 vl=1863029.1250 ent=2.2476) rad(pl=0.0001 vl=9787581.8333 ent=323.2672)
      [PPO] main-t0 ep0 step448 cmd(pl=-0.0002 vl=1623549.0000 ent=2.2454) rad(pl=-0.0003 vl=9766408.3333 ent=323.2738)
      [PPO] main-t0 ep0 step490 cmd(pl=-0.0001 vl=1881765.2083 ent=2.2463) rad(pl=-0.0002 vl=9790925.0000 ent=323.2789)
    ep 1/10  steps=500 timeout  wr=0.00  avg_r=20517.9881
      [PPO] main-t0 ep1 step33 cmd(pl=-0.0004 vl=1640214.9375 ent=2.2458) rad(pl=-0.0005 vl=9750731.6667 ent=323.2861)
      [PPO] main-t0 ep1 step75 cmd(pl=-0.0001 vl=1762574.3542 ent=2.2458) rad(pl=-0.0002 vl=9522269.8333 ent=323.2977)
      [PPO] main-t0 ep1 step117 cmd(pl=-0.0001 vl=1566832.5625 ent=2.2429) rad(pl=-0.0003 vl=9357204.6667 ent=323.3108)
      [PPO] main-t0 ep1 step159 cmd(pl=-0.0002 vl=1769613.1250 ent=2.2425) rad(pl=-0.0002 vl=9296723.0000 ent=323.3237)
      [PPO] main-t0 ep1 step201 cmd(pl=-0.0002 vl=1647149.5417 ent=2.2393) rad(pl=-0.0007 vl=9224069.1667 ent=323.3362)
      [PPO] main-t0 ep1 step243 cmd(pl=-0.0005 vl=1639711.7500 ent=2.2387) rad(pl=0.0001 vl=9138760.3333 ent=323.3493)
      [PPO] main-t0 ep1 step285 cmd(pl=-0.0003 vl=1719975.2500 ent=2.2362) rad(pl=-0.0004 vl=9064647.6667 ent=323.3601)
      [PPO] main-t0 ep1 step327 cmd(pl=-0.0001 vl=1672770.3750 ent=2.2351) rad(pl=-0.0003 vl=9015317.5000 ent=323.3715)
      [PPO] main-t0 ep1 step369 cmd(pl=0.0000 vl=1551751.9167 ent=2.2343) rad(pl=0.0000 vl=8882647.5000 ent=323.3843)
      [PPO] main-t0 ep1 step411 cmd(pl=-0.0000 vl=1909417.2917 ent=2.2337) rad(pl=-0.0001 vl=8898551.8333 ent=323.3977)
      [PPO] main-t0 ep1 step453 cmd(pl=-0.0001 vl=1666290.8958 ent=2.2304) rad(pl=0.0007 vl=8905351.5000 ent=323.4096)
      [PPO] main-t0 ep1 step495 cmd(pl=-0.0000 vl=1797104.5000 ent=2.2326) rad(pl=-0.0001 vl=8949930.5000 ent=323.4191)
    ep 2/10  steps=500 timeout  wr=0.00  avg_r=20569.6333
      [PPO] main-t0 ep2 step38 cmd(pl=-0.0002 vl=1738933.8125 ent=2.2348) rad(pl=-0.0016 vl=9430351.0000 ent=323.4271)
      [PPO] main-t0 ep2 step80 cmd(pl=-0.0001 vl=1536549.1250 ent=2.2333) rad(pl=0.0003 vl=9371295.1667 ent=323.4377)
      [PPO] main-t0 ep2 step122 cmd(pl=-0.0001 vl=1795986.8750 ent=2.2321) rad(pl=-0.0004 vl=9313225.5000 ent=323.4485)
      [PPO] main-t0 ep2 step164 cmd(pl=-0.0000 vl=1707844.1458 ent=2.2330) rad(pl=-0.0001 vl=9285833.3333 ent=323.4614)
      [PPO] main-t0 ep2 step206 cmd(pl=-0.0001 vl=1671685.1250 ent=2.2298) rad(pl=0.0005 vl=9283800.0000 ent=323.4728)
      [PPO] main-t0 ep2 step248 cmd(pl=-0.0000 vl=1663026.7500 ent=2.2315) rad(pl=-0.0003 vl=9279667.0000 ent=323.4824)
      [PPO] main-t0 ep2 step290 cmd(pl=-0.0001 vl=1653076.6042 ent=2.2317) rad(pl=0.0004 vl=9277877.6667 ent=323.4901)
      [PPO] main-t0 ep2 step332 cmd(pl=-0.0001 vl=1753298.4792 ent=2.2317) rad(pl=0.0002 vl=9329190.3333 ent=323.4969)
      [PPO] main-t0 ep2 step374 cmd(pl=0.0000 vl=1664345.8125 ent=2.2291) rad(pl=-0.0004 vl=9341393.8333 ent=323.5057)
      [PPO] main-t0 ep2 step416 cmd(pl=-0.0000 vl=1884916.9375 ent=2.2311) rad(pl=-0.0002 vl=9458985.0000 ent=323.5138)
      [PPO] main-t0 ep2 step458 cmd(pl=-0.0000 vl=1721155.7083 ent=2.2304) rad(pl=0.0001 vl=9473100.6667 ent=323.5228)
    ep 3/10  steps=500 timeout  wr=0.00  avg_r=20726.9136
  Training main (team 0, p0000) against p0003...
      [PPO] main-t0 ep0 step1 cmd(pl=-0.0000 vl=1757209.6042 ent=2.2302) rad(pl=0.0001 vl=9557481.0000 ent=323.5350)
      [PPO] main-t0 ep0 step43 cmd(pl=-0.0001 vl=1607104.7500 ent=2.2280) rad(pl=-0.0000 vl=8669767.6667 ent=323.5473)
      [PPO] main-t0 ep0 step85 cmd(pl=-0.0001 vl=1658684.8542 ent=2.2298) rad(pl=-0.0002 vl=8633164.3333 ent=323.5576)
      [PPO] main-t0 ep0 step127 cmd(pl=-0.0001 vl=1607019.8750 ent=2.2276) rad(pl=-0.0004 vl=8562929.0000 ent=323.5668)
      [PPO] main-t0 ep0 step169 cmd(pl=0.0000 vl=1615276.7292 ent=2.2297) rad(pl=-0.0002 vl=8507479.0000 ent=323.5763)
      [PPO] main-t0 ep0 step211 cmd(pl=-0.0002 vl=1573203.6875 ent=2.2293) rad(pl=0.0001 vl=8429954.0833 ent=323.5848)
      [PPO] main-t0 ep0 step253 cmd(pl=0.0000 vl=1785859.6667 ent=2.2283) rad(pl=0.0002 vl=8456281.1667 ent=323.5925)
      [PPO] main-t0 ep0 step295 cmd(pl=-0.0001 vl=1504899.2917 ent=2.2307) rad(pl=-0.0002 vl=8400980.0833 ent=323.5982)
      [PPO] main-t0 ep0 step337 cmd(pl=-0.0000 vl=1710700.7292 ent=2.2305) rad(pl=0.0001 vl=8437325.1667 ent=323.6023)
      [PPO] main-t0 ep0 step379 cmd(pl=-0.0000 vl=1483648.7292 ent=2.2298) rad(pl=0.0003 vl=8343348.0833 ent=323.6105)
      [PPO] main-t0 ep0 step421 cmd(pl=-0.0000 vl=1684683.6875 ent=2.2282) rad(pl=0.0000 vl=8361564.0833 ent=323.6190)
      [PPO] main-t0 ep0 step463 cmd(pl=-0.0000 vl=1619202.5417 ent=2.2289) rad(pl=-0.0004 vl=8325717.0833 ent=323.6254)
    ep 1/10  steps=500 timeout  wr=0.00  avg_r=20937.5281
      [PPO] main-t0 ep1 step6 cmd(pl=-0.0002 vl=1491898.5000 ent=2.2296) rad(pl=0.0003 vl=8324839.0000 ent=323.6291)
      [PPO] main-t0 ep1 step48 cmd(pl=-0.0000 vl=1537514.5625 ent=2.2248) rad(pl=-0.0005 vl=8607778.5000 ent=323.6357)
      [PPO] main-t0 ep1 step90 cmd(pl=-0.0001 vl=1519770.4375 ent=2.2246) rad(pl=-0.0005 vl=8567110.5000 ent=323.6430)
      [PPO] main-t0 ep1 step132 cmd(pl=-0.0000 vl=1676920.4167 ent=2.2256) rad(pl=0.0002 vl=8627488.3333 ent=323.6502)
      [PPO] main-t0 ep1 step174 cmd(pl=-0.0000 vl=1540249.5000 ent=2.2253) rad(pl=0.0003 vl=8606840.5000 ent=323.6592)
      [PPO] main-t0 ep1 step216 cmd(pl=-0.0000 vl=1406714.4583 ent=2.2258) rad(pl=0.0000 vl=8570326.5000 ent=323.6681)
      [PPO] main-t0 ep1 step258 cmd(pl=-0.0000 vl=1557749.3958 ent=2.2240) rad(pl=-0.0002 vl=8571714.6667 ent=323.6757)
      [PPO] main-t0 ep1 step300 cmd(pl=0.0000 vl=1717302.6667 ent=2.2241) rad(pl=-0.0001 vl=8617665.5000 ent=323.6833)
      [PPO] main-t0 ep1 step342 cmd(pl=-0.0001 vl=1574161.2083 ent=2.2243) rad(pl=0.0007 vl=8657191.6667 ent=323.6931)
      [PPO] main-t0 ep1 step384 cmd(pl=-0.0001 vl=1638815.0417 ent=2.2269) rad(pl=-0.0003 vl=8750718.6667 ent=323.7039)
      [PPO] main-t0 ep1 step426 cmd(pl=-0.0000 vl=1516966.0833 ent=2.2254) rad(pl=0.0003 vl=8742042.3333 ent=323.7133)
      [PPO] main-t0 ep1 step468 cmd(pl=-0.0000 vl=1491760.2292 ent=2.2264) rad(pl=0.0002 vl=8750692.6667 ent=323.7218)
    ep 2/10  steps=500 timeout  wr=0.00  avg_r=21023.8850
      [PPO] main-t0 ep2 step11 cmd(pl=-0.0000 vl=1530001.9375 ent=2.2273) rad(pl=-0.0002 vl=8951295.8333 ent=323.7302)
      [PPO] main-t0 ep2 step53 cmd(pl=-0.0000 vl=1394912.1875 ent=2.2251) rad(pl=-0.0004 vl=9149634.3333 ent=323.7378)
      [PPO] main-t0 ep2 step95 cmd(pl=-0.0000 vl=1699705.2292 ent=2.2276) rad(pl=0.0002 vl=9410735.6667 ent=323.7448)
      [PPO] main-t0 ep2 step137 cmd(pl=-0.0000 vl=1542282.7917 ent=2.2276) rad(pl=-0.0008 vl=9412465.3333 ent=323.7542)
      [PPO] main-t0 ep2 step179 cmd(pl=-0.0000 vl=1401871.5625 ent=2.2258) rad(pl=-0.0005 vl=9450708.0000 ent=323.7626)
      [PPO] main-t0 ep2 step221 cmd(pl=-0.0000 vl=1381203.6667 ent=2.2273) rad(pl=0.0003 vl=9417987.6667 ent=323.7721)
      [PPO] main-t0 ep2 step263 cmd(pl=-0.0001 vl=1447553.3333 ent=2.2274) rad(pl=-0.0005 vl=9405649.3333 ent=323.7823)
      [PPO] main-t0 ep2 step305 cmd(pl=-0.0001 vl=1358567.2708 ent=2.2274) rad(pl=0.0002 vl=9317190.8333 ent=323.7941)
      [PPO] main-t0 ep2 step347 cmd(pl=-0.0002 vl=1354161.3958 ent=2.2271) rad(pl=-0.0006 vl=9278382.1667 ent=323.8038)
      [PPO] main-t0 ep2 step389 cmd(pl=0.0000 vl=1306877.1458 ent=2.2268) rad(pl=-0.0006 vl=9179871.0000 ent=323.8103)
      [PPO] main-t0 ep2 step431 cmd(pl=-0.0000 vl=1432000.3958 ent=2.2267) rad(pl=-0.0008 vl=9164141.1667 ent=323.8185)
      [PPO] main-t0 ep2 step473 cmd(pl=-0.0001 vl=1486697.1875 ent=2.2271) rad(pl=-0.0004 vl=9136778.1667 ent=323.8297)
    ep 3/10  steps=500 timeout  wr=0.00  avg_r=20980.4781
  Resetting p0001 to anchor p0000 (role=main, gen=0)
  Training main_exploiter (team 0, p0001) against p0003...
      [PPO] main-t0 ep0 step43 cmd(pl=-0.0069 vl=1764026.9792 ent=2.2322) rad(pl=0.0697 vl=26312.9811 ent=321.9459)
      [PPO] main-t0 ep0 step85 cmd(pl=-0.0016 vl=1755722.4375 ent=2.2274) rad(pl=0.0359 vl=47034.0254 ent=322.4022)
      [PPO] main-t0 ep0 step127 cmd(pl=-0.0019 vl=1901551.5625 ent=2.2293) rad(pl=0.0274 vl=82001.3255 ent=322.6178)
      [PPO] main-t0 ep0 step169 cmd(pl=0.0011 vl=1774582.1458 ent=2.2148) rad(pl=0.0113 vl=110806.4141 ent=322.6540)
      [PPO] main-t0 ep0 step211 cmd(pl=-0.0015 vl=1743659.0833 ent=2.2041) rad(pl=0.0054 vl=146486.7812 ent=322.6914)
      [PPO] main-t0 ep0 step253 cmd(pl=-0.0004 vl=1894186.8958 ent=2.1929) rad(pl=0.0010 vl=195680.0286 ent=322.7033)
      [PPO] main-t0 ep0 step295 cmd(pl=-0.0024 vl=1936816.9167 ent=2.1931) rad(pl=-0.0003 vl=242672.8932 ent=322.7469)
      [PPO] main-t0 ep0 step337 cmd(pl=-0.0006 vl=1950518.6042 ent=2.1846) rad(pl=0.0006 vl=290512.1823 ent=322.8279)
      [PPO] main-t0 ep0 step379 cmd(pl=0.0007 vl=2004648.4167 ent=2.1825) rad(pl=-0.0015 vl=344303.3281 ent=322.8958)
      [PPO] main-t0 ep0 step421 cmd(pl=-0.0007 vl=1875934.6667 ent=2.1763) rad(pl=0.0012 vl=384486.4010 ent=322.9482)
      [PPO] main-t0 ep0 step463 cmd(pl=-0.0007 vl=2012247.8958 ent=2.1753) rad(pl=0.0001 vl=449883.6719 ent=322.9765)
    ep 1/10  steps=500 timeout  wr=0.00  avg_r=21088.5518
      [PPO] main-t0 ep1 step6 cmd(pl=-0.0038 vl=2014302.1667 ent=2.1720) rad(pl=-0.0015 vl=456597.3646 ent=322.9969)
      [PPO] main-t0 ep1 step48 cmd(pl=-0.0012 vl=1936978.2917 ent=2.1739) rad(pl=-0.0005 vl=401113.5990 ent=323.0339)
      [PPO] main-t0 ep1 step90 cmd(pl=-0.0021 vl=1863867.1458 ent=2.1717) rad(pl=0.0010 vl=433648.3750 ent=323.0771)
      [PPO] main-t0 ep1 step132 cmd(pl=-0.0005 vl=1892141.6042 ent=2.1692) rad(pl=-0.0005 vl=483011.0573 ent=323.1114)
      [PPO] main-t0 ep1 step174 cmd(pl=-0.0002 vl=2047671.1875 ent=2.1709) rad(pl=-0.0002 vl=569269.7917 ent=323.1416)
      [PPO] main-t0 ep1 step216 cmd(pl=-0.0005 vl=1942147.6250 ent=2.1732) rad(pl=0.0006 vl=688253.3854 ent=323.1612)
      [PPO] main-t0 ep1 step258 cmd(pl=-0.0002 vl=2073373.6667 ent=2.1729) rad(pl=0.0005 vl=933796.6667 ent=323.1900)
      [PPO] main-t0 ep1 step300 cmd(pl=0.0002 vl=2029407.9167 ent=2.1684) rad(pl=0.0001 vl=1309059.8750 ent=323.1994)
      [PPO] main-t0 ep1 step342 cmd(pl=-0.0001 vl=1906214.7917 ent=2.1656) rad(pl=0.0000 vl=1777443.1458 ent=323.2067)
      [PPO] main-t0 ep1 step384 cmd(pl=-0.0001 vl=1864878.0208 ent=2.1635) rad(pl=0.0008 vl=2266975.8750 ent=323.2130)
      [PPO] main-t0 ep1 step426 cmd(pl=-0.0001 vl=1957960.6458 ent=2.1635) rad(pl=0.0004 vl=2808661.1667 ent=323.2328)
      [PPO] main-t0 ep1 step468 cmd(pl=-0.0001 vl=1986397.3333 ent=2.1625) rad(pl=0.0006 vl=3386294.5417 ent=323.2542)
    ep 2/10  steps=500 timeout  wr=0.00  avg_r=21256.3947
      [PPO] main-t0 ep2 step11 cmd(pl=-0.0001 vl=2010147.6875 ent=2.1661) rad(pl=0.0006 vl=4119176.2500 ent=323.2589)
      [PPO] main-t0 ep2 step53 cmd(pl=-0.0002 vl=1892770.2500 ent=2.1682) rad(pl=-0.0004 vl=4671787.4167 ent=323.2605)
      [PPO] main-t0 ep2 step95 cmd(pl=-0.0002 vl=1782742.2917 ent=2.1654) rad(pl=-0.0002 vl=5256389.8333 ent=323.2642)
      [PPO] main-t0 ep2 step137 cmd(pl=-0.0003 vl=2044141.2500 ent=2.1690) rad(pl=-0.0003 vl=5838008.2500 ent=323.2782)
      [PPO] main-t0 ep2 step179 cmd(pl=-0.0005 vl=1963313.3333 ent=2.1645) rad(pl=0.0007 vl=6411148.7500 ent=323.2982)
      [PPO] main-t0 ep2 step221 cmd(pl=0.0000 vl=2060876.5208 ent=2.1665) rad(pl=-0.0002 vl=6960011.2500 ent=323.3129)
      [PPO] main-t0 ep2 step263 cmd(pl=-0.0004 vl=1926885.7083 ent=2.1652) rad(pl=0.0005 vl=7426505.2500 ent=323.3317)
      [PPO] main-t0 ep2 step305 cmd(pl=-0.0004 vl=2036125.9792 ent=2.1625) rad(pl=0.0001 vl=7880378.8333 ent=323.3514)
      [PPO] main-t0 ep2 step347 cmd(pl=-0.0002 vl=1918410.7083 ent=2.1651) rad(pl=0.0006 vl=8245866.0000 ent=323.3703)
      [PPO] main-t0 ep2 step389 cmd(pl=0.0001 vl=1976836.5208 ent=2.1629) rad(pl=0.0002 vl=8602817.8333 ent=323.3839)
      [PPO] main-t0 ep2 step431 cmd(pl=-0.0000 vl=1899257.5417 ent=2.1600) rad(pl=0.0004 vl=8873201.6667 ent=323.3915)
      [PPO] main-t0 ep2 step473 cmd(pl=-0.0001 vl=1957786.2917 ent=2.1602) rad(pl=0.0015 vl=9146131.0000 ent=323.4002)
    ep 3/10  steps=500 timeout  wr=0.00  avg_r=21359.7036
      [PPO] main-t0 ep3 step16 cmd(pl=-0.0005 vl=1815265.8125 ent=2.1596) rad(pl=0.0004 vl=8947244.5000 ent=323.4118)
      [PPO] main-t0 ep3 step58 cmd(pl=-0.0001 vl=1916213.4375 ent=2.1610) rad(pl=-0.0007 vl=8495247.6667 ent=323.4196)
      [PPO] main-t0 ep3 step100 cmd(pl=-0.0001 vl=1802731.2083 ent=2.1633) rad(pl=-0.0004 vl=8548522.8333 ent=323.4326)
      [PPO] main-t0 ep3 step142 cmd(pl=0.0000 vl=1918106.5000 ent=2.1643) rad(pl=0.0003 vl=8618150.8333 ent=323.4447)
      [PPO] main-t0 ep3 step184 cmd(pl=-0.0002 vl=2035115.1667 ent=2.1623) rad(pl=0.0004 vl=8754153.3333 ent=323.4504)
      [PPO] main-t0 ep3 step226 cmd(pl=-0.0000 vl=1924781.3333 ent=2.1642) rad(pl=-0.0002 vl=8862948.1667 ent=323.4576)
      [PPO] main-t0 ep3 step268 cmd(pl=-0.0002 vl=1874248.7083 ent=2.1652) rad(pl=0.0002 vl=8920840.3333 ent=323.4659)
      [PPO] main-t0 ep3 step310 cmd(pl=-0.0001 vl=1967205.5833 ent=2.1668) rad(pl=0.0001 vl=8993343.1667 ent=323.4735)
      [PPO] main-t0 ep3 step352 cmd(pl=-0.0003 vl=1940953.7917 ent=2.1667) rad(pl=-0.0001 vl=9073776.5000 ent=323.4800)
      [PPO] main-t0 ep3 step394 cmd(pl=-0.0003 vl=1956225.1667 ent=2.1658) rad(pl=-0.0003 vl=9150610.6667 ent=323.4868)
      [PPO] main-t0 ep3 step436 cmd(pl=0.0001 vl=1927234.6042 ent=2.1651) rad(pl=0.0003 vl=9224984.5000 ent=323.4937)
      [PPO] main-t0 ep3 step478 cmd(pl=-0.0001 vl=1996180.2500 ent=2.1638) rad(pl=-0.0001 vl=9304857.6667 ent=323.5001)
    ep 4/10  steps=500 timeout  wr=0.00  avg_r=21427.0277
      [PPO] main-t0 ep4 step21 cmd(pl=-0.0000 vl=1821767.3958 ent=2.1639) rad(pl=-0.0001 vl=9518751.1667 ent=323.5069)
      [PPO] main-t0 ep4 step63 cmd(pl=-0.0000 vl=1733020.8333 ent=2.1635) rad(pl=0.0002 vl=9692161.6667 ent=323.5135)
      [PPO] main-t0 ep4 step105 cmd(pl=-0.0001 vl=1987783.4792 ent=2.1661) rad(pl=0.0001 vl=9779587.6667 ent=323.5240)
      [PPO] main-t0 ep4 step147 cmd(pl=-0.0000 vl=2012728.1250 ent=2.1670) rad(pl=-0.0002 vl=9924476.0000 ent=323.5332)
      [PPO] main-t0 ep4 step189 cmd(pl=-0.0000 vl=1873739.2500 ent=2.1675) rad(pl=0.0011 vl=10017174.1667 ent=323.5431)
      [PPO] main-t0 ep4 step231 cmd(pl=-0.0001 vl=1784635.1875 ent=2.1657) rad(pl=-0.0001 vl=10010891.5000 ent=323.5490)
      [PPO] main-t0 ep4 step273 cmd(pl=-0.0003 vl=1863834.5625 ent=2.1649) rad(pl=0.0001 vl=10012649.3333 ent=323.5544)
      [PPO] main-t0 ep4 step315 cmd(pl=0.0000 vl=1728950.8750 ent=2.1645) rad(pl=-0.0004 vl=9968861.8333 ent=323.5641)
      [PPO] main-t0 ep4 step357 cmd(pl=0.0000 vl=1779507.7917 ent=2.1627) rad(pl=-0.0002 vl=9942132.6667 ent=323.5752)
      [PPO] main-t0 ep4 step399 cmd(pl=-0.0001 vl=1811611.4375 ent=2.1667) rad(pl=-0.0003 vl=9917734.8333 ent=323.5862)
      [PPO] main-t0 ep4 step441 cmd(pl=-0.0001 vl=2005365.9375 ent=2.1648) rad(pl=0.0001 vl=10013091.6667 ent=323.5957)
      [PPO] main-t0 ep4 step483 cmd(pl=0.0000 vl=1801060.3542 ent=2.1628) rad(pl=-0.0000 vl=10027362.6667 ent=323.6025)
    ep 5/10  steps=500 timeout  wr=0.00  avg_r=21466.2680
    ── ep 5/10  wr=0.00  avg_r=21466.2680
      [PPO] main-t0 ep5 step26 cmd(pl=-0.0000 vl=1864896.2917 ent=2.1687) rad(pl=-0.0001 vl=10128363.0000 ent=323.6115)
      [PPO] main-t0 ep5 step68 cmd(pl=-0.0000 vl=1783238.6042 ent=2.1710) rad(pl=-0.0006 vl=10129813.8333 ent=323.6194)
      [PPO] main-t0 ep5 step110 cmd(pl=-0.0001 vl=1832184.2083 ent=2.1708) rad(pl=-0.0005 vl=10168201.6667 ent=323.6316)
      [PPO] main-t0 ep5 step152 cmd(pl=0.0000 vl=1836899.6458 ent=2.1713) rad(pl=-0.0010 vl=10147118.8333 ent=323.6452)
      [PPO] main-t0 ep5 step194 cmd(pl=-0.0001 vl=1790461.7708 ent=2.1723) rad(pl=-0.0006 vl=10144762.8333 ent=323.6592)
      [PPO] main-t0 ep5 step236 cmd(pl=-0.0001 vl=1791800.3542 ent=2.1726) rad(pl=0.0001 vl=10112028.0000 ent=323.6732)
      [PPO] main-t0 ep5 step278 cmd(pl=-0.0001 vl=1787277.2500 ent=2.1747) rad(pl=-0.0001 vl=10102752.1667 ent=323.6816)
      [PPO] main-t0 ep5 step320 cmd(pl=-0.0000 vl=1642758.9167 ent=2.1740) rad(pl=-0.0007 vl=10012544.0000 ent=323.6884)
      [PPO] main-t0 ep5 step362 cmd(pl=-0.0000 vl=1745462.7708 ent=2.1738) rad(pl=0.0002 vl=9980248.8333 ent=323.6932)
      [PPO] main-t0 ep5 step404 cmd(pl=0.0000 vl=1488131.3750 ent=2.1738) rad(pl=-0.0001 vl=9805883.6667 ent=323.6982)
      [PPO] main-t0 ep5 step446 cmd(pl=-0.0001 vl=1835722.7500 ent=2.1744) rad(pl=-0.0009 vl=9850011.0000 ent=323.7058)
      [PPO] main-t0 ep5 step488 cmd(pl=-0.0000 vl=1665651.8125 ent=2.1747) rad(pl=-0.0007 vl=9738469.3333 ent=323.7151)
    ep 6/10  steps=500 timeout  wr=0.00  avg_r=21469.7649
      [PPO] main-t0 ep6 step31 cmd(pl=-0.0001 vl=1762423.4375 ent=2.1721) rad(pl=-0.0003 vl=9990076.1667 ent=323.7204)
      [PPO] main-t0 ep6 step73 cmd(pl=-0.0001 vl=1614671.4375 ent=2.1695) rad(pl=0.0003 vl=9966259.8333 ent=323.7263)
      [PPO] main-t0 ep6 step115 cmd(pl=-0.0002 vl=1776866.0208 ent=2.1698) rad(pl=-0.0012 vl=10020763.1667 ent=323.7367)
      [PPO] main-t0 ep6 step157 cmd(pl=-0.0002 vl=1661593.7500 ent=2.1707) rad(pl=0.0001 vl=9942852.3333 ent=323.7457)
    ep 7/10  steps=162 kill  wr=0.14  avg_r=19397.4782
      [PPO] main-t0 ep7 step38 cmd(pl=-0.0003 vl=1408921.1875 ent=2.1784) rad(pl=-0.0014 vl=8660993.1667 ent=323.7561)
      [PPO] main-t0 ep7 step80 cmd(pl=-0.0000 vl=1641413.2708 ent=2.1826) rad(pl=-0.0026 vl=7003297.9167 ent=323.7665)
      [PPO] main-t0 ep7 step122 cmd(pl=-0.0002 vl=1644954.8750 ent=2.1807) rad(pl=0.0005 vl=7051107.4167 ent=323.7761)
      [PPO] main-t0 ep7 step164 cmd(pl=-0.0001 vl=1521075.1875 ent=2.1821) rad(pl=-0.0006 vl=7308014.4167 ent=323.7875)
      [PPO] main-t0 ep7 step206 cmd(pl=-0.0000 vl=1669365.1458 ent=2.1848) rad(pl=0.0001 vl=7389042.2500 ent=323.8008)
      [PPO] main-t0 ep7 step248 cmd(pl=-0.0001 vl=1706153.9375 ent=2.1857) rad(pl=0.0013 vl=7661193.7500 ent=323.8137)
      [PPO] main-t0 ep7 step290 cmd(pl=-0.0000 vl=1451259.9167 ent=2.1840) rad(pl=-0.0001 vl=7691104.4167 ent=323.8292)
      [PPO] main-t0 ep7 step332 cmd(pl=-0.0001 vl=1792273.9583 ent=2.1848) rad(pl=-0.0002 vl=7890620.0833 ent=323.8429)
      [PPO] main-t0 ep7 step374 cmd(pl=-0.0001 vl=1600710.8125 ent=2.1839) rad(pl=0.0006 vl=8011204.4167 ent=323.8586)
      [PPO] main-t0 ep7 step416 cmd(pl=-0.0002 vl=1315798.1667 ent=2.1833) rad(pl=0.0002 vl=8038784.6667 ent=323.8758)
      [PPO] main-t0 ep7 step458 cmd(pl=-0.0000 vl=1668188.2292 ent=2.1852) rad(pl=-0.0008 vl=8069171.0000 ent=323.8919)
    ep 8/10  steps=500 timeout  wr=0.12  avg_r=19640.9935
      [PPO] main-t0 ep8 step1 cmd(pl=-0.0000 vl=1598374.9792 ent=2.1854) rad(pl=0.0004 vl=8185876.1667 ent=323.9059)
      [PPO] main-t0 ep8 step43 cmd(pl=-0.0000 vl=1654384.3958 ent=2.1799) rad(pl=-0.0029 vl=8095905.3333 ent=323.9153)
      [PPO] main-t0 ep8 step85 cmd(pl=-0.0000 vl=1447801.8125 ent=2.1831) rad(pl=0.0004 vl=8116246.3333 ent=323.9208)
      [PPO] main-t0 ep8 step127 cmd(pl=-0.0000 vl=1591744.0833 ent=2.1844) rad(pl=0.0000 vl=8219540.0000 ent=323.9294)
      [PPO] main-t0 ep8 step169 cmd(pl=-0.0000 vl=1556448.6667 ent=2.1820) rad(pl=0.0003 vl=8342584.0833 ent=323.9402)
      [PPO] main-t0 ep8 step211 cmd(pl=-0.0001 vl=1600543.0208 ent=2.1827) rad(pl=-0.0001 vl=8429015.1667 ent=323.9546)
      [PPO] main-t0 ep8 step253 cmd(pl=-0.0000 vl=1542869.0000 ent=2.1837) rad(pl=0.0008 vl=8496178.3333 ent=323.9693)
      [PPO] main-t0 ep8 step295 cmd(pl=-0.0001 vl=1473270.6667 ent=2.1832) rad(pl=0.0001 vl=8536063.1667 ent=323.9841)
      [PPO] main-t0 ep8 step337 cmd(pl=-0.0000 vl=1356744.8333 ent=2.1808) rad(pl=-0.0001 vl=8490480.1667 ent=323.9989)
      [PPO] main-t0 ep8 step379 cmd(pl=-0.0001 vl=1423194.7917 ent=2.1815) rad(pl=-0.0000 vl=8467301.5000 ent=324.0126)
      [PPO] main-t0 ep8 step421 cmd(pl=-0.0001 vl=1529155.7500 ent=2.1795) rad(pl=-0.0005 vl=8479945.1667 ent=324.0257)
      [PPO] main-t0 ep8 step463 cmd(pl=-0.0001 vl=1596399.5833 ent=2.1819) rad(pl=-0.0006 vl=8567906.6667 ent=324.0408)
    ep 9/10  steps=500 timeout  wr=0.11  avg_r=19833.7296
      [PPO] main-t0 ep9 step6 cmd(pl=-0.0001 vl=1458655.0417 ent=2.1825) rad(pl=0.0003 vl=8575667.3333 ent=324.0565)
      [PPO] main-t0 ep9 step48 cmd(pl=-0.0001 vl=1639242.9167 ent=2.1785) rad(pl=-0.0002 vl=9233269.0000 ent=324.0658)
      [PPO] main-t0 ep9 step90 cmd(pl=-0.0001 vl=1433939.4583 ent=2.1804) rad(pl=-0.0007 vl=9166270.1667 ent=324.0743)
      [PPO] main-t0 ep9 step132 cmd(pl=-0.0002 vl=1450516.7500 ent=2.1772) rad(pl=-0.0002 vl=9151919.1667 ent=324.0803)
      [PPO] main-t0 ep9 step174 cmd(pl=-0.0001 vl=1454632.2917 ent=2.1775) rad(pl=0.0001 vl=9061253.0000 ent=324.0870)
      [PPO] main-t0 ep9 step216 cmd(pl=-0.0001 vl=1492865.2917 ent=2.1800) rad(pl=-0.0006 vl=9033238.1667 ent=324.0954)
      [PPO] main-t0 ep9 step258 cmd(pl=-0.0000 vl=1508141.2083 ent=2.1781) rad(pl=-0.0011 vl=9001472.3333 ent=324.1016)
      [PPO] main-t0 ep9 step300 cmd(pl=-0.0001 vl=1569301.8958 ent=2.1768) rad(pl=-0.0006 vl=9024030.8333 ent=324.1049)
      [PPO] main-t0 ep9 step342 cmd(pl=-0.0000 vl=1458999.9583 ent=2.1772) rad(pl=0.0005 vl=8997433.6667 ent=324.1105)
      [PPO] main-t0 ep9 step384 cmd(pl=-0.0000 vl=1489973.4583 ent=2.1781) rad(pl=-0.0001 vl=9016056.3333 ent=324.1190)
      [PPO] main-t0 ep9 step426 cmd(pl=-0.0000 vl=1539509.1042 ent=2.1771) rad(pl=-0.0001 vl=9006033.5000 ent=324.1307)
      [PPO] main-t0 ep9 step468 cmd(pl=-0.0000 vl=1564097.5208 ent=2.1745) rad(pl=-0.0005 vl=9035392.1667 ent=324.1431)
    ep 10/10  steps=500 timeout  wr=0.10  avg_r=20002.2635
    ── ep 10/10  wr=0.10  avg_r=20002.2635
  Training league_exploiter (team 0, p0002) against p0005...
      [PPO] leag-t0 ep0 step43 cmd(pl=-0.0046 vl=1834606.0417 ent=2.2625) rad(pl=0.0375 vl=102877.0208 ent=322.4268)
      [PPO] leag-t0 ep0 step85 cmd(pl=-0.0050 vl=1676692.1667 ent=2.2583) rad(pl=0.0315 vl=151953.6615 ent=322.5541)
      [PPO] leag-t0 ep0 step127 cmd(pl=-0.0025 vl=1783108.2292 ent=2.2497) rad(pl=0.0276 vl=229416.1224 ent=322.8119)
      [PPO] leag-t0 ep0 step169 cmd(pl=-0.0013 vl=1752558.1042 ent=2.2273) rad(pl=0.0127 vl=309178.6094 ent=322.9006)
      [PPO] leag-t0 ep0 step211 cmd(pl=-0.0007 vl=1852059.9583 ent=2.2166) rad(pl=0.0032 vl=413200.6562 ent=322.9369)
      [PPO] leag-t0 ep0 step253 cmd(pl=0.0002 vl=1918845.1875 ent=2.2180) rad(pl=0.0035 vl=532833.4167 ent=322.9520)
      [PPO] leag-t0 ep0 step295 cmd(pl=-0.0016 vl=1712725.3958 ent=2.2226) rad(pl=-0.0011 vl=635980.1042 ent=322.9707)
      [PPO] leag-t0 ep0 step337 cmd(pl=-0.0014 vl=1872514.6250 ent=2.2369) rad(pl=0.0031 vl=795101.9062 ent=323.0076)
      [PPO] leag-t0 ep0 step379 cmd(pl=-0.0015 vl=1757690.7708 ent=2.2476) rad(pl=0.0000 vl=930834.8854 ent=323.0442)
      [PPO] leag-t0 ep0 step421 cmd(pl=-0.0011 vl=1827272.9167 ent=2.2614) rad(pl=-0.0002 vl=1102501.8750 ent=323.0775)
      [PPO] leag-t0 ep0 step463 cmd(pl=-0.0001 vl=1803535.7917 ent=2.2692) rad(pl=-0.0011 vl=1279887.4375 ent=323.1151)
    ep 1/10  steps=500 timeout  wr=0.00  avg_r=20538.9642
      [PPO] leag-t0 ep1 step6 cmd(pl=-0.0002 vl=1663860.9792 ent=2.2748) rad(pl=0.0021 vl=1451143.7083 ent=323.1500)
      [PPO] leag-t0 ep1 step48 cmd(pl=-0.0008 vl=1693172.9375 ent=2.2771) rad(pl=0.0005 vl=1794870.2917 ent=323.1750)
      [PPO] leag-t0 ep1 step90 cmd(pl=-0.0014 vl=1732037.4375 ent=2.2763) rad(pl=0.0004 vl=2000189.9583 ent=323.1946)
      [PPO] leag-t0 ep1 step132 cmd(pl=-0.0003 vl=1594234.1250 ent=2.2681) rad(pl=-0.0001 vl=2119303.4167 ent=323.2196)
      [PPO] leag-t0 ep1 step174 cmd(pl=-0.0002 vl=1720550.8750 ent=2.2665) rad(pl=-0.0015 vl=2287030.2083 ent=323.2464)
      [PPO] leag-t0 ep1 step216 cmd(pl=-0.0014 vl=1650359.6458 ent=2.2670) rad(pl=0.0000 vl=2481248.4167 ent=323.2756)
      [PPO] leag-t0 ep1 step258 cmd(pl=-0.0005 vl=1729040.6250 ent=2.2629) rad(pl=-0.0002 vl=2848134.8750 ent=323.3001)
      [PPO] leag-t0 ep1 step300 cmd(pl=-0.0011 vl=1671462.6875 ent=2.2642) rad(pl=-0.0002 vl=3395303.7083 ent=323.3240)
      [PPO] leag-t0 ep1 step342 cmd(pl=-0.0007 vl=1721729.9167 ent=2.2671) rad(pl=0.0007 vl=4111681.2500 ent=323.3458)
      [PPO] leag-t0 ep1 step384 cmd(pl=-0.0005 vl=1728750.8333 ent=2.2706) rad(pl=0.0006 vl=4811557.4167 ent=323.3648)
      [PPO] leag-t0 ep1 step426 cmd(pl=-0.0001 vl=1744467.3333 ent=2.2725) rad(pl=0.0001 vl=5406750.5833 ent=323.3804)
      [PPO] leag-t0 ep1 step468 cmd(pl=-0.0002 vl=1522032.4583 ent=2.2704) rad(pl=0.0002 vl=5907995.8333 ent=323.3938)
    ep 2/10  steps=500 timeout  wr=0.00  avg_r=20250.5495
      [PPO] leag-t0 ep2 step11 cmd(pl=-0.0003 vl=1662372.3958 ent=2.2702) rad(pl=0.0000 vl=6378999.5000 ent=323.4061)
      [PPO] leag-t0 ep2 step53 cmd(pl=-0.0001 vl=1621779.6250 ent=2.2694) rad(pl=-0.0009 vl=6440184.3333 ent=323.4217)
      [PPO] leag-t0 ep2 step95 cmd(pl=-0.0005 vl=1748770.1042 ent=2.2697) rad(pl=-0.0038 vl=7030096.0000 ent=323.4364)
      [PPO] leag-t0 ep2 step137 cmd(pl=-0.0001 vl=1662663.7083 ent=2.2725) rad(pl=-0.0027 vl=7627682.0833 ent=323.4554)
      [PPO] leag-t0 ep2 step179 cmd(pl=-0.0003 vl=1534388.1458 ent=2.2736) rad(pl=0.0003 vl=7871322.5000 ent=323.4829)
      [PPO] leag-t0 ep2 step221 cmd(pl=-0.0003 vl=1654139.1042 ent=2.2809) rad(pl=-0.0002 vl=8165542.5000 ent=323.5089)
      [PPO] leag-t0 ep2 step263 cmd(pl=0.0001 vl=1708509.1875 ent=2.2833) rad(pl=-0.0005 vl=8369340.2500 ent=323.5334)
      [PPO] leag-t0 ep2 step305 cmd(pl=-0.0003 vl=1531743.2292 ent=2.2838) rad(pl=0.0006 vl=8565723.1667 ent=323.5567)
      [PPO] leag-t0 ep2 step347 cmd(pl=-0.0001 vl=1675326.6458 ent=2.2828) rad(pl=-0.0008 vl=8852891.3333 ent=323.5747)
      [PPO] leag-t0 ep2 step389 cmd(pl=-0.0004 vl=1659977.3750 ent=2.2829) rad(pl=-0.0019 vl=9040206.5000 ent=323.5878)
      [PPO] leag-t0 ep2 step431 cmd(pl=0.0001 vl=1680792.7500 ent=2.2842) rad(pl=-0.0017 vl=9259105.0000 ent=323.5933)
      [PPO] leag-t0 ep2 step473 cmd(pl=-0.0001 vl=1692513.2708 ent=2.2823) rad(pl=-0.0003 vl=9446179.6667 ent=323.6006)
    ep 3/10  steps=500 timeout  wr=0.00  avg_r=20129.6468
      [PPO] leag-t0 ep3 step16 cmd(pl=-0.0002 vl=1553537.1250 ent=2.2811) rad(pl=0.0004 vl=9740602.0000 ent=323.6141)
      [PPO] leag-t0 ep3 step58 cmd(pl=0.0000 vl=1635444.5000 ent=2.2789) rad(pl=-0.0000 vl=10049336.1667 ent=323.6297)
      [PPO] leag-t0 ep3 step100 cmd(pl=-0.0002 vl=1804274.2917 ent=2.2779) rad(pl=0.0002 vl=10159279.8333 ent=323.6451)
      [PPO] leag-t0 ep3 step142 cmd(pl=-0.0003 vl=1533070.8125 ent=2.2768) rad(pl=0.0003 vl=10195399.0000 ent=323.6591)
      [PPO] leag-t0 ep3 step184 cmd(pl=0.0001 vl=1840367.5417 ent=2.2792) rad(pl=0.0003 vl=10400520.0000 ent=323.6706)
      [PPO] leag-t0 ep3 step226 cmd(pl=-0.0002 vl=1630077.2083 ent=2.2802) rad(pl=0.0002 vl=10380834.6667 ent=323.6839)
      [PPO] leag-t0 ep3 step268 cmd(pl=0.0001 vl=1593458.9792 ent=2.2776) rad(pl=-0.0005 vl=10462664.1667 ent=323.6989)
      [PPO] leag-t0 ep3 step310 cmd(pl=-0.0002 vl=1582627.9792 ent=2.2796) rad(pl=-0.0004 vl=10461298.8333 ent=323.7130)
      [PPO] leag-t0 ep3 step352 cmd(pl=-0.0002 vl=1548686.1458 ent=2.2764) rad(pl=0.0005 vl=10443073.1667 ent=323.7299)
      [PPO] leag-t0 ep3 step394 cmd(pl=-0.0002 vl=1758674.1667 ent=2.2802) rad(pl=0.0001 vl=10536637.8333 ent=323.7475)
      [PPO] leag-t0 ep3 step436 cmd(pl=-0.0004 vl=1799238.3333 ent=2.2756) rad(pl=-0.0003 vl=10578230.5000 ent=323.7623)
      [PPO] leag-t0 ep3 step478 cmd(pl=-0.0000 vl=1597961.1250 ent=2.2733) rad(pl=-0.0002 vl=10594490.1667 ent=323.7765)
    ep 4/10  steps=500 timeout  wr=0.00  avg_r=20108.8651
      [PPO] leag-t0 ep4 step21 cmd(pl=-0.0001 vl=1550103.0833 ent=2.2828) rad(pl=0.0005 vl=10463062.6667 ent=323.7922)
      [PPO] leag-t0 ep4 step63 cmd(pl=-0.0001 vl=1516992.4583 ent=2.2890) rad(pl=0.0003 vl=10245169.6667 ent=323.8068)
      [PPO] leag-t0 ep4 step105 cmd(pl=0.0000 vl=1708417.5417 ent=2.2884) rad(pl=-0.0001 vl=10346422.3333 ent=323.8220)
      [PPO] leag-t0 ep4 step147 cmd(pl=-0.0002 vl=1533482.0417 ent=2.2872) rad(pl=-0.0006 vl=10285502.5000 ent=323.8355)
      [PPO] leag-t0 ep4 step189 cmd(pl=-0.0001 vl=1725266.8958 ent=2.2870) rad(pl=0.0006 vl=10428100.5000 ent=323.8491)
      [PPO] leag-t0 ep4 step231 cmd(pl=-0.0002 vl=1655049.8958 ent=2.2890) rad(pl=-0.0000 vl=10404543.5000 ent=323.8626)
      [PPO] leag-t0 ep4 step273 cmd(pl=0.0001 vl=1455538.7917 ent=2.2854) rad(pl=0.0001 vl=10381246.1667 ent=323.8747)
      [PPO] leag-t0 ep4 step315 cmd(pl=-0.0001 vl=1589017.5417 ent=2.2859) rad(pl=-0.0004 vl=10340289.5000 ent=323.8864)
      [PPO] leag-t0 ep4 step357 cmd(pl=-0.0000 vl=1516853.6875 ent=2.2893) rad(pl=-0.0001 vl=10226107.8333 ent=323.8977)
      [PPO] leag-t0 ep4 step399 cmd(pl=-0.0002 vl=1522203.7083 ent=2.2871) rad(pl=-0.0003 vl=10178032.0000 ent=323.9114)
      [PPO] leag-t0 ep4 step441 cmd(pl=-0.0001 vl=1613321.0208 ent=2.2882) rad(pl=-0.0007 vl=10150008.0000 ent=323.9235)
      [PPO] leag-t0 ep4 step483 cmd(pl=-0.0000 vl=1509703.8958 ent=2.2880) rad(pl=-0.0008 vl=10071007.5000 ent=323.9346)
    ep 5/10  steps=500 timeout  wr=0.00  avg_r=20065.0015
    ── ep 5/10  wr=0.00  avg_r=20065.0015
      [PPO] leag-t0 ep5 step26 cmd(pl=-0.0001 vl=1519802.6042 ent=2.2849) rad(pl=-0.0002 vl=10124883.1667 ent=323.9489)
      [PPO] leag-t0 ep5 step68 cmd(pl=-0.0002 vl=1461255.7500 ent=2.2843) rad(pl=-0.0005 vl=10099983.3333 ent=323.9641)
      [PPO] leag-t0 ep5 step110 cmd(pl=0.0001 vl=1451771.9583 ent=2.2852) rad(pl=0.0005 vl=10017369.0000 ent=323.9795)
      [PPO] leag-t0 ep5 step152 cmd(pl=-0.0001 vl=1636521.3958 ent=2.2887) rad(pl=-0.0013 vl=10045503.0000 ent=323.9943)
      [PPO] leag-t0 ep5 step194 cmd(pl=-0.0002 vl=1453900.0625 ent=2.2874) rad(pl=-0.0007 vl=9940802.1667 ent=324.0065)
      [PPO] leag-t0 ep5 step236 cmd(pl=-0.0000 vl=1510837.7708 ent=2.2876) rad(pl=-0.0000 vl=9948453.8333 ent=324.0186)
      [PPO] leag-t0 ep5 step278 cmd(pl=-0.0003 vl=1513428.3125 ent=2.2910) rad(pl=0.0001 vl=9910476.6667 ent=324.0330)
      [PPO] leag-t0 ep5 step320 cmd(pl=0.0001 vl=1517028.7708 ent=2.2922) rad(pl=0.0003 vl=9868483.0000 ent=324.0463)
      [PPO] leag-t0 ep5 step362 cmd(pl=-0.0001 vl=1481773.0000 ent=2.2947) rad(pl=-0.0004 vl=9834430.0000 ent=324.0597)
      [PPO] leag-t0 ep5 step404 cmd(pl=-0.0001 vl=1472042.7500 ent=2.2947) rad(pl=0.0000 vl=9805765.8333 ent=324.0742)
      [PPO] leag-t0 ep5 step446 cmd(pl=0.0001 vl=1403014.9583 ent=2.2924) rad(pl=0.0001 vl=9722579.6667 ent=324.0890)
      [PPO] leag-t0 ep5 step488 cmd(pl=-0.0000 vl=1422593.0833 ent=2.2951) rad(pl=0.0001 vl=9700882.6667 ent=324.1047)
    ep 6/10  steps=500 timeout  wr=0.00  avg_r=20029.5339
      [PPO] leag-t0 ep6 step31 cmd(pl=-0.0001 vl=1325440.8333 ent=2.2923) rad(pl=-0.0008 vl=9580393.8333 ent=324.1211)
      [PPO] leag-t0 ep6 step73 cmd(pl=-0.0002 vl=1442349.6875 ent=2.2979) rad(pl=0.0001 vl=9563510.5000 ent=324.1402)
      [PPO] leag-t0 ep6 step115 cmd(pl=0.0000 vl=1592823.6458 ent=2.2947) rad(pl=0.0018 vl=9575462.3333 ent=324.1597)
      [PPO] leag-t0 ep6 step157 cmd(pl=-0.0001 vl=1429645.7708 ent=2.2959) rad(pl=0.0010 vl=9552469.8333 ent=324.1819)
      [PPO] leag-t0 ep6 step199 cmd(pl=-0.0000 vl=1456230.1250 ent=2.2963) rad(pl=0.0010 vl=9602957.6667 ent=324.2090)
      [PPO] leag-t0 ep6 step241 cmd(pl=-0.0000 vl=1363757.2083 ent=2.2954) rad(pl=0.0010 vl=9547350.3333 ent=324.2351)
      [PPO] leag-t0 ep6 step283 cmd(pl=-0.0000 vl=1474231.3542 ent=2.2943) rad(pl=-0.0006 vl=9579358.5000 ent=324.2562)
      [PPO] leag-t0 ep6 step325 cmd(pl=-0.0001 vl=1380565.8542 ent=2.2961) rad(pl=-0.0002 vl=9502168.0000 ent=324.2721)
      [PPO] leag-t0 ep6 step367 cmd(pl=-0.0000 vl=1279010.3750 ent=2.2924) rad(pl=0.0002 vl=9416554.8333 ent=324.2853)
      [PPO] leag-t0 ep6 step409 cmd(pl=-0.0001 vl=1249880.4375 ent=2.2944) rad(pl=-0.0007 vl=9340061.1667 ent=324.2977)
      [PPO] leag-t0 ep6 step451 cmd(pl=-0.0001 vl=1337252.4167 ent=2.2954) rad(pl=-0.0007 vl=9297255.5000 ent=324.3101)
      [PPO] leag-t0 ep6 step493 cmd(pl=-0.0000 vl=1438671.1458 ent=2.2984) rad(pl=-0.0001 vl=9272725.6667 ent=324.3249)
    ep 7/10  steps=500 timeout  wr=0.00  avg_r=19995.7058
      [PPO] leag-t0 ep7 step36 cmd(pl=-0.0001 vl=1237915.3125 ent=2.2869) rad(pl=-0.0003 vl=9446972.3333 ent=324.3411)
      [PPO] leag-t0 ep7 step78 cmd(pl=-0.0001 vl=1467143.6458 ent=2.2877) rad(pl=-0.0001 vl=9561420.1667 ent=324.3557)
      [PPO] leag-t0 ep7 step120 cmd(pl=-0.0000 vl=1363542.7500 ent=2.2878) rad(pl=-0.0003 vl=9472948.1667 ent=324.3678)
      [PPO] leag-t0 ep7 step162 cmd(pl=-0.0001 vl=1406808.6875 ent=2.2857) rad(pl=0.0004 vl=9481771.1667 ent=324.3791)
      [PPO] leag-t0 ep7 step204 cmd(pl=-0.0001 vl=1471733.5417 ent=2.2865) rad(pl=-0.0003 vl=9519941.5000 ent=324.3927)
      [PPO] leag-t0 ep7 step246 cmd(pl=0.0000 vl=1419170.7292 ent=2.2851) rad(pl=0.0003 vl=9503296.5000 ent=324.4108)
      [PPO] leag-t0 ep7 step288 cmd(pl=-0.0001 vl=1218375.7292 ent=2.2848) rad(pl=0.0007 vl=9409075.0000 ent=324.4317)
      [PPO] leag-t0 ep7 step330 cmd(pl=-0.0001 vl=1182389.1875 ent=2.2825) rad(pl=-0.0007 vl=9381069.6667 ent=324.4549)
      [PPO] leag-t0 ep7 step372 cmd(pl=-0.0001 vl=1321357.2917 ent=2.2841) rad(pl=-0.0007 vl=9384880.6667 ent=324.4776)
      [PPO] leag-t0 ep7 step414 cmd(pl=-0.0002 vl=1214895.6458 ent=2.2844) rad(pl=-0.0000 vl=9263245.5000 ent=324.4991)
      [PPO] leag-t0 ep7 step456 cmd(pl=-0.0001 vl=1300418.5833 ent=2.2831) rad(pl=0.0003 vl=9271795.6667 ent=324.5186)
      [PPO] leag-t0 ep7 step498 cmd(pl=-0.0000 vl=1386553.5000 ent=2.2851) rad(pl=0.0003 vl=9282753.3333 ent=324.5350)
    ep 8/10  steps=500 timeout  wr=0.00  avg_r=19971.1067
      [PPO] leag-t0 ep8 step41 cmd(pl=0.0000 vl=1267619.1458 ent=2.2836) rad(pl=-0.0008 vl=9286858.5000 ent=324.5520)
      [PPO] leag-t0 ep8 step83 cmd(pl=-0.0001 vl=1285378.4167 ent=2.2829) rad(pl=-0.0001 vl=9305179.5000 ent=324.5722)
      [PPO] leag-t0 ep8 step125 cmd(pl=-0.0001 vl=1381538.7708 ent=2.2863) rad(pl=0.0004 vl=9332452.8333 ent=324.5935)
      [PPO] leag-t0 ep8 step167 cmd(pl=-0.0001 vl=1338332.0000 ent=2.2828) rad(pl=-0.0002 vl=9322792.1667 ent=324.6143)
      [PPO] leag-t0 ep8 step209 cmd(pl=0.0000 vl=1258418.8750 ent=2.2837) rad(pl=0.0010 vl=9257949.5000 ent=324.6361)
      [PPO] leag-t0 ep8 step251 cmd(pl=-0.0000 vl=1352838.1042 ent=2.2901) rad(pl=0.0019 vl=9296720.5000 ent=324.6577)
      [PPO] leag-t0 ep8 step293 cmd(pl=-0.0001 vl=1112958.6458 ent=2.2878) rad(pl=-0.0002 vl=9186661.0000 ent=324.6792)
      [PPO] leag-t0 ep8 step335 cmd(pl=-0.0000 vl=1221882.4375 ent=2.2857) rad(pl=-0.0012 vl=9200688.8333 ent=324.7020)
      [PPO] leag-t0 ep8 step377 cmd(pl=-0.0000 vl=1392923.4375 ent=2.2875) rad(pl=0.0002 vl=9265296.8333 ent=324.7285)
      [PPO] leag-t0 ep8 step419 cmd(pl=-0.0000 vl=1207209.1875 ent=2.2862) rad(pl=0.0000 vl=9159821.5000 ent=324.7550)
      [PPO] leag-t0 ep8 step461 cmd(pl=-0.0001 vl=1370822.8750 ent=2.2879) rad(pl=0.0013 vl=9217638.5000 ent=324.7801)
    ep 9/10  steps=500 timeout  wr=0.00  avg_r=19964.7309
      [PPO] leag-t0 ep9 step4 cmd(pl=-0.0001 vl=1166032.5833 ent=2.2879) rad(pl=0.0002 vl=9114722.6667 ent=324.8044)
      [PPO] leag-t0 ep9 step46 cmd(pl=-0.0000 vl=1273084.4583 ent=2.2875) rad(pl=0.0003 vl=9451336.3333 ent=324.8285)
      [PPO] leag-t0 ep9 step88 cmd(pl=-0.0000 vl=1314916.3750 ent=2.2882) rad(pl=-0.0005 vl=9463183.0000 ent=324.8521)
      [PPO] leag-t0 ep9 step130 cmd(pl=-0.0001 vl=1344628.0625 ent=2.2887) rad(pl=0.0021 vl=9476482.0000 ent=324.8766)
      [PPO] leag-t0 ep9 step172 cmd(pl=-0.0001 vl=1120528.4375 ent=2.2849) rad(pl=0.0009 vl=9372466.8333 ent=324.9066)
      [PPO] leag-t0 ep9 step214 cmd(pl=-0.0001 vl=1383615.3125 ent=2.2874) rad(pl=-0.0006 vl=9460706.6667 ent=324.9358)
      [PPO] leag-t0 ep9 step256 cmd(pl=-0.0001 vl=1318154.1458 ent=2.2846) rad(pl=0.0017 vl=9444942.0000 ent=324.9622)
      [PPO] leag-t0 ep9 step298 cmd(pl=-0.0002 vl=1283860.5625 ent=2.2835) rad(pl=0.0028 vl=9438727.5000 ent=324.9881)
      [PPO] leag-t0 ep9 step340 cmd(pl=0.0000 vl=1169345.4167 ent=2.2861) rad(pl=0.0022 vl=9390289.5000 ent=325.0191)
      [PPO] leag-t0 ep9 step382 cmd(pl=-0.0001 vl=1321092.9375 ent=2.2866) rad(pl=-0.0003 vl=9452223.1667 ent=325.0503)
      [PPO] leag-t0 ep9 step424 cmd(pl=-0.0001 vl=1245537.8333 ent=2.2859) rad(pl=0.0000 vl=9411467.3333 ent=325.0792)
      [PPO] leag-t0 ep9 step466 cmd(pl=-0.0002 vl=1204968.7083 ent=2.2849) rad(pl=0.0014 vl=9399666.1667 ent=325.1103)
    ep 10/10  steps=500 timeout  wr=0.00  avg_r=19978.1082
    ── ep 10/10  wr=0.00  avg_r=19978.1082
  Training main (team 1, p0003) against p0000...
      [PPO] main-t1 ep0 step43 cmd(pl=0.0253 vl=2182504.6667 ent=2.2309) rad(pl=0.9825 vl=12384389.5000 ent=322.4332)
      [PPO] main-t1 ep0 step85 cmd(pl=0.0027 vl=2438442.4167 ent=2.1972) rad(pl=0.9824 vl=12470649.0000 ent=322.5072)
      [PPO] main-t1 ep0 step127 cmd(pl=-0.0027 vl=2364252.1667 ent=2.1896) rad(pl=0.6652 vl=12403469.0000 ent=322.6167)
      [PPO] main-t1 ep0 step169 cmd(pl=0.0019 vl=2257240.2917 ent=2.1907) rad(pl=0.6796 vl=12337176.5000 ent=322.7980)
      [PPO] main-t1 ep0 step211 cmd(pl=0.0031 vl=2361097.7500 ent=2.2068) rad(pl=0.8786 vl=12343762.3333 ent=322.9025)
      [PPO] main-t1 ep0 step253 cmd(pl=0.0072 vl=2348413.4583 ent=2.2284) rad(pl=0.6692 vl=12316751.6667 ent=322.9507)
      [PPO] main-t1 ep0 step295 cmd(pl=-0.0027 vl=2489571.0417 ent=2.2456) rad(pl=0.4743 vl=12364461.5000 ent=322.9922)
      [PPO] main-t1 ep0 step337 cmd(pl=-0.0016 vl=2207381.3750 ent=2.2452) rad(pl=0.5793 vl=12199519.8333 ent=323.0443)
      [PPO] main-t1 ep0 step379 cmd(pl=0.0046 vl=2452574.8750 ent=2.2395) rad(pl=0.6381 vl=12295266.1667 ent=323.1396)
      [PPO] main-t1 ep0 step421 cmd(pl=0.0072 vl=2269475.4583 ent=2.2333) rad(pl=0.4501 vl=12205517.3333 ent=323.2570)
      [PPO] main-t1 ep0 step463 cmd(pl=0.0019 vl=2462234.6667 ent=2.2260) rad(pl=0.5934 vl=12255585.1667 ent=323.3534)
    ep 1/10  steps=500 timeout  wr=0.00  avg_r=20834.7514
      [PPO] main-t1 ep1 step6 cmd(pl=0.0045 vl=2248526.5833 ent=2.2128) rad(pl=0.4684 vl=12046303.6667 ent=323.4355)
      [PPO] main-t1 ep1 step48 cmd(pl=0.0021 vl=2130881.1458 ent=2.2114) rad(pl=0.4774 vl=11874734.3333 ent=323.5039)
      [PPO] main-t1 ep1 step90 cmd(pl=-0.0017 vl=2219662.5000 ent=2.2105) rad(pl=0.4118 vl=11874673.3333 ent=323.5562)
      [PPO] main-t1 ep1 step132 cmd(pl=-0.0001 vl=2187706.9167 ent=2.2100) rad(pl=0.3862 vl=11841972.0000 ent=323.5985)
      [PPO] main-t1 ep1 step174 cmd(pl=-0.0069 vl=2324655.2917 ent=2.2102) rad(pl=0.3614 vl=11865263.6667 ent=323.6387)
      [PPO] main-t1 ep1 step216 cmd(pl=0.0008 vl=2355750.2083 ent=2.2022) rad(pl=0.4553 vl=11857307.3333 ent=323.6786)
      [PPO] main-t1 ep1 step258 cmd(pl=-0.0037 vl=2382491.2917 ent=2.2012) rad(pl=0.3429 vl=11830933.6667 ent=323.7231)
      [PPO] main-t1 ep1 step300 cmd(pl=0.0057 vl=2278482.3750 ent=2.1993) rad(pl=0.3986 vl=11764588.1667 ent=323.7568)
      [PPO] main-t1 ep1 step342 cmd(pl=-0.0096 vl=2208045.9167 ent=2.2022) rad(pl=0.3987 vl=11704953.3333 ent=323.7877)
      [PPO] main-t1 ep1 step384 cmd(pl=0.0071 vl=2192413.8750 ent=2.2070) rad(pl=0.3670 vl=11659014.3333 ent=323.8192)
      [PPO] main-t1 ep1 step426 cmd(pl=0.0043 vl=2136224.6250 ent=2.2091) rad(pl=0.3591 vl=11617630.1667 ent=323.8452)
      [PPO] main-t1 ep1 step468 cmd(pl=-0.0003 vl=2073540.1875 ent=2.2109) rad(pl=0.3834 vl=11561482.8333 ent=323.8672)
    ep 2/10  steps=500 timeout  wr=0.00  avg_r=20933.5786
      [PPO] main-t1 ep2 step11 cmd(pl=-0.0006 vl=2084256.6458 ent=2.2114) rad(pl=0.4065 vl=11425695.8333 ent=323.8922)
      [PPO] main-t1 ep2 step53 cmd(pl=0.0007 vl=2392550.4167 ent=2.2104) rad(pl=0.3816 vl=11851583.1667 ent=323.9284)
      [PPO] main-t1 ep2 step95 cmd(pl=-0.0045 vl=2266483.9583 ent=2.2133) rad(pl=0.3290 vl=11772875.3333 ent=323.9677)
      [PPO] main-t1 ep2 step137 cmd(pl=0.0003 vl=2112823.3958 ent=2.2148) rad(pl=0.3184 vl=11693700.1667 ent=324.0037)
      [PPO] main-t1 ep2 step179 cmd(pl=0.0037 vl=2138576.0000 ent=2.2175) rad(pl=0.3485 vl=11701609.5000 ent=324.0376)
      [PPO] main-t1 ep2 step221 cmd(pl=0.0005 vl=2284836.0417 ent=2.2195) rad(pl=0.3705 vl=11733956.3333 ent=324.0801)
      [PPO] main-t1 ep2 step263 cmd(pl=-0.0029 vl=2116673.5417 ent=2.2209) rad(pl=0.3269 vl=11649312.8333 ent=324.1273)
      [PPO] main-t1 ep2 step305 cmd(pl=0.0031 vl=2107553.2500 ent=2.2211) rad(pl=0.3212 vl=11616964.5000 ent=324.1692)
      [PPO] main-t1 ep2 step347 cmd(pl=0.0055 vl=2212140.5417 ent=2.2207) rad(pl=0.3582 vl=11661840.1667 ent=324.2051)
      [PPO] main-t1 ep2 step389 cmd(pl=0.0065 vl=2164116.8542 ent=2.2218) rad(pl=0.3057 vl=11619439.8333 ent=324.2407)
      [PPO] main-t1 ep2 step431 cmd(pl=0.0019 vl=2039254.3333 ent=2.2226) rad(pl=0.3585 vl=11571527.1667 ent=324.2700)
      [PPO] main-t1 ep2 step473 cmd(pl=-0.0043 vl=2111835.0000 ent=2.2231) rad(pl=0.3045 vl=11565914.1667 ent=324.3030)
    ep 3/10  steps=500 timeout  wr=0.00  avg_r=20974.7991
  Training main (team 1, p0003) against p0007...
      [PPO] main-t1 ep0 step16 cmd(pl=0.0079 vl=2141765.6458 ent=2.2250) rad(pl=0.3150 vl=11297574.3333 ent=324.3306)
      [PPO] main-t1 ep0 step58 cmd(pl=0.0170 vl=2341722.4583 ent=2.2259) rad(pl=0.2542 vl=11010726.6667 ent=324.3650)
      [PPO] main-t1 ep0 step100 cmd(pl=0.0426 vl=2148949.8333 ent=2.2246) rad(pl=0.2925 vl=10915111.8333 ent=324.3917)
      [PPO] main-t1 ep0 step142 cmd(pl=0.0106 vl=2244136.1667 ent=2.2244) rad(pl=0.3196 vl=10962391.1667 ent=324.4235)
      [PPO] main-t1 ep0 step184 cmd(pl=0.0378 vl=2231797.1667 ent=2.2234) rad(pl=0.3333 vl=10935369.5000 ent=324.4674)
      [PPO] main-t1 ep0 step226 cmd(pl=0.0315 vl=2158831.2917 ent=2.2211) rad(pl=0.2968 vl=10897270.1667 ent=324.5140)
      [PPO] main-t1 ep0 step268 cmd(pl=0.0299 vl=2183126.3750 ent=2.2195) rad(pl=0.3916 vl=10876763.8333 ent=324.5632)
      [PPO] main-t1 ep0 step310 cmd(pl=0.0138 vl=2178012.9167 ent=2.2169) rad(pl=0.3097 vl=10868651.8333 ent=324.6257)
      [PPO] main-t1 ep0 step352 cmd(pl=0.0181 vl=2032094.6875 ent=2.2162) rad(pl=0.2601 vl=10807710.0000 ent=324.6793)
      [PPO] main-t1 ep0 step394 cmd(pl=0.0045 vl=2047043.3750 ent=2.2148) rad(pl=0.2928 vl=10790590.3333 ent=324.7154)
      [PPO] main-t1 ep0 step436 cmd(pl=0.0117 vl=2186177.1250 ent=2.2133) rad(pl=0.2664 vl=10848734.3333 ent=324.7413)
      [PPO] main-t1 ep0 step478 cmd(pl=0.0095 vl=2141525.1250 ent=2.2130) rad(pl=0.3026 vl=10831354.3333 ent=324.7571)
    ep 1/10  steps=500 timeout  wr=0.00  avg_r=21345.2141
      [PPO] main-t1 ep1 step21 cmd(pl=0.0082 vl=1927318.1875 ent=2.2134) rad(pl=0.2668 vl=10547272.6667 ent=324.7770)
      [PPO] main-t1 ep1 step63 cmd(pl=-0.0124 vl=1998482.2292 ent=2.2141) rad(pl=0.3813 vl=10261838.5000 ent=324.8032)
      [PPO] main-t1 ep1 step105 cmd(pl=0.0137 vl=1840041.2500 ent=2.2131) rad(pl=0.3092 vl=10194483.6667 ent=324.8330)
      [PPO] main-t1 ep1 step147 cmd(pl=0.0045 vl=1939111.7083 ent=2.2126) rad(pl=0.3397 vl=10228723.3333 ent=324.8561)
      [PPO] main-t1 ep1 step189 cmd(pl=0.0180 vl=1848524.2083 ent=2.2114) rad(pl=0.3022 vl=10146684.0000 ent=324.8794)
      [PPO] main-t1 ep1 step231 cmd(pl=0.0008 vl=1726204.6042 ent=2.2107) rad(pl=0.2838 vl=10111992.1667 ent=324.8969)
      [PPO] main-t1 ep1 step273 cmd(pl=0.0077 vl=1894756.3125 ent=2.2093) rad(pl=0.3079 vl=10146736.0000 ent=324.9084)
      [PPO] main-t1 ep1 step315 cmd(pl=0.0080 vl=1642632.1250 ent=2.2085) rad(pl=0.3234 vl=10046576.3333 ent=324.9193)
      [PPO] main-t1 ep1 step357 cmd(pl=0.0035 vl=1912416.9375 ent=2.2082) rad(pl=0.3391 vl=10153549.5000 ent=324.9351)
      [PPO] main-t1 ep1 step399 cmd(pl=0.0109 vl=1689709.3333 ent=2.2078) rad(pl=0.3409 vl=10044654.3333 ent=324.9551)
      [PPO] main-t1 ep1 step441 cmd(pl=-0.0017 vl=1590694.2708 ent=2.2077) rad(pl=0.2919 vl=9980020.6667 ent=324.9751)
      [PPO] main-t1 ep1 step483 cmd(pl=0.0035 vl=1661911.0625 ent=2.2071) rad(pl=0.3262 vl=9996474.0000 ent=324.9868)
    ep 2/10  steps=500 timeout  wr=0.00  avg_r=21349.7949
      [PPO] main-t1 ep2 step26 cmd(pl=0.0044 vl=1755417.8125 ent=2.2030) rad(pl=0.2310 vl=10346460.5000 ent=324.9988)
      [PPO] main-t1 ep2 step68 cmd(pl=-0.0029 vl=1714539.5208 ent=2.2005) rad(pl=0.2676 vl=10374378.3333 ent=325.0073)
      [PPO] main-t1 ep2 step110 cmd(pl=-0.0004 vl=1717884.8542 ent=2.1996) rad(pl=0.2954 vl=10367800.5000 ent=325.0078)
      [PPO] main-t1 ep2 step152 cmd(pl=0.0007 vl=1604952.0000 ent=2.2001) rad(pl=0.2669 vl=10310760.5000 ent=325.0063)
      [PPO] main-t1 ep2 step194 cmd(pl=0.0005 vl=1538785.5000 ent=2.1997) rad(pl=0.2819 vl=10266839.0000 ent=325.0028)
      [PPO] main-t1 ep2 step236 cmd(pl=-0.0008 vl=1521095.0417 ent=2.1994) rad(pl=0.2525 vl=10266336.6667 ent=324.9979)
      [PPO] main-t1 ep2 step278 cmd(pl=-0.0036 vl=1613194.0417 ent=2.1990) rad(pl=0.2686 vl=10285062.8333 ent=324.9885)
      [PPO] main-t1 ep2 step320 cmd(pl=0.0053 vl=1624895.1250 ent=2.1979) rad(pl=0.3307 vl=10303285.5000 ent=324.9818)
      [PPO] main-t1 ep2 step362 cmd(pl=0.0029 vl=1412022.0208 ent=2.1982) rad(pl=0.2668 vl=10183993.3333 ent=324.9880)
      [PPO] main-t1 ep2 step404 cmd(pl=-0.0033 vl=1339863.2500 ent=2.1976) rad(pl=0.2825 vl=10137000.8333 ent=324.9875)
      [PPO] main-t1 ep2 step446 cmd(pl=0.0017 vl=1436827.2083 ent=2.1973) rad(pl=0.2657 vl=10201945.8333 ent=324.9852)
      [PPO] main-t1 ep2 step488 cmd(pl=-0.0027 vl=1391436.5000 ent=2.1971) rad(pl=0.2711 vl=10175980.5000 ent=324.9789)
    ep 3/10  steps=500 timeout  wr=0.00  avg_r=21313.2115
  Training main (team 1, p0003) against self...
      [PPO] main-t1 ep0 step31 cmd(pl=0.0015 vl=1537585.6875 ent=2.1993) rad(pl=0.0161 vl=10222601.5000 ent=324.9659)
      [PPO] main-t1 ep0 step73 cmd(pl=-0.0001 vl=1664900.1667 ent=2.1999) rad(pl=-0.0005 vl=10189212.5000 ent=324.9476)
      [PPO] main-t1 ep0 step115 cmd(pl=0.0000 vl=1734209.6667 ent=2.2003) rad(pl=0.0006 vl=10179003.3333 ent=324.9401)
      [PPO] main-t1 ep0 step157 cmd(pl=-0.0000 vl=1754756.1875 ent=2.2009) rad(pl=-0.0007 vl=10237299.3333 ent=324.9427)
      [PPO] main-t1 ep0 step199 cmd(pl=-0.0001 vl=1750986.4792 ent=2.2003) rad(pl=0.0004 vl=10327996.1667 ent=324.9512)
      [PPO] main-t1 ep0 step241 cmd(pl=-0.0001 vl=1621745.3958 ent=2.2001) rad(pl=-0.0009 vl=10354287.6667 ent=324.9635)
      [PPO] main-t1 ep0 step283 cmd(pl=-0.0001 vl=1553590.5000 ent=2.2002) rad(pl=-0.0004 vl=10314150.6667 ent=324.9759)
      [PPO] main-t1 ep0 step325 cmd(pl=-0.0000 vl=1653411.2708 ent=2.2003) rad(pl=-0.0005 vl=10293833.0000 ent=324.9894)
      [PPO] main-t1 ep0 step367 cmd(pl=-0.0001 vl=1698873.0000 ent=2.2005) rad(pl=0.0004 vl=10320776.8333 ent=325.0066)
      [PPO] main-t1 ep0 step409 cmd(pl=-0.0000 vl=1637589.2292 ent=2.2010) rad(pl=-0.0002 vl=10325298.5000 ent=325.0260)
      [PPO] main-t1 ep0 step451 cmd(pl=0.0000 vl=1545783.2917 ent=2.2020) rad(pl=-0.0006 vl=10261237.5000 ent=325.0433)
      [PPO] main-t1 ep0 step493 cmd(pl=-0.0000 vl=1779404.8958 ent=2.2016) rad(pl=-0.0007 vl=10299551.1667 ent=325.0572)
    ep 1/10  steps=500 timeout  wr=0.00  avg_r=21416.2693
      [PPO] main-t1 ep1 step36 cmd(pl=-0.0000 vl=1636943.3333 ent=2.2008) rad(pl=-0.0001 vl=10067966.3333 ent=325.0779)
      [PPO] main-t1 ep1 step78 cmd(pl=-0.0001 vl=1581209.3542 ent=2.2002) rad(pl=-0.0001 vl=10111784.0000 ent=325.0948)
      [PPO] main-t1 ep1 step120 cmd(pl=0.0000 vl=1669808.7083 ent=2.2015) rad(pl=-0.0003 vl=10162103.1667 ent=325.1121)
      [PPO] main-t1 ep1 step162 cmd(pl=-0.0000 vl=1547788.3333 ent=2.2006) rad(pl=-0.0005 vl=10070991.5000 ent=325.1270)
      [PPO] main-t1 ep1 step204 cmd(pl=-0.0000 vl=1569133.4167 ent=2.2006) rad(pl=-0.0008 vl=9897969.5000 ent=325.1384)
      [PPO] main-t1 ep1 step246 cmd(pl=-0.0000 vl=1515306.0417 ent=2.2017) rad(pl=-0.0005 vl=9665364.0000 ent=325.1471)
      [PPO] main-t1 ep1 step288 cmd(pl=-0.0000 vl=1614246.1667 ent=2.2019) rad(pl=-0.0003 vl=9463638.8333 ent=325.1556)
      [PPO] main-t1 ep1 step330 cmd(pl=-0.0001 vl=1616826.0417 ent=2.2034) rad(pl=0.0001 vl=9310010.1667 ent=325.1658)
      [PPO] main-t1 ep1 step372 cmd(pl=-0.0002 vl=1552795.1667 ent=2.2020) rad(pl=-0.0001 vl=9139040.6667 ent=325.1771)
      [PPO] main-t1 ep1 step414 cmd(pl=-0.0001 vl=1592666.4583 ent=2.2041) rad(pl=-0.0005 vl=8999952.1667 ent=325.1904)
      [PPO] main-t1 ep1 step456 cmd(pl=-0.0001 vl=1540920.6875 ent=2.2046) rad(pl=0.0000 vl=8877705.8333 ent=325.2066)
      [PPO] main-t1 ep1 step498 cmd(pl=-0.0000 vl=1443310.4375 ent=2.2044) rad(pl=-0.0012 vl=8732484.3333 ent=325.2244)
    ep 2/10  steps=500 timeout  wr=0.00  avg_r=21368.0449
      [PPO] main-t1 ep2 step41 cmd(pl=-0.0001 vl=1437272.8750 ent=2.2065) rad(pl=-0.0004 vl=9336055.5000 ent=325.2434)
      [PPO] main-t1 ep2 step83 cmd(pl=-0.0001 vl=1392108.4167 ent=2.2077) rad(pl=0.0006 vl=9726245.6667 ent=325.2595)
      [PPO] main-t1 ep2 step125 cmd(pl=-0.0000 vl=1415590.9375 ent=2.2070) rad(pl=-0.0002 vl=9885111.8333 ent=325.2741)
      [PPO] main-t1 ep2 step167 cmd(pl=-0.0000 vl=1396814.2500 ent=2.2076) rad(pl=-0.0003 vl=9884666.5000 ent=325.2879)
      [PPO] main-t1 ep2 step209 cmd(pl=-0.0000 vl=1444678.0833 ent=2.2073) rad(pl=-0.0004 vl=9835550.6667 ent=325.3030)
      [PPO] main-t1 ep2 step251 cmd(pl=0.0000 vl=1566848.5417 ent=2.2075) rad(pl=-0.0003 vl=9864025.6667 ent=325.3182)
      [PPO] main-t1 ep2 step293 cmd(pl=-0.0000 vl=1544205.3750 ent=2.2071) rad(pl=-0.0006 vl=9861507.3333 ent=325.3300)
      [PPO] main-t1 ep2 step335 cmd(pl=-0.0001 vl=1508178.3750 ent=2.2070) rad(pl=-0.0002 vl=9793508.6667 ent=325.3393)
      [PPO] main-t1 ep2 step377 cmd(pl=-0.0001 vl=1271491.6458 ent=2.2067) rad(pl=-0.0010 vl=9624092.6667 ent=325.3467)
      [PPO] main-t1 ep2 step419 cmd(pl=-0.0000 vl=1409473.8750 ent=2.2061) rad(pl=-0.0003 vl=9488826.3333 ent=325.3540)
      [PPO] main-t1 ep2 step461 cmd(pl=0.0000 vl=1511962.8750 ent=2.2063) rad(pl=-0.0003 vl=9463705.5000 ent=325.3644)
    ep 3/10  steps=500 timeout  wr=0.00  avg_r=21251.1832
  Training main_exploiter (team 1, p0004) against p0006...
      [PPO] main-t1 ep0 step43 cmd(pl=0.0435 vl=2431490.8750 ent=2.2568) rad(pl=0.5672 vl=15390882.3333 ent=321.7719)
      [PPO] main-t1 ep0 step85 cmd(pl=-0.0071 vl=2436402.2083 ent=2.2004) rad(pl=0.6072 vl=15335114.8333 ent=322.5257)
      [PPO] main-t1 ep0 step127 cmd(pl=0.0052 vl=2423551.9167 ent=2.1671) rad(pl=0.4955 vl=15298725.1667 ent=322.9345)
      [PPO] main-t1 ep0 step169 cmd(pl=0.0030 vl=2222794.8750 ent=2.1629) rad(pl=0.5479 vl=15163872.1667 ent=323.0040)
      [PPO] main-t1 ep0 step211 cmd(pl=-0.0072 vl=2345209.8333 ent=2.1690) rad(pl=0.3472 vl=15186578.1667 ent=323.0087)
      [PPO] main-t1 ep0 step253 cmd(pl=-0.0126 vl=2289617.7917 ent=2.1765) rad(pl=0.4774 vl=15132317.1667 ent=323.0105)
      [PPO] main-t1 ep0 step295 cmd(pl=-0.0069 vl=2298192.2917 ent=2.1888) rad(pl=0.3878 vl=15102813.8333 ent=323.0452)
      [PPO] main-t1 ep0 step337 cmd(pl=0.0112 vl=2348702.4583 ent=2.1969) rad(pl=0.3631 vl=15084712.1667 ent=323.0968)
      [PPO] main-t1 ep0 step379 cmd(pl=-0.0101 vl=2348001.0000 ent=2.2012) rad(pl=0.3430 vl=15095485.8333 ent=323.1545)
      [PPO] main-t1 ep0 step421 cmd(pl=-0.0053 vl=2453569.0417 ent=2.2001) rad(pl=0.2839 vl=15091931.8333 ent=323.2079)
      [PPO] main-t1 ep0 step463 cmd(pl=0.0051 vl=2401082.9167 ent=2.1994) rad(pl=0.5173 vl=15039656.8333 ent=323.2530)
    ep 1/10  steps=500 timeout  wr=0.00  avg_r=21067.7980
      [PPO] main-t1 ep1 step6 cmd(pl=-0.0034 vl=2333690.6667 ent=2.1984) rad(pl=0.3750 vl=14843675.8333 ent=323.3160)
      [PPO] main-t1 ep1 step48 cmd(pl=-0.0002 vl=2189841.9583 ent=2.1994) rad(pl=0.3065 vl=14818767.6667 ent=323.3721)
      [PPO] main-t1 ep1 step90 cmd(pl=0.0030 vl=2162841.4583 ent=2.1966) rad(pl=0.3657 vl=14787879.5000 ent=323.4159)
      [PPO] main-t1 ep1 step132 cmd(pl=-0.0051 vl=2349183.3750 ent=2.1959) rad(pl=0.2868 vl=14866548.3333 ent=323.4555)
      [PPO] main-t1 ep1 step174 cmd(pl=0.0036 vl=2288052.1250 ent=2.1997) rad(pl=0.3071 vl=14813280.5000 ent=323.4831)
      [PPO] main-t1 ep1 step216 cmd(pl=0.0014 vl=2382776.7500 ent=2.2034) rad(pl=0.3024 vl=14848204.3333 ent=323.5061)
      [PPO] main-t1 ep1 step258 cmd(pl=0.0050 vl=2276726.4167 ent=2.2063) rad(pl=0.3471 vl=14753870.8333 ent=323.5244)
      [PPO] main-t1 ep1 step300 cmd(pl=-0.0019 vl=2341614.7917 ent=2.2080) rad(pl=0.3051 vl=14773100.5000 ent=323.5530)
      [PPO] main-t1 ep1 step342 cmd(pl=-0.0032 vl=2529944.6250 ent=2.2088) rad(pl=0.3699 vl=14839447.0000 ent=323.5914)
      [PPO] main-t1 ep1 step384 cmd(pl=-0.0032 vl=2311550.8750 ent=2.2093) rad(pl=0.3349 vl=14727783.6667 ent=323.6492)
      [PPO] main-t1 ep1 step426 cmd(pl=-0.0056 vl=2284999.0417 ent=2.2094) rad(pl=0.3762 vl=14661425.8333 ent=323.7028)
      [PPO] main-t1 ep1 step468 cmd(pl=-0.0027 vl=2206575.5417 ent=2.2077) rad(pl=0.2999 vl=14600742.1667 ent=323.7531)
    ep 2/10  steps=500 timeout  wr=0.00  avg_r=21160.8041
      [PPO] main-t1 ep2 step11 cmd(pl=-0.0084 vl=2297534.9167 ent=2.2048) rad(pl=0.3135 vl=14840961.3333 ent=323.7920)
      [PPO] main-t1 ep2 step53 cmd(pl=0.0016 vl=2257946.9167 ent=2.2004) rad(pl=0.3396 vl=14659760.6667 ent=323.8244)
      [PPO] main-t1 ep2 step95 cmd(pl=-0.0006 vl=2165929.8333 ent=2.1968) rad(pl=0.3186 vl=14595879.1667 ent=323.8552)
      [PPO] main-t1 ep2 step137 cmd(pl=-0.0011 vl=2287495.7917 ent=2.1928) rad(pl=0.4017 vl=14643170.8333 ent=323.8890)
      [PPO] main-t1 ep2 step179 cmd(pl=-0.0097 vl=2128527.2292 ent=2.1910) rad(pl=0.3409 vl=14546207.1667 ent=323.9441)
      [PPO] main-t1 ep2 step221 cmd(pl=-0.0027 vl=2031679.6042 ent=2.1900) rad(pl=0.3562 vl=14482993.0000 ent=323.9931)
      [PPO] main-t1 ep2 step263 cmd(pl=-0.0053 vl=2049487.3125 ent=2.1902) rad(pl=0.3728 vl=14457556.3333 ent=324.0340)
      [PPO] main-t1 ep2 step305 cmd(pl=0.0015 vl=2127497.3958 ent=2.1894) rad(pl=0.7935 vl=14499031.0000 ent=324.1182)
      [PPO] main-t1 ep2 step347 cmd(pl=-0.0068 vl=2113640.1875 ent=2.1884) rad(pl=0.3467 vl=14472058.1667 ent=324.2887)
      [PPO] main-t1 ep2 step389 cmd(pl=-0.0001 vl=2251281.8333 ent=2.1885) rad(pl=0.4315 vl=14526841.1667 ent=324.3939)
      [PPO] main-t1 ep2 step431 cmd(pl=-0.0093 vl=2100585.7292 ent=2.1893) rad(pl=0.3392 vl=14435179.6667 ent=324.4740)
      [PPO] main-t1 ep2 step473 cmd(pl=-0.0074 vl=2253104.0000 ent=2.1884) rad(pl=0.3302 vl=14489977.1667 ent=324.5275)
    ep 3/10  steps=500 timeout  wr=0.00  avg_r=21091.5283
      [PPO] main-t1 ep3 step16 cmd(pl=0.0015 vl=2131777.2917 ent=2.1885) rad(pl=0.3680 vl=14498240.3333 ent=324.5600)
      [PPO] main-t1 ep3 step58 cmd(pl=-0.0023 vl=2189512.8333 ent=2.1888) rad(pl=0.3816 vl=14746415.6667 ent=324.5846)
      [PPO] main-t1 ep3 step100 cmd(pl=0.0011 vl=2389427.1250 ent=2.1901) rad(pl=0.3351 vl=14817925.0000 ent=324.6054)
      [PPO] main-t1 ep3 step142 cmd(pl=-0.0026 vl=2162744.1250 ent=2.1899) rad(pl=0.3506 vl=14675762.1667 ent=324.6200)
      [PPO] main-t1 ep3 step184 cmd(pl=0.0061 vl=2214390.4583 ent=2.1906) rad(pl=0.3352 vl=14684889.6667 ent=324.6319)
      [PPO] main-t1 ep3 step226 cmd(pl=-0.0044 vl=2026973.9583 ent=2.1912) rad(pl=0.3316 vl=14575125.0000 ent=324.6399)
      [PPO] main-t1 ep3 step268 cmd(pl=-0.0014 vl=2104966.4792 ent=2.1905) rad(pl=0.3557 vl=14596200.8333 ent=324.6440)
      [PPO] main-t1 ep3 step310 cmd(pl=0.0003 vl=2131597.2083 ent=2.1913) rad(pl=0.4002 vl=14596418.1667 ent=324.6526)
      [PPO] main-t1 ep3 step352 cmd(pl=0.0014 vl=1964097.9583 ent=2.1916) rad(pl=0.3560 vl=14490968.8333 ent=324.6688)
      [PPO] main-t1 ep3 step394 cmd(pl=-0.0008 vl=2141744.2708 ent=2.1926) rad(pl=0.3440 vl=14545375.5000 ent=324.6826)
      [PPO] main-t1 ep3 step436 cmd(pl=-0.0050 vl=2116208.1667 ent=2.1918) rad(pl=0.3624 vl=14518609.1667 ent=324.6932)
      [PPO] main-t1 ep3 step478 cmd(pl=-0.0003 vl=2077496.1042 ent=2.1914) rad(pl=0.3305 vl=14492953.0000 ent=324.7039)
    ep 4/10  steps=500 timeout  wr=0.00  avg_r=21142.8641
      [PPO] main-t1 ep4 step21 cmd(pl=-0.0012 vl=1867135.0208 ent=2.1919) rad(pl=0.3611 vl=14164100.8333 ent=324.7120)
      [PPO] main-t1 ep4 step63 cmd(pl=0.0019 vl=1806446.9792 ent=2.1932) rad(pl=0.3444 vl=14130791.6667 ent=324.7210)
      [PPO] main-t1 ep4 step105 cmd(pl=0.0037 vl=1769674.8750 ent=2.1929) rad(pl=0.3563 vl=14092760.3333 ent=324.7271)
      [PPO] main-t1 ep4 step147 cmd(pl=0.0045 vl=1758861.4792 ent=2.1933) rad(pl=0.3593 vl=14092429.5000 ent=324.7315)
      [PPO] main-t1 ep4 step189 cmd(pl=0.0011 vl=1668423.9792 ent=2.1935) rad(pl=0.4145 vl=14042846.5000 ent=324.7411)
      [PPO] main-t1 ep4 step231 cmd(pl=-0.0066 vl=1567604.9375 ent=2.1941) rad(pl=0.3667 vl=13946384.6667 ent=324.7598)
      [PPO] main-t1 ep4 step273 cmd(pl=-0.0042 vl=1653333.9583 ent=2.1950) rad(pl=0.3492 vl=13985157.6667 ent=324.7765)
      [PPO] main-t1 ep4 step315 cmd(pl=0.0007 vl=1655101.8333 ent=2.1952) rad(pl=0.3455 vl=13981609.1667 ent=324.7889)
      [PPO] main-t1 ep4 step357 cmd(pl=0.0006 vl=1484339.4792 ent=2.1954) rad(pl=0.4023 vl=13878942.0000 ent=324.7982)
      [PPO] main-t1 ep4 step399 cmd(pl=0.0020 vl=1555584.0833 ent=2.1952) rad(pl=0.3558 vl=13906122.5000 ent=324.8109)
    ep 5/10  steps=426 kill  wr=0.20  avg_r=20497.8544
    ── ep 5/10  wr=0.20  avg_r=20497.8544
      [PPO] main-t1 ep5 step16 cmd(pl=-0.0066 vl=1160402.5833 ent=2.1940) rad(pl=0.3130 vl=10328593.6667 ent=324.8207)
      [PPO] main-t1 ep5 step58 cmd(pl=-0.0039 vl=1500485.4792 ent=2.1920) rad(pl=0.3716 vl=13918950.6667 ent=324.8311)
      [PPO] main-t1 ep5 step100 cmd(pl=-0.0078 vl=1529153.9167 ent=2.1919) rad(pl=0.3340 vl=13940958.6667 ent=324.8446)
      [PPO] main-t1 ep5 step142 cmd(pl=0.0009 vl=1464075.8542 ent=2.1912) rad(pl=0.3604 vl=13877603.8333 ent=324.8559)
      [PPO] main-t1 ep5 step184 cmd(pl=-0.0047 vl=1281605.6250 ent=2.1900) rad(pl=0.3425 vl=13757251.8333 ent=324.8718)
      [PPO] main-t1 ep5 step226 cmd(pl=-0.0060 vl=1344503.8542 ent=2.1899) rad(pl=0.3393 vl=13812735.5000 ent=324.8846)
      [PPO] main-t1 ep5 step268 cmd(pl=-0.0039 vl=1193667.8542 ent=2.1900) rad(pl=0.3509 vl=13695796.8333 ent=324.8947)
      [PPO] main-t1 ep5 step310 cmd(pl=-0.0015 vl=1301195.3750 ent=2.1896) rad(pl=0.3768 vl=13757705.5000 ent=324.9042)
      [PPO] main-t1 ep5 step352 cmd(pl=0.0004 vl=1302338.7083 ent=2.1895) rad(pl=0.3466 vl=13778764.1667 ent=324.9161)
      [PPO] main-t1 ep5 step394 cmd(pl=-0.0078 vl=1176466.1042 ent=2.1891) rad(pl=0.3547 vl=13667809.5000 ent=324.9270)
      [PPO] main-t1 ep5 step436 cmd(pl=-0.0030 vl=1106930.9167 ent=2.1882) rad(pl=0.3488 vl=13629114.0000 ent=324.9370)
      [PPO] main-t1 ep5 step478 cmd(pl=-0.0040 vl=1117319.2083 ent=2.1875) rad(pl=0.3369 vl=13644499.8333 ent=324.9445)
    ep 6/10  steps=500 timeout  wr=0.17  avg_r=20594.1130
      [PPO] main-t1 ep6 step21 cmd(pl=-0.0002 vl=1112606.5833 ent=2.1914) rad(pl=0.3424 vl=13494278.1667 ent=324.9500)
      [PPO] main-t1 ep6 step63 cmd(pl=-0.0007 vl=1039248.9271 ent=2.1963) rad(pl=0.3843 vl=13152637.0000 ent=324.9589)
      [PPO] main-t1 ep6 step105 cmd(pl=-0.0001 vl=1031144.5521 ent=2.1959) rad(pl=0.3620 vl=13142895.1667 ent=324.9732)
      [PPO] main-t1 ep6 step147 cmd(pl=0.0017 vl=1014034.4375 ent=2.1967) rad(pl=0.3808 vl=13130806.1667 ent=324.9858)
      [PPO] main-t1 ep6 step189 cmd(pl=-0.0018 vl=972014.8333 ent=2.1977) rad(pl=0.3642 vl=13088884.0000 ent=324.9972)
      [PPO] main-t1 ep6 step231 cmd(pl=-0.0021 vl=971841.8854 ent=2.1975) rad(pl=0.3554 vl=13085057.1667 ent=325.0027)
      [PPO] main-t1 ep6 step273 cmd(pl=0.0031 vl=898473.8438 ent=2.1978) rad(pl=0.3611 vl=13035661.5000 ent=325.0051)
      [PPO] main-t1 ep6 step315 cmd(pl=-0.0065 vl=923018.3646 ent=2.1989) rad(pl=0.3556 vl=13048251.3333 ent=325.0076)
      [PPO] main-t1 ep6 step357 cmd(pl=-0.0041 vl=887356.5521 ent=2.1981) rad(pl=0.3511 vl=13010960.0000 ent=325.0081)
      [PPO] main-t1 ep6 step399 cmd(pl=0.0066 vl=677442.1771 ent=2.1990) rad(pl=0.3644 vl=12826328.8333 ent=325.0075)
      [PPO] main-t1 ep6 step441 cmd(pl=-0.0003 vl=649486.7500 ent=2.1979) rad(pl=0.3612 vl=12808973.3333 ent=325.0092)
      [PPO] main-t1 ep6 step483 cmd(pl=-0.0056 vl=709110.3958 ent=2.1972) rad(pl=0.3976 vl=12848498.8333 ent=325.0171)
    ep 7/10  steps=500 timeout  wr=0.14  avg_r=20652.1307
      [PPO] main-t1 ep7 step26 cmd(pl=0.0012 vl=687766.6562 ent=2.1936) rad(pl=0.3512 vl=12861406.3333 ent=325.0347)
      [PPO] main-t1 ep7 step68 cmd(pl=-0.0033 vl=732281.6146 ent=2.1915) rad(pl=0.3613 vl=12947751.1667 ent=325.0493)
      [PPO] main-t1 ep7 step110 cmd(pl=-0.0031 vl=630666.5000 ent=2.1922) rad(pl=0.3540 vl=12860045.1667 ent=325.0648)
      [PPO] main-t1 ep7 step152 cmd(pl=-0.0042 vl=607804.0104 ent=2.1922) rad(pl=0.3303 vl=12842544.1667 ent=325.0765)
      [PPO] main-t1 ep7 step194 cmd(pl=-0.0036 vl=600300.9583 ent=2.1923) rad(pl=0.3455 vl=12832370.5000 ent=325.0812)
      [PPO] main-t1 ep7 step236 cmd(pl=0.0011 vl=558080.6562 ent=2.1923) rad(pl=0.3360 vl=12793612.8333 ent=325.0821)
      [PPO] main-t1 ep7 step278 cmd(pl=0.0049 vl=500433.6771 ent=2.1940) rad(pl=0.3425 vl=12746163.1667 ent=325.0829)
      [PPO] main-t1 ep7 step320 cmd(pl=0.0035 vl=456877.2344 ent=2.1938) rad(pl=0.3873 vl=12696417.0000 ent=325.0886)
      [PPO] main-t1 ep7 step362 cmd(pl=0.0048 vl=414644.8958 ent=2.1937) rad(pl=0.3573 vl=12681253.6667 ent=325.1057)
      [PPO] main-t1 ep7 step404 cmd(pl=0.0009 vl=425034.0208 ent=2.1942) rad(pl=0.3328 vl=12657190.1667 ent=325.1234)
      [PPO] main-t1 ep7 step446 cmd(pl=-0.0036 vl=421484.5417 ent=2.1940) rad(pl=0.3461 vl=12679584.6667 ent=325.1324)
      [PPO] main-t1 ep7 step488 cmd(pl=0.0060 vl=348744.6771 ent=2.1947) rad(pl=0.3544 vl=12602379.3333 ent=325.1398)
    ep 8/10  steps=500 timeout  wr=0.12  avg_r=20695.6964
      [PPO] main-t1 ep8 step31 cmd(pl=-0.0073 vl=311924.9792 ent=2.1965) rad(pl=0.3631 vl=13112630.0000 ent=325.1482)
      [PPO] main-t1 ep8 step73 cmd(pl=-0.0015 vl=324511.0104 ent=2.1969) rad(pl=0.3586 vl=13289700.5000 ent=325.1592)
      [PPO] main-t1 ep8 step115 cmd(pl=0.0009 vl=353095.5000 ent=2.1951) rad(pl=0.3607 vl=13318246.5000 ent=325.1676)
      [PPO] main-t1 ep8 step157 cmd(pl=-0.0028 vl=295596.6146 ent=2.1948) rad(pl=0.3645 vl=13239030.5000 ent=325.1757)
      [PPO] main-t1 ep8 step199 cmd(pl=-0.0026 vl=273761.8906 ent=2.1929) rad(pl=0.3647 vl=13221763.5000 ent=325.1844)
      [PPO] main-t1 ep8 step241 cmd(pl=-0.0042 vl=271346.0677 ent=2.1926) rad(pl=0.3596 vl=13237998.6667 ent=325.1911)
      [PPO] main-t1 ep8 step283 cmd(pl=0.0013 vl=223466.9453 ent=2.1917) rad(pl=0.3602 vl=13167474.3333 ent=325.1980)
      [PPO] main-t1 ep8 step325 cmd(pl=-0.0009 vl=281457.6875 ent=2.1930) rad(pl=0.3682 vl=13249291.8333 ent=325.2067)
      [PPO] main-t1 ep8 step367 cmd(pl=0.0025 vl=222072.9479 ent=2.1960) rad(pl=0.3674 vl=13098874.5000 ent=325.2152)
      [PPO] main-t1 ep8 step409 cmd(pl=-0.0047 vl=230775.9792 ent=2.1978) rad(pl=0.3581 vl=13125785.6667 ent=325.2234)
      [PPO] main-t1 ep8 step451 cmd(pl=-0.0055 vl=222961.8594 ent=2.1903) rad(pl=0.3816 vl=13046725.3333 ent=325.2321)
      [PPO] main-t1 ep8 step493 cmd(pl=0.0009 vl=216757.2214 ent=2.1680) rad(pl=0.3622 vl=13075861.0000 ent=325.2442)
    ep 9/10  steps=500 timeout  wr=0.11  avg_r=20748.5072
      [PPO] main-t1 ep9 step36 cmd(pl=-0.0076 vl=208295.7135 ent=2.1782) rad(pl=0.3699 vl=12677010.0000 ent=325.2534)
      [PPO] main-t1 ep9 step78 cmd(pl=0.0126 vl=214637.8281 ent=2.1918) rad(pl=0.3799 vl=12627018.6667 ent=325.2617)
      [PPO] main-t1 ep9 step120 cmd(pl=0.0021 vl=271915.0755 ent=2.2090) rad(pl=0.3698 vl=12735821.1667 ent=325.2723)
      [PPO] main-t1 ep9 step162 cmd(pl=-0.0016 vl=213153.1354 ent=2.2199) rad(pl=0.3752 vl=12558317.3333 ent=325.2814)
      [PPO] main-t1 ep9 step204 cmd(pl=0.0025 vl=222485.0703 ent=2.2144) rad(pl=0.3799 vl=12521248.3333 ent=325.2876)
      [PPO] main-t1 ep9 step246 cmd(pl=0.0002 vl=228940.0990 ent=2.2021) rad(pl=0.3797 vl=12564161.6667 ent=325.2944)
      [PPO] main-t1 ep9 step288 cmd(pl=0.0153 vl=205384.8021 ent=2.2026) rad(pl=0.3840 vl=12505853.1667 ent=325.3046)
      [PPO] main-t1 ep9 step330 cmd(pl=0.0001 vl=220005.0104 ent=2.2204) rad(pl=0.3632 vl=12510647.1667 ent=325.3158)
      [PPO] main-t1 ep9 step372 cmd(pl=0.0004 vl=219424.3490 ent=2.2384) rad(pl=0.3743 vl=12474700.8333 ent=325.3228)
      [PPO] main-t1 ep9 step414 cmd(pl=-0.0011 vl=218769.9896 ent=2.2409) rad(pl=0.3769 vl=12482998.8333 ent=325.3306)
      [PPO] main-t1 ep9 step456 cmd(pl=0.0054 vl=213265.3828 ent=2.2449) rad(pl=0.3750 vl=12443417.6667 ent=325.3374)
      [PPO] main-t1 ep9 step498 cmd(pl=-0.0038 vl=213260.0052 ent=2.2388) rad(pl=0.3773 vl=12396569.8333 ent=325.3431)
    ep 10/10  steps=500 timeout  wr=0.10  avg_r=20783.8106
    ── ep 10/10  wr=0.10  avg_r=20783.8106
  Training league_exploiter (team 1, p0005) against p0001...
      [PPO] leag-t1 ep0 step43 cmd(pl=-0.0053 vl=2523954.0417 ent=2.2212) rad(pl=0.4407 vl=14056880.5000 ent=322.5614)
      [PPO] leag-t1 ep0 step85 cmd(pl=0.0004 vl=2603536.1667 ent=2.2170) rad(pl=0.7002 vl=14042667.3333 ent=322.7670)
      [PPO] leag-t1 ep0 step127 cmd(pl=-0.0046 vl=2315073.2083 ent=2.2095) rad(pl=0.5020 vl=13866224.3333 ent=322.8159)
      [PPO] leag-t1 ep0 step169 cmd(pl=-0.0028 vl=2371969.6667 ent=2.2180) rad(pl=0.5542 vl=13869253.5000 ent=322.9521)
      [PPO] leag-t1 ep0 step211 cmd(pl=0.0025 vl=2511362.1667 ent=2.2250) rad(pl=0.8650 vl=13915176.3333 ent=323.0718)
      [PPO] leag-t1 ep0 step253 cmd(pl=-0.0023 vl=2635493.0417 ent=2.2202) rad(pl=0.6159 vl=13943537.0000 ent=323.1492)
      [PPO] leag-t1 ep0 step295 cmd(pl=0.0004 vl=2446596.5417 ent=2.1963) rad(pl=0.6561 vl=13807419.0000 ent=323.2230)
      [PPO] leag-t1 ep0 step337 cmd(pl=0.0082 vl=2598454.6667 ent=2.1783) rad(pl=0.4179 vl=13871434.5000 ent=323.3317)
      [PPO] leag-t1 ep0 step379 cmd(pl=0.0025 vl=2293891.2917 ent=2.1702) rad(pl=0.4088 vl=13697886.6667 ent=323.4292)
      [PPO] leag-t1 ep0 step421 cmd(pl=0.0002 vl=2254259.6250 ent=2.1608) rad(pl=0.4569 vl=13652082.0000 ent=323.5117)
      [PPO] leag-t1 ep0 step463 cmd(pl=0.0002 vl=2387699.7083 ent=2.1619) rad(pl=0.3640 vl=13697571.0000 ent=323.6044)
    ep 1/10  steps=500 timeout  wr=0.00  avg_r=21064.4200
      [PPO] leag-t1 ep1 step6 cmd(pl=-0.0038 vl=2545348.0000 ent=2.1678) rad(pl=0.1667 vl=13805025.3333 ent=323.6800)
      [PPO] leag-t1 ep1 step48 cmd(pl=-0.0025 vl=2571890.1250 ent=2.1722) rad(pl=0.6782 vl=14229445.6667 ent=323.7343)
      [PPO] leag-t1 ep1 step90 cmd(pl=-0.0022 vl=2392250.2500 ent=2.1772) rad(pl=0.3255 vl=14123228.1667 ent=323.8017)
      [PPO] leag-t1 ep1 step132 cmd(pl=-0.0073 vl=2465097.2917 ent=2.1776) rad(pl=0.2931 vl=14152638.5000 ent=323.8560)
      [PPO] leag-t1 ep1 step174 cmd(pl=-0.0023 vl=2440401.0000 ent=2.1774) rad(pl=0.4140 vl=14111041.5000 ent=323.8942)
      [PPO] leag-t1 ep1 step216 cmd(pl=0.0034 vl=2378767.3333 ent=2.1744) rad(pl=0.3055 vl=14055552.0000 ent=323.9268)
      [PPO] leag-t1 ep1 step258 cmd(pl=0.0040 vl=2409756.3750 ent=2.1702) rad(pl=0.3813 vl=14056035.6667 ent=323.9539)
      [PPO] leag-t1 ep1 step300 cmd(pl=-0.0033 vl=2345852.2917 ent=2.1681) rad(pl=0.3192 vl=14018106.1667 ent=323.9866)
      [PPO] leag-t1 ep1 step342 cmd(pl=-0.0023 vl=2621625.8333 ent=2.1648) rad(pl=0.3508 vl=14104277.6667 ent=324.0197)
      [PPO] leag-t1 ep1 step384 cmd(pl=-0.0019 vl=2363773.9583 ent=2.1640) rad(pl=0.5241 vl=13967463.5000 ent=324.0604)
      [PPO] leag-t1 ep1 step426 cmd(pl=-0.0044 vl=2483883.4583 ent=2.1651) rad(pl=0.5146 vl=14009220.5000 ent=324.1247)
      [PPO] leag-t1 ep1 step468 cmd(pl=-0.0038 vl=2333642.2917 ent=2.1637) rad(pl=0.3680 vl=13921880.5000 ent=324.2017)
    ep 2/10  steps=500 timeout  wr=0.00  avg_r=21267.2127
      [PPO] leag-t1 ep2 step11 cmd(pl=-0.0011 vl=2199496.4167 ent=2.1615) rad(pl=0.2555 vl=14020273.5000 ent=324.2596)
      [PPO] leag-t1 ep2 step53 cmd(pl=0.0036 vl=2218981.9167 ent=2.1637) rad(pl=0.3425 vl=14100651.0000 ent=324.3005)
      [PPO] leag-t1 ep2 step95 cmd(pl=0.0066 vl=2239243.5833 ent=2.1673) rad(pl=0.4789 vl=14058654.3333 ent=324.3355)
      [PPO] leag-t1 ep2 step137 cmd(pl=-0.0053 vl=2340146.2917 ent=2.1713) rad(pl=0.3384 vl=14116845.1667 ent=324.3782)
      [PPO] leag-t1 ep2 step179 cmd(pl=-0.0033 vl=2318037.4583 ent=2.1734) rad(pl=0.3232 vl=14068687.0000 ent=324.4110)
      [PPO] leag-t1 ep2 step221 cmd(pl=0.0017 vl=2470590.4583 ent=2.1754) rad(pl=0.3325 vl=14129700.8333 ent=324.4356)
      [PPO] leag-t1 ep2 step263 cmd(pl=-0.0014 vl=2279797.0000 ent=2.1759) rad(pl=0.3221 vl=13998480.5000 ent=324.4567)
      [PPO] leag-t1 ep2 step305 cmd(pl=0.0009 vl=2281209.7917 ent=2.1776) rad(pl=0.3538 vl=14000675.6667 ent=324.4760)
      [PPO] leag-t1 ep2 step347 cmd(pl=-0.0038 vl=2400490.3333 ent=2.1780) rad(pl=0.3335 vl=14045807.5000 ent=324.4970)
      [PPO] leag-t1 ep2 step389 cmd(pl=-0.0016 vl=2264307.5833 ent=2.1790) rad(pl=0.3222 vl=13951282.0000 ent=324.5157)
      [PPO] leag-t1 ep2 step431 cmd(pl=-0.0018 vl=2119681.6458 ent=2.1804) rad(pl=0.5732 vl=13850866.8333 ent=324.5364)
      [PPO] leag-t1 ep2 step473 cmd(pl=0.0034 vl=2289823.7083 ent=2.1820) rad(pl=0.3733 vl=13910370.0000 ent=324.5756)
    ep 3/10  steps=500 timeout  wr=0.00  avg_r=21279.3764
      [PPO] leag-t1 ep3 step16 cmd(pl=0.0001 vl=2099146.0000 ent=2.1844) rad(pl=0.2368 vl=13743159.5000 ent=324.6056)
      [PPO] leag-t1 ep3 step58 cmd(pl=-0.0036 vl=2271000.0000 ent=2.1849) rad(pl=0.3015 vl=13540947.1667 ent=324.6223)
      [PPO] leag-t1 ep3 step100 cmd(pl=-0.0018 vl=2169795.9167 ent=2.1846) rad(pl=0.3345 vl=13480450.3333 ent=324.6327)
      [PPO] leag-t1 ep3 step142 cmd(pl=-0.0008 vl=2160281.6250 ent=2.1828) rad(pl=0.3645 vl=13459565.8333 ent=324.6399)
      [PPO] leag-t1 ep3 step184 cmd(pl=-0.0110 vl=2443710.2500 ent=2.1825) rad(pl=0.3075 vl=13602853.5000 ent=324.6488)
      [PPO] leag-t1 ep3 step226 cmd(pl=-0.0050 vl=2157446.6667 ent=2.1811) rad(pl=0.4284 vl=13435154.8333 ent=324.6590)
      [PPO] leag-t1 ep3 step268 cmd(pl=0.0044 vl=2425931.0417 ent=2.1805) rad(pl=0.3920 vl=13554751.0000 ent=324.6828)
      [PPO] leag-t1 ep3 step310 cmd(pl=-0.0034 vl=2207492.8333 ent=2.1810) rad(pl=0.3308 vl=13463061.1667 ent=324.7087)
      [PPO] leag-t1 ep3 step352 cmd(pl=0.0001 vl=2048620.1042 ent=2.1818) rad(pl=0.3628 vl=13369774.6667 ent=324.7296)
      [PPO] leag-t1 ep3 step394 cmd(pl=0.0052 vl=2106903.4583 ent=2.1840) rad(pl=0.4199 vl=13402330.8333 ent=324.7515)
      [PPO] leag-t1 ep3 step436 cmd(pl=0.0095 vl=2015320.7500 ent=2.1870) rad(pl=0.3286 vl=13331734.1667 ent=324.7780)
      [PPO] leag-t1 ep3 step478 cmd(pl=-0.0003 vl=2006036.0833 ent=2.1886) rad(pl=0.3159 vl=13323135.8333 ent=324.7982)
    ep 4/10  steps=500 timeout  wr=0.00  avg_r=21338.8233
      [PPO] leag-t1 ep4 step21 cmd(pl=-0.0038 vl=2069779.9375 ent=2.1906) rad(pl=0.2537 vl=13363079.5000 ent=324.8128)
      [PPO] leag-t1 ep4 step63 cmd(pl=0.0030 vl=1953023.9167 ent=2.1915) rad(pl=0.3502 vl=13217607.3333 ent=324.8219)
      [PPO] leag-t1 ep4 step105 cmd(pl=0.0038 vl=1949295.0625 ent=2.1922) rad(pl=0.3364 vl=13226734.6667 ent=324.8331)
      [PPO] leag-t1 ep4 step147 cmd(pl=0.0015 vl=1897416.8542 ent=2.1938) rad(pl=0.3935 vl=13172569.3333 ent=324.8453)
      [PPO] leag-t1 ep4 step189 cmd(pl=0.0039 vl=1597866.1458 ent=2.1956) rad(pl=0.4137 vl=12993660.1667 ent=324.8631)
      [PPO] leag-t1 ep4 step231 cmd(pl=-0.0045 vl=1783774.8125 ent=2.1954) rad(pl=0.4283 vl=13065589.6667 ent=324.8882)
      [PPO] leag-t1 ep4 step273 cmd(pl=0.0010 vl=1772538.5625 ent=2.1966) rad(pl=0.3355 vl=13051011.3333 ent=324.9129)
      [PPO] leag-t1 ep4 step315 cmd(pl=-0.0050 vl=1723361.8542 ent=2.1961) rad(pl=0.3367 vl=13014611.8333 ent=324.9293)
      [PPO] leag-t1 ep4 step357 cmd(pl=-0.0043 vl=1642769.6667 ent=2.1957) rad(pl=0.3625 vl=12969900.3333 ent=324.9394)
      [PPO] leag-t1 ep4 step399 cmd(pl=-0.0021 vl=1817484.1667 ent=2.1960) rad(pl=0.3603 vl=13053871.6667 ent=324.9498)
      [PPO] leag-t1 ep4 step441 cmd(pl=0.0004 vl=1645419.6458 ent=2.1957) rad(pl=0.3590 vl=12956460.3333 ent=324.9603)
      [PPO] leag-t1 ep4 step483 cmd(pl=-0.0032 vl=1614793.3125 ent=2.1957) rad(pl=0.3597 vl=12896748.5000 ent=324.9654)
    ep 5/10  steps=500 timeout  wr=0.00  avg_r=21360.1940
    ── ep 5/10  wr=0.00  avg_r=21360.1940
      [PPO] leag-t1 ep5 step26 cmd(pl=0.0017 vl=1564690.1667 ent=2.1965) rad(pl=0.2725 vl=13049263.1667 ent=324.9740)
      [PPO] leag-t1 ep5 step68 cmd(pl=0.0003 vl=1535269.4792 ent=2.1968) rad(pl=0.3203 vl=13096350.6667 ent=324.9842)
      [PPO] leag-t1 ep5 step110 cmd(pl=-0.0053 vl=1563119.7292 ent=2.1967) rad(pl=0.4169 vl=13080631.8333 ent=324.9949)
      [PPO] leag-t1 ep5 step152 cmd(pl=0.0051 vl=1459899.8333 ent=2.1974) rad(pl=0.3749 vl=13031430.8333 ent=325.0158)
      [PPO] leag-t1 ep5 step194 cmd(pl=0.0014 vl=1501882.4167 ent=2.1948) rad(pl=0.3175 vl=13027333.1667 ent=325.0359)
      [PPO] leag-t1 ep5 step236 cmd(pl=0.0005 vl=1395168.4792 ent=2.1945) rad(pl=0.3356 vl=12987384.0000 ent=325.0494)
      [PPO] leag-t1 ep5 step278 cmd(pl=0.0070 vl=1529608.2708 ent=2.1940) rad(pl=0.3345 vl=13034981.6667 ent=325.0595)
      [PPO] leag-t1 ep5 step320 cmd(pl=-0.0045 vl=1399609.2292 ent=2.1930) rad(pl=0.3569 vl=12963953.3333 ent=325.0683)
      [PPO] leag-t1 ep5 step362 cmd(pl=-0.0000 vl=1334327.1458 ent=2.1931) rad(pl=0.3233 vl=12916289.8333 ent=325.0822)
      [PPO] leag-t1 ep5 step404 cmd(pl=0.0032 vl=1265034.2500 ent=2.1945) rad(pl=0.3557 vl=12873822.1667 ent=325.0930)
      [PPO] leag-t1 ep5 step446 cmd(pl=-0.0021 vl=1344482.6250 ent=2.1942) rad(pl=0.3729 vl=12904957.8333 ent=325.1076)
      [PPO] leag-t1 ep5 step488 cmd(pl=-0.0008 vl=1134867.7292 ent=2.1931) rad(pl=0.4147 vl=12775653.3333 ent=325.1303)
    ep 6/10  steps=500 timeout  wr=0.00  avg_r=21337.3129
      [PPO] leag-t1 ep6 step31 cmd(pl=-0.0022 vl=1273654.3125 ent=2.1933) rad(pl=0.2144 vl=12584951.6667 ent=325.1646)
      [PPO] leag-t1 ep6 step73 cmd(pl=0.0012 vl=1129100.4583 ent=2.1922) rad(pl=0.2440 vl=12413645.8333 ent=325.1916)
      [PPO] leag-t1 ep6 step115 cmd(pl=-0.0002 vl=1284506.5208 ent=2.1939) rad(pl=0.2517 vl=12500665.6667 ent=325.2123)
      [PPO] leag-t1 ep6 step157 cmd(pl=-0.0078 vl=1255967.1042 ent=2.1925) rad(pl=0.2656 vl=12470786.6667 ent=325.2281)
      [PPO] leag-t1 ep6 step199 cmd(pl=-0.0052 vl=1112207.4375 ent=2.1929) rad(pl=0.2451 vl=12401514.0000 ent=325.2411)
      [PPO] leag-t1 ep6 step241 cmd(pl=-0.0016 vl=1020569.2083 ent=2.1940) rad(pl=0.4921 vl=12330570.6667 ent=325.2690)
      [PPO] leag-t1 ep6 step283 cmd(pl=0.0006 vl=944546.2396 ent=2.1936) rad(pl=0.2644 vl=12294259.8333 ent=325.3340)
      [PPO] leag-t1 ep6 step325 cmd(pl=-0.0007 vl=1054635.4271 ent=2.1929) rad(pl=0.2820 vl=12353556.3333 ent=325.3867)
      [PPO] leag-t1 ep6 step367 cmd(pl=-0.0066 vl=945678.0208 ent=2.1927) rad(pl=0.2723 vl=12292720.0000 ent=325.4208)
      [PPO] leag-t1 ep6 step409 cmd(pl=0.0031 vl=830267.4792 ent=2.1935) rad(pl=0.2765 vl=12249633.3333 ent=325.4435)
      [PPO] leag-t1 ep6 step451 cmd(pl=0.0003 vl=810905.7188 ent=2.1945) rad(pl=0.2454 vl=12204820.5000 ent=325.4606)
      [PPO] leag-t1 ep6 step493 cmd(pl=-0.0017 vl=890573.7396 ent=2.1929) rad(pl=0.2630 vl=12295944.0000 ent=325.4748)
    ep 7/10  steps=500 timeout  wr=0.00  avg_r=21347.4049
      [PPO] leag-t1 ep7 step36 cmd(pl=0.0009 vl=683109.6146 ent=2.1924) rad(pl=0.2155 vl=12372447.6667 ent=325.4886)
      [PPO] leag-t1 ep7 step78 cmd(pl=-0.0014 vl=675458.4375 ent=2.1940) rad(pl=0.3379 vl=12402265.0000 ent=325.5029)
      [PPO] leag-t1 ep7 step120 cmd(pl=0.0009 vl=720858.2292 ent=2.1943) rad(pl=0.3405 vl=12466989.0000 ent=325.5141)
      [PPO] leag-t1 ep7 step162 cmd(pl=0.0020 vl=675626.3542 ent=2.1960) rad(pl=0.3510 vl=12415692.5000 ent=325.5250)
      [PPO] leag-t1 ep7 step204 cmd(pl=0.0004 vl=671071.7708 ent=2.1966) rad(pl=0.3454 vl=12410719.3333 ent=325.5344)
      [PPO] leag-t1 ep7 step246 cmd(pl=-0.0023 vl=551480.4896 ent=2.1962) rad(pl=0.3480 vl=12340269.6667 ent=325.5460)
      [PPO] leag-t1 ep7 step288 cmd(pl=-0.0054 vl=494308.6458 ent=2.1952) rad(pl=0.3392 vl=12311536.8333 ent=325.5558)
      [PPO] leag-t1 ep7 step330 cmd(pl=0.0034 vl=493297.1406 ent=2.1955) rad(pl=0.3361 vl=12297769.8333 ent=325.5643)
      [PPO] leag-t1 ep7 step372 cmd(pl=0.0024 vl=525718.7552 ent=2.1953) rad(pl=0.3484 vl=12346258.6667 ent=325.5732)
      [PPO] leag-t1 ep7 step414 cmd(pl=0.0046 vl=412993.2917 ent=2.1963) rad(pl=0.4428 vl=12252460.0000 ent=325.5927)
      [PPO] leag-t1 ep7 step456 cmd(pl=0.0055 vl=408882.7812 ent=2.1965) rad(pl=0.3734 vl=12241154.8333 ent=325.6462)
      [PPO] leag-t1 ep7 step498 cmd(pl=0.0050 vl=400313.8333 ent=2.1968) rad(pl=0.3403 vl=12241994.0000 ent=325.6940)
    ep 8/10  steps=500 timeout  wr=0.00  avg_r=21351.6298
      [PPO] leag-t1 ep8 step41 cmd(pl=0.0040 vl=406982.1615 ent=2.1979) rad(pl=0.2352 vl=12023776.8333 ent=325.7235)
      [PPO] leag-t1 ep8 step83 cmd(pl=-0.0046 vl=379753.8906 ent=2.1983) rad(pl=0.3886 vl=11982194.6667 ent=325.7447)
      [PPO] leag-t1 ep8 step125 cmd(pl=-0.0056 vl=395127.8646 ent=2.1997) rad(pl=0.3590 vl=11999459.1667 ent=325.7596)
      [PPO] leag-t1 ep8 step167 cmd(pl=-0.0009 vl=298928.6927 ent=2.2005) rad(pl=0.3778 vl=11881145.5000 ent=325.7722)
      [PPO] leag-t1 ep8 step209 cmd(pl=0.0016 vl=312348.7344 ent=2.1994) rad(pl=0.3959 vl=11946831.5000 ent=325.7831)
      [PPO] leag-t1 ep8 step251 cmd(pl=-0.0050 vl=265942.4844 ent=2.2034) rad(pl=0.3866 vl=11811690.1667 ent=325.7959)
      [PPO] leag-t1 ep8 step293 cmd(pl=-0.0051 vl=266942.0495 ent=2.2025) rad(pl=0.3920 vl=11813511.6667 ent=325.8066)
      [PPO] leag-t1 ep8 step335 cmd(pl=-0.0005 vl=278372.6406 ent=2.2011) rad(pl=0.3943 vl=11831570.5000 ent=325.8181)
      [PPO] leag-t1 ep8 step377 cmd(pl=0.0024 vl=234248.9635 ent=2.1989) rad(pl=0.3946 vl=11801101.6667 ent=325.8375)
      [PPO] leag-t1 ep8 step419 cmd(pl=-0.0071 vl=237317.4844 ent=2.1981) rad(pl=0.4437 vl=11800721.3333 ent=325.8595)
      [PPO] leag-t1 ep8 step461 cmd(pl=-0.0074 vl=229963.5312 ent=2.1932) rad(pl=0.3943 vl=11739456.3333 ent=325.8883)
    ep 9/10  steps=500 timeout  wr=0.00  avg_r=21348.5652
      [PPO] leag-t1 ep9 step4 cmd(pl=-0.0106 vl=256734.9219 ent=2.1825) rad(pl=0.2833 vl=11880375.3333 ent=325.9123)
      [PPO] leag-t1 ep9 step46 cmd(pl=0.0040 vl=231801.9115 ent=2.1763) rad(pl=0.3194 vl=11971126.1667 ent=325.9398)
      [PPO] leag-t1 ep9 step88 cmd(pl=0.0016 vl=249829.8359 ent=2.1807) rad(pl=0.2803 vl=11964403.5000 ent=325.9700)
      [PPO] leag-t1 ep9 step130 cmd(pl=-0.0052 vl=221475.5234 ent=2.1793) rad(pl=0.2781 vl=11967438.8333 ent=325.9938)
      [PPO] leag-t1 ep9 step172 cmd(pl=0.0000 vl=236533.9010 ent=2.1700) rad(pl=0.2739 vl=11954377.3333 ent=326.0114)
      [PPO] leag-t1 ep9 step214 cmd(pl=-0.0022 vl=236286.5911 ent=2.1801) rad(pl=0.2739 vl=11969783.6667 ent=326.0266)
      [PPO] leag-t1 ep9 step256 cmd(pl=0.0089 vl=222865.3516 ent=2.1991) rad(pl=0.2878 vl=11835181.6667 ent=326.0392)
      [PPO] leag-t1 ep9 step298 cmd(pl=0.0141 vl=251229.3203 ent=2.2081) rad(pl=0.2875 vl=11872861.5000 ent=326.0547)
      [PPO] leag-t1 ep9 step340 cmd(pl=-0.0034 vl=227626.7240 ent=2.1971) rad(pl=0.2804 vl=11829168.1667 ent=326.0721)
      [PPO] leag-t1 ep9 step382 cmd(pl=0.0023 vl=224268.1615 ent=2.1890) rad(pl=0.3065 vl=11835206.0000 ent=326.0925)
      [PPO] leag-t1 ep9 step424 cmd(pl=0.0094 vl=210822.8411 ent=2.1926) rad(pl=0.2727 vl=11851295.8333 ent=326.1173)
      [PPO] leag-t1 ep9 step466 cmd(pl=0.0033 vl=229358.1016 ent=2.2076) rad(pl=0.2791 vl=11744499.5000 ent=326.1354)
    ep 10/10  steps=500 timeout  wr=0.00  avg_r=21330.6278
    ── ep 10/10  wr=0.00  avg_r=21330.6278
[League] Iteration 0 complete in 29542.2s
[League] alpha=0.000 (schedule=linear) beta_kl=0.100
  [mutant] Created p0012 from p0000 (team=0, wr=0.750, eps=0.05, 1/2)
  [mutant] Created p0013 from p0000 (team=0, wr=0.750, eps=0.05, 2/2)
[League] Generated 2 mutant policies in iteration 0
[League] kill_radius anneal: 50.000m → 25.000m (kill_rate=1.00 ≥ 0.5)
  Checkpoint saved at iteration 0

============================================================
PSRO Iteration 1/24
============================================================
[League] Iteration 1: Evaluating payoff matrix...
  [payoff] p0000 vs p0009 (4/42)... win_rate=0.00 (5.5s)
  [payoff] p0000 vs p0010 (5/42)...     step 100: alive=8 red_wins=0/0 wr_sofar=0.00
    step 200: alive=8 red_wins=0/0 wr_sofar=0.00
    step 300: alive=8 red_wins=0/0 wr_sofar=0.00
    step 400: alive=8 red_wins=0/0 wr_sofar=0.00
    [p0000 vs p0010] final-step illumination_progress: team0=0.0000 team1=0.0000 (max t0=0.0000 t1=0.0000)
win_rate=0.50 (505.7s)
  [payoff] p0000 vs p0011 (6/42)... win_rate=0.00 (5.5s)
  [payoff] p0002 vs p0009 (10/42)... win_rate=0.00 (5.6s)
  [payoff] p0002 vs p0010 (11/42)...     step 100: alive=8 red_wins=0/0 wr_sofar=0.00
    step 200: alive=8 red_wins=0/0 wr_sofar=0.00
    step 300: alive=8 red_wins=0/0 wr_sofar=0.00
    step 400: alive=8 red_wins=0/0 wr_sofar=0.00
    [p0002 vs p0010] final-step illumination_progress: team0=0.0000 team1=0.0000 (max t0=0.0000 t1=0.0000)
win_rate=0.50 (508.0s)
  [payoff] p0002 vs p0011 (12/42)... win_rate=0.00 (5.6s)
  [payoff] p0006 vs p0003 (13/42)... win_rate=0.00 (5.6s)
  [payoff] p0006 vs p0004 (14/42)...     step 100: alive=8 red_wins=0/0 wr_sofar=0.00
    step 200: alive=8 red_wins=0/0 wr_sofar=0.00
    step 300: alive=8 red_wins=0/0 wr_sofar=0.00
    step 400: alive=8 red_wins=0/0 wr_sofar=0.00
    [p0006 vs p0004] final-step illumination_progress: team0=0.0000 team1=0.0000 (max t0=0.0000 t1=0.0000)
win_rate=0.50 (507.4s)
  [payoff] p0006 vs p0005 (15/42)... win_rate=0.00 (5.5s)
  [payoff] p0006 vs p0009 (16/42)... win_rate=0.00 (5.6s)
  [payoff] p0006 vs p0010 (17/42)...     step 100: alive=8 red_wins=0/0 wr_sofar=0.00
    step 200: alive=8 red_wins=0/0 wr_sofar=0.00
    step 300: alive=8 red_wins=0/0 wr_sofar=0.00
    step 400: alive=8 red_wins=0/0 wr_sofar=0.00
    [p0006 vs p0010] final-step illumination_progress: team0=0.0000 team1=0.0000 (max t0=0.0000 t1=0.0000)
win_rate=0.50 (510.4s)
  [payoff] p0006 vs p0011 (18/42)... win_rate=0.00 (5.6s)
  [payoff] p0007 vs p0003 (19/42)... win_rate=1.00 (5.6s)
  [payoff] p0007 vs p0004 (20/42)... win_rate=1.00 (5.6s)
  [payoff] p0007 vs p0005 (21/42)... win_rate=1.00 (5.6s)
  [payoff] p0007 vs p0009 (22/42)... win_rate=1.00 (5.6s)
  [payoff] p0007 vs p0010 (23/42)... win_rate=1.00 (6.7s)
  [payoff] p0007 vs p0011 (24/42)... win_rate=1.00 (5.6s)
  [payoff] p0008 vs p0003 (25/42)... win_rate=0.00 (5.6s)
  [payoff] p0008 vs p0004 (26/42)...     step 100: alive=7 red_wins=0/1 wr_sofar=0.00
    step 200: alive=7 red_wins=0/1 wr_sofar=0.00
    step 300: alive=7 red_wins=0/1 wr_sofar=0.00
    step 400: alive=7 red_wins=0/1 wr_sofar=0.00
    [p0008 vs p0004] final-step illumination_progress: team0=0.0000 team1=0.0000 (max t0=0.0000 t1=0.0000)
win_rate=0.44 (121.2s)
  [payoff] p0008 vs p0005 (27/42)... win_rate=0.00 (5.6s)
  [payoff] p0008 vs p0009 (28/42)... win_rate=0.00 (5.6s)
  [payoff] p0008 vs p0010 (29/42)...     step 100: alive=7 red_wins=0/1 wr_sofar=0.00
    step 200: alive=7 red_wins=0/1 wr_sofar=0.00
    step 300: alive=7 red_wins=0/1 wr_sofar=0.00
    step 400: alive=7 red_wins=0/1 wr_sofar=0.00
    [p0008 vs p0010] final-step illumination_progress: team0=0.0000 team1=0.0000 (max t0=0.0000 t1=0.0000)
win_rate=0.44 (118.9s)
  [payoff] p0008 vs p0011 (30/42)... win_rate=0.00 (5.6s)
  [payoff] p0012 vs p0003 (31/42)... win_rate=0.00 (5.5s)
  [payoff] p0012 vs p0004 (32/42)...     step 100: alive=7 red_wins=0/1 wr_sofar=0.00
    step 200: alive=7 red_wins=0/1 wr_sofar=0.00
    step 300: alive=7 red_wins=0/1 wr_sofar=0.00
    step 400: alive=7 red_wins=0/1 wr_sofar=0.00
    [p0012 vs p0004] final-step illumination_progress: team0=0.0000 team1=0.0000 (max t0=0.0000 t1=0.0000)
win_rate=0.44 (116.6s)
  [payoff] p0012 vs p0005 (33/42)... win_rate=0.00 (5.4s)
  [payoff] p0012 vs p0009 (34/42)... win_rate=0.00 (5.5s)
  [payoff] p0012 vs p0010 (35/42)...     step 100: alive=8 red_wins=0/0 wr_sofar=0.00
    step 200: alive=8 red_wins=0/0 wr_sofar=0.00
    step 300: alive=8 red_wins=0/0 wr_sofar=0.00
    step 400: alive=8 red_wins=0/0 wr_sofar=0.00
    [p0012 vs p0010] final-step illumination_progress: team0=0.0000 team1=0.0000 (max t0=0.0000 t1=0.0000)
win_rate=0.50 (508.3s)
  [payoff] p0012 vs p0011 (36/42)... win_rate=0.00 (5.5s)
  [payoff] p0013 vs p0003 (37/42)... win_rate=0.00 (5.4s)
  [payoff] p0013 vs p0004 (38/42)...     step 100: alive=7 red_wins=0/1 wr_sofar=0.00
    step 200: alive=7 red_wins=0/1 wr_sofar=0.00
    step 300: alive=7 red_wins=0/1 wr_sofar=0.00
    step 400: alive=7 red_wins=0/1 wr_sofar=0.00
    [p0013 vs p0004] final-step illumination_progress: team0=0.0000 team1=0.0000 (max t0=0.0000 t1=0.0000)
win_rate=0.44 (115.9s)
  [payoff] p0013 vs p0005 (39/42)... win_rate=0.00 (5.5s)
  [payoff] p0013 vs p0009 (40/42)... win_rate=0.00 (5.5s)
  [payoff] p0013 vs p0010 (41/42)...     step 100: alive=8 red_wins=0/0 wr_sofar=0.00
    step 200: alive=8 red_wins=0/0 wr_sofar=0.00
    step 300: alive=8 red_wins=0/0 wr_sofar=0.00
    step 400: alive=8 red_wins=0/0 wr_sofar=0.00
    [p0013 vs p0010] final-step illumination_progress: team0=0.0000 team1=0.0000 (max t0=0.0000 t1=0.0000)
win_rate=0.50 (508.9s)
  [payoff] p0013 vs p0011 (42/42)... win_rate=0.00 (5.5s)
  Team 0 sigma=[0. 0. 0. 1. 0.] NashConv=0.0000 H_task=1.386 effK=1.00
  Team 1 sigma=[1. 0. 0. 0. 0. 0.] NashConv=0.4000 H_task=1.386 effK=1.00
  Training main (team 0, p0000) against self...
      [PPO] main-t0 ep0 step16 cmd(pl=-0.0001 vl=1426081.0208 ent=2.2253) rad(pl=-0.0005 vl=8966829.3333 ent=323.8386)
      [PPO] main-t0 ep0 step58 cmd(pl=-0.0002 vl=1400959.2292 ent=2.2241) rad(pl=0.0004 vl=8783628.6667 ent=323.8447)
      [PPO] main-t0 ep0 step100 cmd(pl=-0.0001 vl=1457215.6458 ent=2.2238) rad(pl=-0.0003 vl=8777001.1667 ent=323.8527)
      [PPO] main-t0 ep0 step142 cmd(pl=0.0000 vl=1322971.0417 ent=2.2249) rad(pl=-0.0004 vl=8690675.0000 ent=323.8616)
      [PPO] main-t0 ep0 step184 cmd(pl=-0.0000 vl=1386482.9167 ent=2.2235) rad(pl=-0.0003 vl=8668661.8333 ent=323.8723)
      [PPO] main-t0 ep0 step226 cmd(pl=-0.0001 vl=1244608.7708 ent=2.2233) rad(pl=-0.0001 vl=8566243.6667 ent=323.8842)
      [PPO] main-t0 ep0 step268 cmd(pl=-0.0000 vl=1323592.6250 ent=2.2244) rad(pl=-0.0003 vl=8540130.5000 ent=323.8971)
      [PPO] main-t0 ep0 step310 cmd(pl=-0.0001 vl=1246986.0833 ent=2.2234) rad(pl=-0.0008 vl=8435999.0000 ent=323.9097)
      [PPO] main-t0 ep0 step352 cmd(pl=-0.0002 vl=1362453.9167 ent=2.2235) rad(pl=-0.0004 vl=8445959.5000 ent=323.9230)
      [PPO] main-t0 ep0 step394 cmd(pl=-0.0001 vl=1273107.4375 ent=2.2242) rad(pl=-0.0009 vl=8344337.2500 ent=323.9357)
      [PPO] main-t0 ep0 step436 cmd(pl=-0.0002 vl=1398412.2917 ent=2.2231) rad(pl=-0.0000 vl=8353635.4167 ent=323.9495)
      [PPO] main-t0 ep0 step478 cmd(pl=0.0001 vl=1423557.4583 ent=2.2218) rad(pl=-0.0014 vl=8358316.4167 ent=323.9612)
    ep 1/10  steps=500 timeout  wr=0.00  avg_r=20698.4223
      [PPO] main-t0 ep1 step21 cmd(pl=-0.0001 vl=1351629.6667 ent=2.2186) rad(pl=0.0018 vl=8309794.8333 ent=323.9706)
      [PPO] main-t0 ep1 step63 cmd(pl=-0.0001 vl=1396979.9792 ent=2.2156) rad(pl=0.0001 vl=8348129.0000 ent=323.9791)
      [PPO] main-t0 ep1 step105 cmd(pl=-0.0001 vl=1511125.3750 ent=2.2143) rad(pl=-0.0002 vl=8398220.5000 ent=323.9899)
      [PPO] main-t0 ep1 step147 cmd(pl=-0.0001 vl=1356790.4375 ent=2.2153) rad(pl=0.0013 vl=8342916.0000 ent=324.0017)
      [PPO] main-t0 ep1 step189 cmd(pl=-0.0001 vl=1330758.8958 ent=2.2135) rad(pl=-0.0004 vl=8374174.4167 ent=324.0140)
      [PPO] main-t0 ep1 step231 cmd(pl=-0.0000 vl=1282337.2917 ent=2.2133) rad(pl=0.0007 vl=8284109.3333 ent=324.0261)
      [PPO] main-t0 ep1 step273 cmd(pl=0.0000 vl=1320802.0833 ent=2.2138) rad(pl=-0.0009 vl=8290968.9167 ent=324.0356)
      [PPO] main-t0 ep1 step315 cmd(pl=-0.0000 vl=1437318.2500 ent=2.2138) rad(pl=-0.0009 vl=8294017.0000 ent=324.0449)
      [PPO] main-t0 ep1 step357 cmd(pl=-0.0000 vl=1308894.7708 ent=2.2120) rad(pl=-0.0004 vl=8206177.3333 ent=324.0525)
      [PPO] main-t0 ep1 step399 cmd(pl=-0.0000 vl=1509994.5625 ent=2.2131) rad(pl=-0.0003 vl=8276043.4167 ent=324.0589)
      [PPO] main-t0 ep1 step441 cmd(pl=0.0000 vl=1390364.0625 ent=2.2126) rad(pl=0.0001 vl=8191250.8333 ent=324.0651)
      [PPO] main-t0 ep1 step483 cmd(pl=-0.0002 vl=1319746.3958 ent=2.2162) rad(pl=-0.0004 vl=8176591.0000 ent=324.0716)
    ep 2/10  steps=500 timeout  wr=0.00  avg_r=20868.7773
      [PPO] main-t0 ep2 step26 cmd(pl=-0.0001 vl=1201965.8542 ent=2.2173) rad(pl=-0.0000 vl=8415512.5000 ent=324.0804)
      [PPO] main-t0 ep2 step68 cmd(pl=-0.0001 vl=1326082.0833 ent=2.2214) rad(pl=0.0000 vl=8602748.5000 ent=324.0921)
      [PPO] main-t0 ep2 step110 cmd(pl=-0.0000 vl=1365268.8750 ent=2.2234) rad(pl=-0.0006 vl=8584150.0000 ent=324.1026)
      [PPO] main-t0 ep2 step152 cmd(pl=-0.0000 vl=1344609.8750 ent=2.2241) rad(pl=-0.0006 vl=8510000.7500 ent=324.1112)
      [PPO] main-t0 ep2 step194 cmd(pl=-0.0000 vl=1358469.9167 ent=2.2223) rad(pl=-0.0034 vl=8492479.5000 ent=324.1156)
      [PPO] main-t0 ep2 step236 cmd(pl=-0.0001 vl=1305496.3958 ent=2.2224) rad(pl=0.0003 vl=8406534.8333 ent=324.1161)
      [PPO] main-t0 ep2 step278 cmd(pl=-0.0000 vl=1490842.6875 ent=2.2229) rad(pl=-0.0027 vl=8426398.7500 ent=324.1183)
      [PPO] main-t0 ep2 step320 cmd(pl=-0.0001 vl=1427988.0833 ent=2.2226) rad(pl=0.0009 vl=8374108.4167 ent=324.1127)
      [PPO] main-t0 ep2 step362 cmd(pl=-0.0000 vl=1382335.3958 ent=2.2210) rad(pl=-0.0014 vl=8332407.5833 ent=324.1128)
      [PPO] main-t0 ep2 step404 cmd(pl=-0.0003 vl=1371268.5208 ent=2.2212) rad(pl=-0.0001 vl=8282832.5833 ent=324.1196)
      [PPO] main-t0 ep2 step446 cmd(pl=-0.0001 vl=1399685.5417 ent=2.2197) rad(pl=-0.0013 vl=8243849.8333 ent=324.1305)
      [PPO] main-t0 ep2 step488 cmd(pl=-0.0000 vl=1462690.7917 ent=2.2214) rad(pl=-0.0014 vl=8273672.0833 ent=324.1354)
    ep 3/10  steps=500 timeout  wr=0.00  avg_r=20786.0548
      [PPO] main-t0 ep3 step31 cmd(pl=-0.0000 vl=1482006.0417 ent=2.2183) rad(pl=-0.0008 vl=8104905.0833 ent=324.1297)
      [PPO] main-t0 ep3 step73 cmd(pl=0.0000 vl=1467010.8333 ent=2.2211) rad(pl=0.0006 vl=7993063.3333 ent=324.1272)
      [PPO] main-t0 ep3 step115 cmd(pl=-0.0001 vl=1502345.3542 ent=2.2198) rad(pl=0.0000 vl=7962377.0833 ent=324.1347)
      [PPO] main-t0 ep3 step157 cmd(pl=-0.0000 vl=1589960.4583 ent=2.2181) rad(pl=-0.0001 vl=8025250.3333 ent=324.1420)
      [PPO] main-t0 ep3 step199 cmd(pl=-0.0001 vl=1605131.4583 ent=2.2193) rad(pl=-0.0010 vl=7941155.7500 ent=324.1599)
      [PPO] main-t0 ep3 step241 cmd(pl=-0.0001 vl=1621768.0417 ent=2.2191) rad(pl=0.0001 vl=7950637.8333 ent=324.1869)
      [PPO] main-t0 ep3 step283 cmd(pl=-0.0001 vl=1603150.2708 ent=2.2180) rad(pl=-0.0002 vl=7915782.2500 ent=324.2092)
      [PPO] main-t0 ep3 step325 cmd(pl=-0.0001 vl=1581269.5208 ent=2.2177) rad(pl=-0.0003 vl=7832862.2500 ent=324.2253)
      [PPO] main-t0 ep3 step367 cmd(pl=-0.0001 vl=1690157.3542 ent=2.2191) rad(pl=0.0006 vl=7880580.4167 ent=324.2346)
      [PPO] main-t0 ep3 step409 cmd(pl=-0.0000 vl=1802763.6458 ent=2.2170) rad(pl=0.0003 vl=7864409.2500 ent=324.2479)
      [PPO] main-t0 ep3 step451 cmd(pl=-0.0001 vl=1716508.8750 ent=2.2182) rad(pl=-0.0008 vl=7786713.3333 ent=324.2630)
      [PPO] main-t0 ep3 step493 cmd(pl=0.0000 vl=1900400.3542 ent=2.2163) rad(pl=0.0000 vl=7847429.4167 ent=324.2800)
    ep 4/10  steps=500 timeout  wr=0.00  avg_r=20848.7897
      [PPO] main-t0 ep4 step36 cmd(pl=-0.0001 vl=1845181.9583 ent=2.2141) rad(pl=-0.0006 vl=7842115.0000 ent=324.2924)
      [PPO] main-t0 ep4 step78 cmd(pl=-0.0002 vl=1793356.8542 ent=2.2144) rad(pl=-0.0012 vl=7837365.9167 ent=324.3057)
      [PPO] main-t0 ep4 step120 cmd(pl=-0.0006 vl=1860887.0625 ent=2.2120) rad(pl=0.0002 vl=7825314.6667 ent=324.3124)
      [PPO] main-t0 ep4 step162 cmd(pl=-0.0000 vl=2019738.2083 ent=2.2113) rad(pl=-0.0000 vl=7903822.1667 ent=324.3162)
      [PPO] main-t0 ep4 step204 cmd(pl=-0.0001 vl=1932517.1042 ent=2.2085) rad(pl=-0.0009 vl=7798526.2500 ent=324.3285)
      [PPO] main-t0 ep4 step246 cmd(pl=-0.0006 vl=1943405.1458 ent=2.2086) rad(pl=-0.0003 vl=7816521.3333 ent=324.3479)
      [PPO] main-t0 ep4 step288 cmd(pl=-0.0002 vl=2095870.7083 ent=2.2100) rad(pl=-0.0008 vl=7830635.1667 ent=324.3643)
      [PPO] main-t0 ep4 step330 cmd(pl=-0.0005 vl=2048104.1458 ent=2.2093) rad(pl=-0.0007 vl=7799816.6667 ent=324.3848)
      [PPO] main-t0 ep4 step372 cmd(pl=-0.0000 vl=2117309.4167 ent=2.2090) rad(pl=0.0012 vl=7782567.4167 ent=324.4054)
      [PPO] main-t0 ep4 step414 cmd(pl=-0.0001 vl=2161671.1042 ent=2.2083) rad(pl=0.0007 vl=7783208.6667 ent=324.4193)
      [PPO] main-t0 ep4 step456 cmd(pl=0.0002 vl=2138558.5000 ent=2.2099) rad(pl=0.0001 vl=7781132.0833 ent=324.4377)
      [PPO] main-t0 ep4 step498 cmd(pl=-0.0001 vl=2137992.0833 ent=2.2119) rad(pl=0.0002 vl=7724665.5833 ent=324.4571)
    ep 5/10  steps=500 timeout  wr=0.00  avg_r=20883.1395
    ── ep 5/10  wr=0.00  avg_r=20883.1395
  Training main (team 0, p0000) against p0004...
      [PPO] main-t0 ep0 step41 cmd(pl=0.0003 vl=2232461.5000 ent=2.2155) rad(pl=0.0000 vl=7117797.5833 ent=324.4742)
      [PPO] main-t0 ep0 step83 cmd(pl=0.0001 vl=2229460.5000 ent=2.2142) rad(pl=-0.0010 vl=7059183.9167 ent=324.4910)
      [PPO] main-t0 ep0 step125 cmd(pl=-0.0003 vl=2247172.7083 ent=2.2142) rad(pl=0.0006 vl=7033333.0833 ent=324.5092)
      [PPO] main-t0 ep0 step167 cmd(pl=0.0002 vl=2336415.3750 ent=2.2159) rad(pl=-0.0024 vl=7020390.6667 ent=324.5276)
      [PPO] main-t0 ep0 step209 cmd(pl=-0.0006 vl=2286134.5000 ent=2.2164) rad(pl=-0.0007 vl=6988241.7500 ent=324.5494)
      [PPO] main-t0 ep0 step251 cmd(pl=-0.0005 vl=2361343.3750 ent=2.2194) rad(pl=0.0007 vl=7001538.1667 ent=324.5680)
      [PPO] main-t0 ep0 step293 cmd(pl=-0.0003 vl=2319312.7500 ent=2.2204) rad(pl=-0.0008 vl=6868954.3333 ent=324.5840)
      [PPO] main-t0 ep0 step335 cmd(pl=-0.0007 vl=2268511.6250 ent=2.2243) rad(pl=0.0002 vl=6903128.8333 ent=324.5969)
      [PPO] main-t0 ep0 step377 cmd(pl=-0.0009 vl=2331708.8750 ent=2.2293) rad(pl=-0.0000 vl=6907523.9167 ent=324.6083)
      [PPO] main-t0 ep0 step419 cmd(pl=0.0006 vl=2323342.9583 ent=2.2318) rad(pl=0.0001 vl=6842487.7500 ent=324.6184)
      [PPO] main-t0 ep0 step461 cmd(pl=-0.0010 vl=2313464.8750 ent=2.2323) rad(pl=0.0002 vl=6836595.7500 ent=324.6264)
    ep 1/10  steps=500 timeout  wr=0.00  avg_r=21084.5414
      [PPO] main-t0 ep1 step4 cmd(pl=-0.0015 vl=2409047.3750 ent=2.2287) rad(pl=-0.0003 vl=6844319.0000 ent=324.6340)
      [PPO] main-t0 ep1 step46 cmd(pl=-0.0014 vl=2556395.1667 ent=2.2291) rad(pl=-0.0012 vl=7561703.3333 ent=324.6407)
      [PPO] main-t0 ep1 step88 cmd(pl=-0.0006 vl=2532920.1250 ent=2.2271) rad(pl=0.0008 vl=7513978.6667 ent=324.6458)
      [PPO] main-t0 ep1 step130 cmd(pl=-0.0002 vl=2516719.5833 ent=2.2246) rad(pl=-0.0004 vl=7512236.5000 ent=324.6489)
      [PPO] main-t0 ep1 step172 cmd(pl=-0.0003 vl=2602797.8333 ent=2.2216) rad(pl=0.0005 vl=7506536.0000 ent=324.6533)
      [PPO] main-t0 ep1 step214 cmd(pl=-0.0001 vl=2443450.9583 ent=2.2199) rad(pl=-0.0000 vl=7441724.6667 ent=324.6599)
      [PPO] main-t0 ep1 step256 cmd(pl=-0.0020 vl=2432106.8750 ent=2.2204) rad(pl=-0.0008 vl=7428064.9167 ent=324.6650)
      [PPO] main-t0 ep1 step298 cmd(pl=-0.0002 vl=2511510.3333 ent=2.2249) rad(pl=-0.0012 vl=7511611.0000 ent=324.6669)
      [PPO] main-t0 ep1 step340 cmd(pl=-0.0002 vl=2388311.5833 ent=2.2251) rad(pl=-0.0004 vl=7368735.6667 ent=324.6681)
      [PPO] main-t0 ep1 step382 cmd(pl=-0.0002 vl=2423858.8333 ent=2.2271) rad(pl=-0.0007 vl=7394028.0000 ent=324.6726)
      [PPO] main-t0 ep1 step424 cmd(pl=-0.0003 vl=2483761.2083 ent=2.2244) rad(pl=-0.0002 vl=7371803.5833 ent=324.6815)
      [PPO] main-t0 ep1 step466 cmd(pl=-0.0003 vl=2418959.1667 ent=2.2198) rad(pl=0.0001 vl=7363962.5833 ent=324.6855)
    ep 2/10  steps=500 timeout  wr=0.00  avg_r=21012.1601
      [PPO] main-t0 ep2 step9 cmd(pl=-0.0008 vl=2400420.9792 ent=2.2178) rad(pl=-0.0008 vl=7303621.9167 ent=324.6990)
      [PPO] main-t0 ep2 step51 cmd(pl=-0.0011 vl=2516698.2083 ent=2.2225) rad(pl=-0.0003 vl=7181978.1667 ent=324.7186)
      [PPO] main-t0 ep2 step93 cmd(pl=-0.0004 vl=2480851.9167 ent=2.2256) rad(pl=-0.0004 vl=7170020.5000 ent=324.7422)
      [PPO] main-t0 ep2 step135 cmd(pl=-0.0004 vl=2561059.1667 ent=2.2310) rad(pl=-0.0002 vl=7218060.5833 ent=324.7674)
      [PPO] main-t0 ep2 step177 cmd(pl=-0.0017 vl=2468989.2500 ent=2.2350) rad(pl=-0.0016 vl=7178023.5833 ent=324.7947)
      [PPO] main-t0 ep2 step219 cmd(pl=-0.0015 vl=2483542.6667 ent=2.2364) rad(pl=-0.0013 vl=7186168.8333 ent=324.8172)
      [PPO] main-t0 ep2 step261 cmd(pl=0.0001 vl=2483068.1667 ent=2.2422) rad(pl=-0.0009 vl=7165520.3333 ent=324.8291)
      [PPO] main-t0 ep2 step303 cmd(pl=0.0003 vl=2444672.3333 ent=2.2450) rad(pl=0.0003 vl=7121874.3333 ent=324.8359)
      [PPO] main-t0 ep2 step345 cmd(pl=-0.0006 vl=2369948.8750 ent=2.2484) rad(pl=-0.0012 vl=7093792.0833 ent=324.8503)
      [PPO] main-t0 ep2 step387 cmd(pl=-0.0015 vl=2416678.7917 ent=2.2540) rad(pl=0.0001 vl=7084253.6667 ent=324.8720)
      [PPO] main-t0 ep2 step429 cmd(pl=-0.0001 vl=2378185.6250 ent=2.2613) rad(pl=-0.0022 vl=7038570.6667 ent=324.8924)
      [PPO] main-t0 ep2 step471 cmd(pl=-0.0023 vl=2272386.5417 ent=2.2690) rad(pl=-0.0005 vl=6951824.4167 ent=324.9100)
    ep 3/10  steps=500 timeout  wr=0.00  avg_r=20976.1464
      [PPO] main-t0 ep3 step14 cmd(pl=0.0004 vl=2208650.8333 ent=2.2737) rad(pl=-0.0021 vl=6878909.5833 ent=324.9259)
      [PPO] main-t0 ep3 step56 cmd(pl=-0.0001 vl=2271089.0833 ent=2.2771) rad(pl=0.0100 vl=6830860.0000 ent=324.9393)
      [PPO] main-t0 ep3 step98 cmd(pl=-0.0006 vl=2220810.3542 ent=2.2816) rad(pl=0.0092 vl=6792605.3333 ent=324.9568)
      [PPO] main-t0 ep3 step140 cmd(pl=-0.0013 vl=2229246.8125 ent=2.2819) rad(pl=0.0003 vl=6693751.6667 ent=324.9760)
      [PPO] main-t0 ep3 step182 cmd(pl=-0.0005 vl=2219309.9792 ent=2.2798) rad(pl=-0.0007 vl=6630379.6667 ent=324.9955)
      [PPO] main-t0 ep3 step224 cmd(pl=0.0003 vl=2178647.4583 ent=2.2767) rad(pl=0.0013 vl=6557339.9167 ent=325.0155)
      [PPO] main-t0 ep3 step266 cmd(pl=-0.0017 vl=2252356.7292 ent=2.2783) rad(pl=0.0002 vl=6526602.3333 ent=325.0398)
      [PPO] main-t0 ep3 step308 cmd(pl=-0.0030 vl=2114289.2500 ent=2.2803) rad(pl=-0.0015 vl=6426302.5833 ent=325.0598)
      [PPO] main-t0 ep3 step350 cmd(pl=-0.0006 vl=2174262.0417 ent=2.2814) rad(pl=-0.0007 vl=6396381.8333 ent=325.0709)
      [PPO] main-t0 ep3 step392 cmd(pl=-0.0005 vl=2173496.1875 ent=2.2794) rad(pl=-0.0011 vl=6365901.4167 ent=325.0827)
      [PPO] main-t0 ep3 step434 cmd(pl=-0.0012 vl=2223205.7083 ent=2.2793) rad(pl=-0.0003 vl=6283837.5000 ent=325.0899)
      [PPO] main-t0 ep3 step476 cmd(pl=0.0004 vl=2099366.8750 ent=2.2762) rad(pl=-0.0024 vl=6219187.7500 ent=325.1014)
    ep 4/10  steps=500 timeout  wr=0.00  avg_r=20776.0502
      [PPO] main-t0 ep4 step19 cmd(pl=-0.0010 vl=2259766.9583 ent=2.2731) rad(pl=-0.0001 vl=5753421.0000 ent=325.1094)
      [PPO] main-t0 ep4 step61 cmd(pl=-0.0018 vl=2339311.5417 ent=2.2742) rad(pl=-0.0003 vl=5295026.5000 ent=325.1256)
      [PPO] main-t0 ep4 step103 cmd(pl=-0.0003 vl=2207154.1667 ent=2.2740) rad(pl=0.0005 vl=5297979.0833 ent=325.1411)
      [PPO] main-t0 ep4 step145 cmd(pl=0.0000 vl=2226020.5625 ent=2.2784) rad(pl=-0.0005 vl=5281958.4167 ent=325.1535)
      [PPO] main-t0 ep4 step187 cmd(pl=-0.0006 vl=2118338.5000 ent=2.2813) rad(pl=-0.0010 vl=5210664.4167 ent=325.1648)
      [PPO] main-t0 ep4 step229 cmd(pl=-0.0021 vl=2198253.6667 ent=2.2864) rad(pl=0.0007 vl=5235391.4167 ent=325.1735)
      [PPO] main-t0 ep4 step271 cmd(pl=-0.0016 vl=2248980.8333 ent=2.2950) rad(pl=-0.0015 vl=5250972.2500 ent=325.1864)
      [PPO] main-t0 ep4 step313 cmd(pl=-0.0007 vl=2233558.7500 ent=2.3018) rad(pl=-0.0010 vl=5197154.6667 ent=325.2069)
      [PPO] main-t0 ep4 step355 cmd(pl=-0.0014 vl=2203497.8750 ent=2.3045) rad(pl=-0.0011 vl=5203228.3333 ent=325.2279)
      [PPO] main-t0 ep4 step397 cmd(pl=0.0006 vl=2130477.5833 ent=2.3047) rad(pl=-0.0011 vl=5110394.1667 ent=325.2379)
      [PPO] main-t0 ep4 step439 cmd(pl=-0.0008 vl=2203175.5000 ent=2.3052) rad(pl=0.0015 vl=5080043.3333 ent=325.2399)
      [PPO] main-t0 ep4 step481 cmd(pl=-0.0002 vl=2190893.7917 ent=2.3035) rad(pl=-0.0035 vl=5072631.0833 ent=325.2483)
    ep 5/10  steps=500 timeout  wr=0.00  avg_r=20676.0893
    ── ep 5/10  wr=0.00  avg_r=20676.0893
  Training league_exploiter (team 0, p0002) against p0009...
      [PPO] leag-t0 ep0 step43 cmd(pl=-0.0000 vl=1050442.7812 ent=2.2848) rad(pl=-0.0011 vl=8787315.8333 ent=325.1731)
      [PPO] leag-t0 ep0 step85 cmd(pl=-0.0002 vl=1270065.8333 ent=2.2863) rad(pl=0.0000 vl=8874345.1667 ent=325.2008)
      [PPO] leag-t0 ep0 step127 cmd(pl=-0.0000 vl=1226764.6458 ent=2.2858) rad(pl=0.0010 vl=8842037.5000 ent=325.2261)
      [PPO] leag-t0 ep0 step169 cmd(pl=-0.0000 vl=1188975.6458 ent=2.2849) rad(pl=0.0011 vl=8799107.0000 ent=325.2512)
      [PPO] leag-t0 ep0 step211 cmd(pl=-0.0000 vl=1144925.0000 ent=2.2872) rad(pl=0.0005 vl=8749587.0000 ent=325.2759)
      [PPO] leag-t0 ep0 step253 cmd(pl=-0.0000 vl=1230132.4792 ent=2.2849) rad(pl=-0.0000 vl=8741499.3333 ent=325.2992)
      [PPO] leag-t0 ep0 step295 cmd(pl=-0.0000 vl=1243205.5208 ent=2.2858) rad(pl=0.0002 vl=8727842.3333 ent=325.3217)
      [PPO] leag-t0 ep0 step337 cmd(pl=-0.0001 vl=1202882.7708 ent=2.2855) rad(pl=-0.0025 vl=8677098.6667 ent=325.3437)
      [PPO] leag-t0 ep0 step379 cmd(pl=-0.0001 vl=1331072.2708 ent=2.2862) rad(pl=-0.0009 vl=8733470.5000 ent=325.3631)
      [PPO] leag-t0 ep0 step421 cmd(pl=-0.0001 vl=1235190.7917 ent=2.2868) rad(pl=-0.0001 vl=8664927.8333 ent=325.3820)
      [PPO] leag-t0 ep0 step463 cmd(pl=-0.0000 vl=1242565.4583 ent=2.2862) rad(pl=-0.0004 vl=8652593.5000 ent=325.4004)
    ep 1/10  steps=500 timeout  wr=0.00  avg_r=19748.7697
      [PPO] leag-t0 ep1 step6 cmd(pl=-0.0001 vl=1157263.0833 ent=2.2851) rad(pl=-0.0001 vl=8572954.3333 ent=325.4180)
      [PPO] leag-t0 ep1 step48 cmd(pl=-0.0000 vl=1368435.0625 ent=2.2872) rad(pl=-0.0009 vl=8733008.6667 ent=325.4378)
      [PPO] leag-t0 ep1 step90 cmd(pl=-0.0000 vl=1304345.5833 ent=2.2855) rad(pl=0.0005 vl=8665524.0000 ent=325.4572)
      [PPO] leag-t0 ep1 step132 cmd(pl=-0.0000 vl=1291320.4167 ent=2.2870) rad(pl=-0.0019 vl=8641507.8333 ent=325.4830)
      [PPO] leag-t0 ep1 step174 cmd(pl=-0.0002 vl=1261044.6250 ent=2.2883) rad(pl=-0.0021 vl=8615394.5000 ent=325.5087)
      [PPO] leag-t0 ep1 step216 cmd(pl=-0.0003 vl=1322932.9375 ent=2.2860) rad(pl=-0.0012 vl=8567702.6667 ent=325.5315)
      [PPO] leag-t0 ep1 step258 cmd(pl=-0.0000 vl=1425027.8958 ent=2.2879) rad(pl=-0.0004 vl=8609191.8333 ent=325.5550)
      [PPO] leag-t0 ep1 step300 cmd(pl=-0.0003 vl=1354292.2083 ent=2.2898) rad(pl=0.0003 vl=8564548.1667 ent=325.5795)
      [PPO] leag-t0 ep1 step342 cmd(pl=-0.0000 vl=1353966.2917 ent=2.2895) rad(pl=-0.0006 vl=8540278.3333 ent=325.6047)
      [PPO] leag-t0 ep1 step384 cmd(pl=-0.0001 vl=1338882.0208 ent=2.2886) rad(pl=-0.0004 vl=8478160.1667 ent=325.6298)
      [PPO] leag-t0 ep1 step426 cmd(pl=-0.0001 vl=1349568.5000 ent=2.2878) rad(pl=-0.0006 vl=8419184.6667 ent=325.6546)
      [PPO] leag-t0 ep1 step468 cmd(pl=-0.0002 vl=1449930.5208 ent=2.2911) rad(pl=-0.0016 vl=8421134.5000 ent=325.6769)
    ep 2/10  steps=500 timeout  wr=0.00  avg_r=19745.0681
      [PPO] leag-t0 ep2 step11 cmd(pl=-0.0005 vl=1364326.6042 ent=2.2895) rad(pl=-0.0018 vl=8381529.3333 ent=325.7031)
      [PPO] leag-t0 ep2 step53 cmd(pl=-0.0000 vl=1384025.2708 ent=2.2858) rad(pl=-0.0025 vl=8397506.0000 ent=325.7349)
      [PPO] leag-t0 ep2 step95 cmd(pl=0.0001 vl=1474325.7917 ent=2.2881) rad(pl=-0.0009 vl=8376127.5833 ent=325.7650)
      [PPO] leag-t0 ep2 step137 cmd(pl=-0.0001 vl=1452822.8542 ent=2.2909) rad(pl=-0.0008 vl=8358636.3333 ent=325.7915)
      [PPO] leag-t0 ep2 step179 cmd(pl=-0.0001 vl=1505407.6042 ent=2.2889) rad(pl=0.0027 vl=8331978.6667 ent=325.8143)
      [PPO] leag-t0 ep2 step221 cmd(pl=-0.0002 vl=1347898.9167 ent=2.2871) rad(pl=0.0011 vl=8223890.0000 ent=325.8367)
      [PPO] leag-t0 ep2 step263 cmd(pl=-0.0002 vl=1468841.8750 ent=2.2889) rad(pl=-0.0015 vl=8188761.0833 ent=325.8582)
      [PPO] leag-t0 ep2 step305 cmd(pl=0.0001 vl=1474930.4375 ent=2.2870) rad(pl=-0.0008 vl=8176441.1667 ent=325.8783)
      [PPO] leag-t0 ep2 step347 cmd(pl=-0.0000 vl=1641804.2083 ent=2.2892) rad(pl=0.0001 vl=8184581.1667 ent=325.8989)
      [PPO] leag-t0 ep2 step389 cmd(pl=-0.0002 vl=1568039.7708 ent=2.2894) rad(pl=-0.0005 vl=8152884.2500 ent=325.9203)
      [PPO] leag-t0 ep2 step431 cmd(pl=-0.0001 vl=1668226.8542 ent=2.2888) rad(pl=0.0017 vl=8172699.1667 ent=325.9437)
      [PPO] leag-t0 ep2 step473 cmd(pl=-0.0003 vl=1606718.6042 ent=2.2879) rad(pl=0.0024 vl=8158607.0000 ent=325.9726)
    ep 3/10  steps=500 timeout  wr=0.00  avg_r=19790.0242
      [PPO] leag-t0 ep3 step16 cmd(pl=-0.0001 vl=1510530.3958 ent=2.2895) rad(pl=-0.0000 vl=8009941.0000 ent=326.0024)
      [PPO] leag-t0 ep3 step58 cmd(pl=-0.0003 vl=1613053.2500 ent=2.2905) rad(pl=-0.0017 vl=7747900.4167 ent=326.0308)
      [PPO] leag-t0 ep3 step100 cmd(pl=-0.0001 vl=1665419.0625 ent=2.2953) rad(pl=0.0005 vl=7700057.1667 ent=326.0568)
      [PPO] leag-t0 ep3 step142 cmd(pl=-0.0001 vl=1680605.3958 ent=2.2944) rad(pl=0.0005 vl=7657087.5000 ent=326.0786)
      [PPO] leag-t0 ep3 step184 cmd(pl=-0.0002 vl=1758097.0417 ent=2.2959) rad(pl=-0.0003 vl=7631481.2500 ent=326.0975)
      [PPO] leag-t0 ep3 step226 cmd(pl=-0.0006 vl=1685010.1042 ent=2.2954) rad(pl=0.0000 vl=7513358.0833 ent=326.1172)
      [PPO] leag-t0 ep3 step268 cmd(pl=-0.0004 vl=1742542.8333 ent=2.3029) rad(pl=-0.0034 vl=7470752.0833 ent=326.1418)
      [PPO] leag-t0 ep3 step310 cmd(pl=0.0000 vl=1730387.8750 ent=2.3044) rad(pl=-0.0008 vl=7405711.1667 ent=326.1643)
      [PPO] leag-t0 ep3 step352 cmd(pl=-0.0004 vl=1841090.6042 ent=2.3060) rad(pl=-0.0015 vl=7325746.2500 ent=326.1860)
      [PPO] leag-t0 ep3 step394 cmd(pl=-0.0003 vl=1904706.6875 ent=2.3086) rad(pl=-0.0025 vl=7306531.5833 ent=326.2134)
      [PPO] leag-t0 ep3 step436 cmd(pl=-0.0001 vl=1822882.6250 ent=2.3086) rad(pl=0.0004 vl=7247454.9167 ent=326.2436)
      [PPO] leag-t0 ep3 step478 cmd(pl=-0.0003 vl=1833096.1042 ent=2.3082) rad(pl=-0.0011 vl=7199574.1667 ent=326.2755)
    ep 4/10  steps=500 timeout  wr=0.00  avg_r=19652.6230
      [PPO] leag-t0 ep4 step21 cmd(pl=-0.0013 vl=1933095.6667 ent=2.3079) rad(pl=0.0001 vl=7237178.9167 ent=326.3049)
      [PPO] leag-t0 ep4 step63 cmd(pl=-0.0005 vl=1951738.6875 ent=2.3085) rad(pl=-0.0011 vl=7279127.8333 ent=326.3332)
      [PPO] leag-t0 ep4 step105 cmd(pl=0.0000 vl=1944005.8750 ent=2.3077) rad(pl=-0.0014 vl=7267118.5833 ent=326.3616)
      [PPO] leag-t0 ep4 step147 cmd(pl=-0.0004 vl=1932173.4792 ent=2.3118) rad(pl=-0.0015 vl=7201170.0833 ent=326.3913)
      [PPO] leag-t0 ep4 step189 cmd(pl=-0.0013 vl=1923171.0417 ent=2.3157) rad(pl=0.0002 vl=7151808.7500 ent=326.4235)
      [PPO] leag-t0 ep4 step231 cmd(pl=-0.0003 vl=1964763.5417 ent=2.3184) rad(pl=-0.0034 vl=7147026.7500 ent=326.4535)
      [PPO] leag-t0 ep4 step273 cmd(pl=-0.0007 vl=1980163.5208 ent=2.3246) rad(pl=0.0005 vl=7131123.2500 ent=326.4811)
      [PPO] leag-t0 ep4 step315 cmd(pl=-0.0015 vl=1998126.3542 ent=2.3261) rad(pl=0.0010 vl=7104476.3333 ent=326.5098)
      [PPO] leag-t0 ep4 step357 cmd(pl=0.0005 vl=2015239.7500 ent=2.3244) rad(pl=0.0005 vl=7084369.0833 ent=326.5413)
      [PPO] leag-t0 ep4 step399 cmd(pl=-0.0016 vl=1944418.6667 ent=2.3202) rad(pl=-0.0043 vl=7086156.3333 ent=326.5732)
      [PPO] leag-t0 ep4 step441 cmd(pl=-0.0024 vl=1933630.3542 ent=2.3249) rad(pl=-0.0008 vl=7074773.8333 ent=326.5991)
      [PPO] leag-t0 ep4 step483 cmd(pl=-0.0002 vl=2013825.2917 ent=2.3311) rad(pl=-0.0009 vl=7052895.1667 ent=326.6254)
    ep 5/10  steps=500 timeout  wr=0.00  avg_r=19571.1314
    ── ep 5/10  wr=0.00  avg_r=19571.1314
      [PPO] leag-t0 ep5 step26 cmd(pl=-0.0012 vl=1912573.3542 ent=2.3280) rad(pl=-0.0007 vl=7615720.4167 ent=326.6517)
      [PPO] leag-t0 ep5 step68 cmd(pl=-0.0005 vl=2089441.0417 ent=2.3287) rad(pl=0.0023 vl=8013972.3333 ent=326.6802)
      [PPO] leag-t0 ep5 step110 cmd(pl=-0.0030 vl=1984034.9167 ent=2.3262) rad(pl=-0.0012 vl=8013548.9167 ent=326.7147)
      [PPO] leag-t0 ep5 step152 cmd(pl=-0.0022 vl=1985440.1667 ent=2.3256) rad(pl=-0.0001 vl=7980279.2500 ent=326.7525)
      [PPO] leag-t0 ep5 step194 cmd(pl=-0.0025 vl=1949023.5208 ent=2.3230) rad(pl=-0.0000 vl=7924124.7500 ent=326.7910)
      [PPO] leag-t0 ep5 step236 cmd(pl=-0.0019 vl=2028385.0833 ent=2.3265) rad(pl=-0.0011 vl=7867458.6667 ent=326.8303)
      [PPO] leag-t0 ep5 step278 cmd(pl=-0.0010 vl=2050426.4375 ent=2.3199) rad(pl=-0.0002 vl=7804896.3333 ent=326.8681)
      [PPO] leag-t0 ep5 step320 cmd(pl=-0.0004 vl=1904572.9375 ent=2.3178) rad(pl=-0.0020 vl=7755917.7500 ent=326.9053)
      [PPO] leag-t0 ep5 step362 cmd(pl=-0.0002 vl=2112049.0000 ent=2.3159) rad(pl=-0.0021 vl=7730438.7500 ent=326.9399)
      [PPO] leag-t0 ep5 step404 cmd(pl=-0.0006 vl=2017011.7083 ent=2.3160) rad(pl=0.0002 vl=7701546.4167 ent=326.9712)
      [PPO] leag-t0 ep5 step446 cmd(pl=-0.0008 vl=1938841.5000 ent=2.3107) rad(pl=-0.0027 vl=7703268.5833 ent=327.0035)
      [PPO] leag-t0 ep5 step488 cmd(pl=-0.0017 vl=2127407.2917 ent=2.3176) rad(pl=0.0015 vl=7783775.7500 ent=327.0357)
    ep 6/10  steps=500 timeout  wr=0.00  avg_r=19540.4038
      [PPO] leag-t0 ep6 step31 cmd(pl=-0.0014 vl=1942989.3750 ent=2.3235) rad(pl=0.0017 vl=7250490.8333 ent=327.0713)
      [PPO] leag-t0 ep6 step73 cmd(pl=-0.0004 vl=1970498.0625 ent=2.3276) rad(pl=-0.0015 vl=6968755.9167 ent=327.1091)
      [PPO] leag-t0 ep6 step115 cmd(pl=-0.0014 vl=1969599.3333 ent=2.3301) rad(pl=-0.0021 vl=6881496.9167 ent=327.1436)
      [PPO] leag-t0 ep6 step157 cmd(pl=-0.0019 vl=2002585.0417 ent=2.3348) rad(pl=-0.0006 vl=6792990.9167 ent=327.1776)
      [PPO] leag-t0 ep6 step199 cmd(pl=-0.0023 vl=1880058.6250 ent=2.3355) rad(pl=-0.0024 vl=6684213.0833 ent=327.2114)
      [PPO] leag-t0 ep6 step241 cmd(pl=-0.0017 vl=1825806.4167 ent=2.3413) rad(pl=-0.0022 vl=6618893.3333 ent=327.2402)
      [PPO] leag-t0 ep6 step283 cmd(pl=-0.0013 vl=1957585.1250 ent=2.3499) rad(pl=-0.0016 vl=6566447.4167 ent=327.2687)
      [PPO] leag-t0 ep6 step325 cmd(pl=-0.0022 vl=1946372.6667 ent=2.3550) rad(pl=0.0010 vl=6515170.0833 ent=327.2973)
      [PPO] leag-t0 ep6 step367 cmd(pl=-0.0024 vl=1859384.6875 ent=2.3566) rad(pl=-0.0026 vl=6454180.5833 ent=327.3292)
      [PPO] leag-t0 ep6 step409 cmd(pl=-0.0023 vl=1904401.3542 ent=2.3583) rad(pl=-0.0031 vl=6360571.9167 ent=327.3600)
      [PPO] leag-t0 ep6 step451 cmd(pl=-0.0005 vl=1887646.5417 ent=2.3552) rad(pl=-0.0036 vl=6276748.4167 ent=327.3909)
      [PPO] leag-t0 ep6 step493 cmd(pl=-0.0016 vl=1909366.3958 ent=2.3554) rad(pl=-0.0013 vl=6160840.3333 ent=327.4222)
    ep 7/10  steps=500 timeout  wr=0.00  avg_r=19409.3962
      [PPO] leag-t0 ep7 step36 cmd(pl=-0.0020 vl=1884839.2292 ent=2.3595) rad(pl=-0.0009 vl=6267916.6667 ent=327.4522)
      [PPO] leag-t0 ep7 step78 cmd(pl=0.0001 vl=1874544.1458 ent=2.3591) rad(pl=-0.0011 vl=6359491.8333 ent=327.4821)
      [PPO] leag-t0 ep7 step120 cmd(pl=-0.0002 vl=1932211.7708 ent=2.3590) rad(pl=0.0008 vl=6462868.6667 ent=327.5122)
      [PPO] leag-t0 ep7 step162 cmd(pl=-0.0003 vl=1858030.7500 ent=2.3604) rad(pl=0.0024 vl=6531245.2500 ent=327.5441)
      [PPO] leag-t0 ep7 step204 cmd(pl=-0.0016 vl=1758894.3125 ent=2.3552) rad(pl=-0.0000 vl=6561349.2500 ent=327.5819)
      [PPO] leag-t0 ep7 step246 cmd(pl=-0.0015 vl=1863297.8542 ent=2.3572) rad(pl=-0.0006 vl=6540764.7500 ent=327.6202)
      [PPO] leag-t0 ep7 step288 cmd(pl=-0.0015 vl=1871920.4167 ent=2.3603) rad(pl=0.0004 vl=6521121.0833 ent=327.6573)
      [PPO] leag-t0 ep7 step330 cmd(pl=-0.0008 vl=1805435.1667 ent=2.3593) rad(pl=-0.0014 vl=6458574.0833 ent=327.6949)
      [PPO] leag-t0 ep7 step372 cmd(pl=-0.0012 vl=1840083.2083 ent=2.3615) rad(pl=-0.0033 vl=6453613.9167 ent=327.7319)
      [PPO] leag-t0 ep7 step414 cmd(pl=-0.0013 vl=1775232.7292 ent=2.3656) rad(pl=-0.0016 vl=6428224.8333 ent=327.7676)
      [PPO] leag-t0 ep7 step456 cmd(pl=-0.0010 vl=1794818.2917 ent=2.3693) rad(pl=-0.0021 vl=6355194.9167 ent=327.7973)
      [PPO] leag-t0 ep7 step498 cmd(pl=-0.0010 vl=1870846.3333 ent=2.3715) rad(pl=-0.0015 vl=6303848.9167 ent=327.8277)
    ep 8/10  steps=500 timeout  wr=0.00  avg_r=19299.6483
      [PPO] leag-t0 ep8 step41 cmd(pl=-0.0015 vl=1733212.5417 ent=2.3708) rad(pl=0.0005 vl=6303727.3333 ent=327.8542)
      [PPO] leag-t0 ep8 step83 cmd(pl=-0.0004 vl=1771375.8125 ent=2.3737) rad(pl=-0.0023 vl=6141945.5000 ent=327.8862)
      [PPO] leag-t0 ep8 step125 cmd(pl=0.0002 vl=1795220.1458 ent=2.3748) rad(pl=-0.0022 vl=6040709.8333 ent=327.9201)
      [PPO] leag-t0 ep8 step167 cmd(pl=-0.0008 vl=1825493.3750 ent=2.3719) rad(pl=-0.0025 vl=6003834.3333 ent=327.9497)
      [PPO] leag-t0 ep8 step209 cmd(pl=-0.0014 vl=1840596.2708 ent=2.3706) rad(pl=0.0019 vl=5991062.5000 ent=327.9725)
      [PPO] leag-t0 ep8 step251 cmd(pl=-0.0026 vl=1825554.6667 ent=2.3639) rad(pl=0.0009 vl=6004838.0000 ent=328.0002)
      [PPO] leag-t0 ep8 step293 cmd(pl=-0.0013 vl=1806698.5417 ent=2.3615) rad(pl=-0.0027 vl=6013493.4167 ent=328.0341)
      [PPO] leag-t0 ep8 step335 cmd(pl=-0.0012 vl=1888581.9375 ent=2.3580) rad(pl=0.0011 vl=6012726.3333 ent=328.0675)
      [PPO] leag-t0 ep8 step377 cmd(pl=0.0006 vl=1781841.5833 ent=2.3590) rad(pl=-0.0024 vl=6045994.0000 ent=328.1000)
      [PPO] leag-t0 ep8 step419 cmd(pl=-0.0004 vl=1800177.9583 ent=2.3619) rad(pl=0.0007 vl=6045652.5833 ent=328.1274)
      [PPO] leag-t0 ep8 step461 cmd(pl=-0.0001 vl=1953906.9167 ent=2.3655) rad(pl=0.0025 vl=6052904.8333 ent=328.1609)
    ep 9/10  steps=500 timeout  wr=0.00  avg_r=19217.0877
      [PPO] leag-t0 ep9 step4 cmd(pl=-0.0006 vl=1889384.2083 ent=2.3669) rad(pl=-0.0003 vl=6022106.8333 ent=328.2000)
      [PPO] leag-t0 ep9 step46 cmd(pl=-0.0008 vl=1843008.9375 ent=2.3677) rad(pl=0.0011 vl=6095320.6667 ent=328.2393)
      [PPO] leag-t0 ep9 step88 cmd(pl=-0.0009 vl=1885313.5625 ent=2.3697) rad(pl=-0.0020 vl=6110993.0833 ent=328.2820)
      [PPO] leag-t0 ep9 step130 cmd(pl=-0.0023 vl=1926174.3333 ent=2.3720) rad(pl=0.0011 vl=6111586.2500 ent=328.3268)
      [PPO] leag-t0 ep9 step172 cmd(pl=-0.0009 vl=1850895.7083 ent=2.3683) rad(pl=0.0013 vl=6103786.0833 ent=328.3725)
      [PPO] leag-t0 ep9 step214 cmd(pl=-0.0012 vl=1885446.5208 ent=2.3731) rad(pl=-0.0031 vl=6059909.5833 ent=328.4177)
      [PPO] leag-t0 ep9 step256 cmd(pl=-0.0003 vl=1880957.2500 ent=2.3731) rad(pl=0.0004 vl=5995786.0833 ent=328.4579)
      [PPO] leag-t0 ep9 step298 cmd(pl=-0.0025 vl=1954593.1042 ent=2.3785) rad(pl=-0.0005 vl=5947747.0000 ent=328.4960)
      [PPO] leag-t0 ep9 step340 cmd(pl=-0.0007 vl=1819051.8542 ent=2.3762) rad(pl=-0.0022 vl=5889320.0000 ent=328.5335)
      [PPO] leag-t0 ep9 step382 cmd(pl=-0.0025 vl=1842796.8125 ent=2.3768) rad(pl=-0.0062 vl=5873982.9167 ent=328.5681)
      [PPO] leag-t0 ep9 step424 cmd(pl=0.0001 vl=1895050.7083 ent=2.3784) rad(pl=-0.0014 vl=5919265.0833 ent=328.5960)
      [PPO] leag-t0 ep9 step466 cmd(pl=-0.0009 vl=1801100.8750 ent=2.3765) rad(pl=0.0030 vl=5941206.1667 ent=328.6243)
    ep 10/10  steps=500 timeout  wr=0.00  avg_r=19153.8854
    ── ep 10/10  wr=0.00  avg_r=19153.8854
  Training main (team 1, p0003) against p0002...
      [PPO] main-t1 ep0 step4 cmd(pl=-0.0002 vl=1339625.7917 ent=2.2053) rad(pl=0.1370 vl=8633389.8333 ent=325.3832)
      [PPO] main-t1 ep0 step46 cmd(pl=0.0836 vl=556491.2188 ent=2.2051) rad(pl=1.6991 vl=6773030.5833 ent=325.4962)
      [PPO] main-t1 ep0 step88 cmd(pl=0.0487 vl=537930.1562 ent=2.2064) rad(pl=1.6106 vl=6776094.8333 ent=325.8181)
      [PPO] main-t1 ep0 step130 cmd(pl=0.0409 vl=527285.5990 ent=2.2104) rad(pl=1.0710 vl=6747644.6667 ent=326.1750)
      [PPO] main-t1 ep0 step172 cmd(pl=0.0463 vl=473176.8802 ent=2.2150) rad(pl=0.5787 vl=6724088.5000 ent=326.5006)
      [PPO] main-t1 ep0 step214 cmd(pl=0.0354 vl=428125.6875 ent=2.2187) rad(pl=0.4037 vl=6658837.4167 ent=326.7189)
      [PPO] main-t1 ep0 step256 cmd(pl=0.0241 vl=479797.6719 ent=2.2244) rad(pl=0.4546 vl=6753730.3333 ent=326.8507)
      [PPO] main-t1 ep0 step298 cmd(pl=0.0130 vl=368094.8594 ent=2.2295) rad(pl=0.4526 vl=6611044.3333 ent=326.9384)
      [PPO] main-t1 ep0 step340 cmd(pl=0.0293 vl=374651.6615 ent=2.2372) rad(pl=0.4462 vl=6634484.2500 ent=327.0099)
      [PPO] main-t1 ep0 step382 cmd(pl=0.0269 vl=389159.6042 ent=2.2421) rad(pl=0.4882 vl=6660179.1667 ent=327.0690)
      [PPO] main-t1 ep0 step424 cmd(pl=0.0091 vl=384825.9062 ent=2.2495) rad(pl=0.5243 vl=6586163.8333 ent=327.1279)
      [PPO] main-t1 ep0 step466 cmd(pl=0.0074 vl=331750.4010 ent=2.2584) rad(pl=0.4013 vl=6553269.7500 ent=327.2051)
    ep 1/10  steps=500 timeout  wr=0.00  avg_r=19645.8698
      [PPO] main-t1 ep1 step9 cmd(pl=0.0053 vl=278557.6641 ent=2.2738) rad(pl=0.4061 vl=6606858.3333 ent=327.2676)
      [PPO] main-t1 ep1 step51 cmd(pl=-0.0014 vl=426062.5625 ent=2.2852) rad(pl=0.3617 vl=6736706.7500 ent=327.3279)
      [PPO] main-t1 ep1 step93 cmd(pl=0.0157 vl=480321.3333 ent=2.2949) rad(pl=0.3436 vl=6757820.9167 ent=327.3923)
      [PPO] main-t1 ep1 step135 cmd(pl=0.0121 vl=473837.0469 ent=2.3002) rad(pl=0.4312 vl=6758222.5000 ent=327.4430)
      [PPO] main-t1 ep1 step177 cmd(pl=0.0028 vl=393555.8750 ent=2.3020) rad(pl=0.3553 vl=6655146.5000 ent=327.4989)
      [PPO] main-t1 ep1 step219 cmd(pl=0.0049 vl=419167.7083 ent=2.2996) rad(pl=0.3401 vl=6667053.2500 ent=327.5403)
      [PPO] main-t1 ep1 step261 cmd(pl=0.0016 vl=438259.5729 ent=2.2972) rad(pl=0.3429 vl=6687592.9167 ent=327.5706)
      [PPO] main-t1 ep1 step303 cmd(pl=-0.0035 vl=408422.2500 ent=2.2965) rad(pl=0.3918 vl=6589507.1667 ent=327.5988)
      [PPO] main-t1 ep1 step345 cmd(pl=0.0013 vl=379904.5104 ent=2.2998) rad(pl=0.3378 vl=6634316.0000 ent=327.6199)
      [PPO] main-t1 ep1 step387 cmd(pl=0.0016 vl=400588.3021 ent=2.3083) rad(pl=0.3553 vl=6571858.0000 ent=327.6406)
      [PPO] main-t1 ep1 step429 cmd(pl=-0.0001 vl=427972.6823 ent=2.3086) rad(pl=0.3272 vl=6591257.6667 ent=327.6635)
      [PPO] main-t1 ep1 step471 cmd(pl=-0.0011 vl=388763.4688 ent=2.3024) rad(pl=0.3263 vl=6518389.9167 ent=327.6849)
    ep 2/10  steps=500 timeout  wr=0.00  avg_r=19497.1872
  Training main (team 1, p0003) against p0007...
      [PPO] main-t1 ep0 step14 cmd(pl=0.0026 vl=474640.2812 ent=2.3004) rad(pl=0.3621 vl=7662686.5833 ent=327.7050)
      [PPO] main-t1 ep0 step56 cmd(pl=0.0413 vl=382651.2708 ent=2.2977) rad(pl=0.3529 vl=8997811.0000 ent=327.7266)
      [PPO] main-t1 ep0 step98 cmd(pl=0.0260 vl=350910.3594 ent=2.2956) rad(pl=0.3603 vl=8962971.3333 ent=327.7450)
      [PPO] main-t1 ep0 step140 cmd(pl=0.0196 vl=307041.3333 ent=2.2933) rad(pl=0.3525 vl=8970893.6667 ent=327.7613)
      [PPO] main-t1 ep0 step182 cmd(pl=0.0146 vl=270615.3411 ent=2.2899) rad(pl=0.3543 vl=8994089.8333 ent=327.7761)
      [PPO] main-t1 ep0 step224 cmd(pl=0.0226 vl=271355.7943 ent=2.2873) rad(pl=0.3461 vl=8933992.1667 ent=327.7901)
      [PPO] main-t1 ep0 step266 cmd(pl=0.0341 vl=252177.0443 ent=2.2846) rad(pl=0.3543 vl=8908222.1667 ent=327.8036)
      [PPO] main-t1 ep0 step308 cmd(pl=0.0159 vl=244908.7344 ent=2.2807) rad(pl=0.3502 vl=8869004.1667 ent=327.8170)
      [PPO] main-t1 ep0 step350 cmd(pl=0.0033 vl=229971.4401 ent=2.2749) rad(pl=0.3558 vl=8882095.1667 ent=327.8303)
      [PPO] main-t1 ep0 step392 cmd(pl=0.0028 vl=223982.8125 ent=2.2695) rad(pl=0.3469 vl=8853343.8333 ent=327.8441)
      [PPO] main-t1 ep0 step434 cmd(pl=0.0109 vl=256827.6536 ent=2.2631) rad(pl=0.3593 vl=8811942.3333 ent=327.8574)
      [PPO] main-t1 ep0 step476 cmd(pl=-0.0049 vl=233435.4974 ent=2.2512) rad(pl=0.3487 vl=8831674.5000 ent=327.8705)
    ep 1/10  steps=500 timeout  wr=0.00  avg_r=21016.4769
      [PPO] main-t1 ep1 step19 cmd(pl=-0.0003 vl=241352.6797 ent=2.2343) rad(pl=0.2387 vl=8871587.3333 ent=327.8836)
      [PPO] main-t1 ep1 step61 cmd(pl=-0.0024 vl=246566.2214 ent=2.2108) rad(pl=0.3603 vl=8749588.0000 ent=327.8967)
      [PPO] main-t1 ep1 step103 cmd(pl=0.0029 vl=214811.2682 ent=2.1917) rad(pl=0.3642 vl=8752386.1667 ent=327.9097)
      [PPO] main-t1 ep1 step145 cmd(pl=0.0039 vl=215599.8516 ent=2.1953) rad(pl=0.3641 vl=8734736.3333 ent=327.9228)
      [PPO] main-t1 ep1 step187 cmd(pl=0.0028 vl=201377.1432 ent=2.1988) rad(pl=0.3638 vl=8712120.8333 ent=327.9356)
      [PPO] main-t1 ep1 step229 cmd(pl=0.0067 vl=231035.1458 ent=2.1994) rad(pl=0.3637 vl=8733903.8333 ent=327.9484)
      [PPO] main-t1 ep1 step271 cmd(pl=0.0023 vl=221767.4557 ent=2.2001) rad(pl=0.3643 vl=8699410.3333 ent=327.9612)
      [PPO] main-t1 ep1 step313 cmd(pl=-0.0035 vl=211174.5677 ent=2.2055) rad(pl=0.3633 vl=8680343.8333 ent=327.9738)
      [PPO] main-t1 ep1 step355 cmd(pl=0.0008 vl=219377.4583 ent=2.2158) rad(pl=0.3620 vl=8707812.8333 ent=327.9864)
      [PPO] main-t1 ep1 step397 cmd(pl=0.0013 vl=210837.5911 ent=2.2321) rad(pl=0.3649 vl=8703425.8333 ent=327.9989)
      [PPO] main-t1 ep1 step439 cmd(pl=-0.0019 vl=238326.1667 ent=2.2409) rad(pl=0.3642 vl=8711044.5000 ent=328.0115)
      [PPO] main-t1 ep1 step481 cmd(pl=-0.0051 vl=227928.6536 ent=2.2465) rad(pl=0.3633 vl=8612278.0000 ent=328.0241)
    ep 2/10  steps=500 timeout  wr=0.00  avg_r=21123.6273
  Training main (team 1, p0003) against self...
      [PPO] main-t1 ep0 step24 cmd(pl=0.0010 vl=767963.2083 ent=2.2475) rad(pl=0.2016 vl=8524086.0000 ent=328.0393)
      [PPO] main-t1 ep0 step66 cmd(pl=-0.0002 vl=1409088.6042 ent=2.2467) rad(pl=-0.0007 vl=8365057.4167 ent=328.0659)
      [PPO] main-t1 ep0 step108 cmd(pl=-0.0000 vl=1426854.2083 ent=2.2478) rad(pl=-0.0016 vl=8343644.5833 ent=328.0965)
      [PPO] main-t1 ep0 step150 cmd(pl=0.0000 vl=1397577.0625 ent=2.2479) rad(pl=-0.0021 vl=8282729.0000 ent=328.1242)
      [PPO] main-t1 ep0 step192 cmd(pl=-0.0000 vl=1404171.9792 ent=2.2485) rad(pl=-0.0025 vl=8269807.0833 ent=328.1478)
      [PPO] main-t1 ep0 step234 cmd(pl=-0.0000 vl=1291241.0417 ent=2.2465) rad(pl=-0.0004 vl=8183116.0833 ent=328.1567)
      [PPO] main-t1 ep0 step276 cmd(pl=-0.0000 vl=1349981.2917 ent=2.2472) rad(pl=-0.0005 vl=8128732.4167 ent=328.1633)
      [PPO] main-t1 ep0 step318 cmd(pl=-0.0000 vl=1244320.3333 ent=2.2475) rad(pl=0.0003 vl=7978270.8333 ent=328.1755)
      [PPO] main-t1 ep0 step360 cmd(pl=-0.0000 vl=1395391.6667 ent=2.2478) rad(pl=-0.0008 vl=7948522.2500 ent=328.1871)
      [PPO] main-t1 ep0 step402 cmd(pl=-0.0000 vl=1394612.8958 ent=2.2473) rad(pl=0.0001 vl=7885787.9167 ent=328.1963)
      [PPO] main-t1 ep0 step444 cmd(pl=-0.0000 vl=1258571.1250 ent=2.2460) rad(pl=-0.0004 vl=7840810.9167 ent=328.2067)
      [PPO] main-t1 ep0 step486 cmd(pl=-0.0000 vl=1347884.1042 ent=2.2471) rad(pl=-0.0012 vl=7788319.2500 ent=328.2154)
    ep 1/10  steps=500 timeout  wr=0.00  avg_r=20899.5994
      [PPO] main-t1 ep1 step29 cmd(pl=-0.0000 vl=1298795.4167 ent=2.2476) rad(pl=0.0058 vl=7335529.0000 ent=328.2333)
      [PPO] main-t1 ep1 step71 cmd(pl=0.0000 vl=1362240.1250 ent=2.2470) rad(pl=-0.0007 vl=7186755.0000 ent=328.2578)
      [PPO] main-t1 ep1 step113 cmd(pl=-0.0000 vl=1375116.8333 ent=2.2472) rad(pl=-0.0005 vl=7266221.9167 ent=328.2827)
      [PPO] main-t1 ep1 step155 cmd(pl=-0.0000 vl=1238473.7917 ent=2.2474) rad(pl=-0.0015 vl=7289082.0833 ent=328.3044)
      [PPO] main-t1 ep1 step197 cmd(pl=-0.0000 vl=1299957.4792 ent=2.2483) rad(pl=0.0011 vl=7319553.0000 ent=328.3211)
      [PPO] main-t1 ep1 step239 cmd(pl=-0.0000 vl=1392931.3958 ent=2.2479) rad(pl=-0.0002 vl=7390219.3333 ent=328.3352)
      [PPO] main-t1 ep1 step281 cmd(pl=-0.0000 vl=1307753.1875 ent=2.2472) rad(pl=-0.0004 vl=7439439.3333 ent=328.3486)
      [PPO] main-t1 ep1 step323 cmd(pl=0.0000 vl=1203071.7500 ent=2.2486) rad(pl=0.0007 vl=7390665.0000 ent=328.3584)
      [PPO] main-t1 ep1 step365 cmd(pl=-0.0000 vl=1296370.7500 ent=2.2475) rad(pl=-0.0010 vl=7323424.7500 ent=328.3680)
      [PPO] main-t1 ep1 step407 cmd(pl=-0.0000 vl=1299367.5833 ent=2.2468) rad(pl=-0.0012 vl=7263676.4167 ent=328.3793)
      [PPO] main-t1 ep1 step449 cmd(pl=-0.0001 vl=1422520.9792 ent=2.2463) rad(pl=-0.0019 vl=7265499.6667 ent=328.3853)
      [PPO] main-t1 ep1 step491 cmd(pl=-0.0001 vl=1250782.5417 ent=2.2461) rad(pl=-0.0002 vl=7206707.4167 ent=328.3845)
    ep 2/10  steps=500 timeout  wr=0.00  avg_r=20824.9777
  Training main (team 1, p0003) against p0000...
      [PPO] main-t1 ep0 step34 cmd(pl=0.0972 vl=707079.1146 ent=2.2483) rad(pl=0.2343 vl=7568346.0000 ent=328.3852)
      [PPO] main-t1 ep0 step76 cmd(pl=0.0940 vl=669013.1979 ent=2.2470) rad(pl=0.3463 vl=7554231.4167 ent=328.3899)
      [PPO] main-t1 ep0 step118 cmd(pl=0.0671 vl=641852.6667 ent=2.2493) rad(pl=0.3467 vl=7571357.6667 ent=328.3994)
      [PPO] main-t1 ep0 step160 cmd(pl=0.0914 vl=650517.9167 ent=2.2486) rad(pl=0.3449 vl=7590159.3333 ent=328.4115)
      [PPO] main-t1 ep0 step202 cmd(pl=0.1205 vl=615236.8854 ent=2.2496) rad(pl=0.3459 vl=7494113.4167 ent=328.4247)
      [PPO] main-t1 ep0 step244 cmd(pl=0.1447 vl=532169.9062 ent=2.2487) rad(pl=0.3430 vl=7555191.7500 ent=328.4386)
      [PPO] main-t1 ep0 step286 cmd(pl=0.0980 vl=520687.1198 ent=2.2477) rad(pl=0.3471 vl=7458222.7500 ent=328.4529)
      [PPO] main-t1 ep0 step328 cmd(pl=0.0729 vl=486119.3125 ent=2.2478) rad(pl=0.3438 vl=7497310.9167 ent=328.4674)
      [PPO] main-t1 ep0 step370 cmd(pl=0.1548 vl=453970.7500 ent=2.2500) rad(pl=0.3460 vl=7479202.0833 ent=328.4816)
      [PPO] main-t1 ep0 step412 cmd(pl=0.0857 vl=457970.4115 ent=2.2508) rad(pl=0.3468 vl=7437963.7500 ent=328.4958)
      [PPO] main-t1 ep0 step454 cmd(pl=0.0666 vl=456236.1562 ent=2.2528) rad(pl=0.3459 vl=7384158.8333 ent=328.5100)
      [PPO] main-t1 ep0 step496 cmd(pl=0.0741 vl=428973.2031 ent=2.2543) rad(pl=0.3402 vl=7427759.0833 ent=328.5241)
    ep 1/10  steps=500 timeout  wr=0.00  avg_r=20521.9205
      [PPO] main-t1 ep1 step39 cmd(pl=0.0349 vl=471499.5052 ent=2.2478) rad(pl=0.3206 vl=7122317.0000 ent=328.5382)
      [PPO] main-t1 ep1 step81 cmd(pl=0.0437 vl=452720.0833 ent=2.2460) rad(pl=0.4015 vl=7039469.0000 ent=328.5515)
      [PPO] main-t1 ep1 step123 cmd(pl=0.0038 vl=422007.6406 ent=2.2480) rad(pl=0.3974 vl=6995869.4167 ent=328.5647)
      [PPO] main-t1 ep1 step165 cmd(pl=0.0182 vl=377695.0469 ent=2.2478) rad(pl=0.3915 vl=6946789.4167 ent=328.5775)
      [PPO] main-t1 ep1 step207 cmd(pl=0.0030 vl=383479.2500 ent=2.2497) rad(pl=0.3955 vl=6859223.0000 ent=328.5900)
      [PPO] main-t1 ep1 step249 cmd(pl=0.0327 vl=340174.2500 ent=2.2503) rad(pl=0.3929 vl=6910646.9167 ent=328.6026)
      [PPO] main-t1 ep1 step291 cmd(pl=0.0005 vl=372697.6927 ent=2.2526) rad(pl=0.3964 vl=6863089.7500 ent=328.6155)
      [PPO] main-t1 ep1 step333 cmd(pl=-0.0004 vl=344794.8698 ent=2.2595) rad(pl=0.3958 vl=6891373.5833 ent=328.6287)
      [PPO] main-t1 ep1 step375 cmd(pl=0.0027 vl=381536.5365 ent=2.2706) rad(pl=0.4010 vl=6845537.5000 ent=328.6420)
      [PPO] main-t1 ep1 step417 cmd(pl=0.0072 vl=369527.7656 ent=2.2690) rad(pl=0.3960 vl=6888519.2500 ent=328.6552)
      [PPO] main-t1 ep1 step459 cmd(pl=0.0035 vl=382497.2396 ent=2.2729) rad(pl=0.4014 vl=6848457.8333 ent=328.6680)
    ep 2/10  steps=500 timeout  wr=0.00  avg_r=20538.9463
  Resetting p0004 to anchor p0016 (role=main, gen=2)
  Training main_exploiter (team 1, p0004) against p0014...
      [PPO] main-t1 ep0 step41 cmd(pl=0.0079 vl=377094.8802 ent=2.2767) rad(pl=0.3073 vl=7247767.2500 ent=328.6812)
      [PPO] main-t1 ep0 step83 cmd(pl=0.0057 vl=367630.7500 ent=2.2810) rad(pl=0.3578 vl=7245320.1667 ent=328.6948)
      [PPO] main-t1 ep0 step125 cmd(pl=-0.0029 vl=358534.1667 ent=2.2894) rad(pl=0.3593 vl=7211105.5833 ent=328.7083)
      [PPO] main-t1 ep0 step167 cmd(pl=-0.0059 vl=355524.8906 ent=2.2949) rad(pl=0.3562 vl=7155860.5833 ent=328.7217)
      [PPO] main-t1 ep0 step209 cmd(pl=-0.0026 vl=382136.4271 ent=2.3003) rad(pl=0.3572 vl=7169616.3333 ent=328.7348)
      [PPO] main-t1 ep0 step251 cmd(pl=0.0069 vl=387524.2031 ent=2.3013) rad(pl=0.3574 vl=7139070.2500 ent=328.7477)
      [PPO] main-t1 ep0 step293 cmd(pl=0.0034 vl=365677.3125 ent=2.2965) rad(pl=0.3579 vl=7156747.0833 ent=328.7606)
      [PPO] main-t1 ep0 step335 cmd(pl=0.0026 vl=388943.8281 ent=2.2930) rad(pl=0.3597 vl=7157651.4167 ent=328.7739)
      [PPO] main-t1 ep0 step377 cmd(pl=0.0011 vl=371456.6302 ent=2.2881) rad(pl=0.3578 vl=7074857.6667 ent=328.7876)
      [PPO] main-t1 ep0 step419 cmd(pl=-0.0025 vl=361267.4948 ent=2.2900) rad(pl=0.3591 vl=7088257.8333 ent=328.8012)
      [PPO] main-t1 ep0 step461 cmd(pl=0.0002 vl=347503.9375 ent=2.2992) rad(pl=0.3580 vl=7088533.7500 ent=328.8150)
    ep 1/10  steps=500 timeout  wr=0.00  avg_r=20226.2302
      [PPO] main-t1 ep1 step4 cmd(pl=-0.0028 vl=371930.1406 ent=2.3019) rad(pl=0.2979 vl=7291720.8333 ent=328.8290)
      [PPO] main-t1 ep1 step46 cmd(pl=0.0050 vl=366430.1198 ent=2.3056) rad(pl=0.3666 vl=6993619.1667 ent=328.8430)
      [PPO] main-t1 ep1 step88 cmd(pl=0.0038 vl=393350.0938 ent=2.3003) rad(pl=0.3695 vl=7041882.9167 ent=328.8568)
      [PPO] main-t1 ep1 step130 cmd(pl=0.0030 vl=371740.3021 ent=2.2915) rad(pl=0.3662 vl=6970390.5833 ent=328.8705)
      [PPO] main-t1 ep1 step172 cmd(pl=-0.0008 vl=393624.2240 ent=2.2870) rad(pl=0.3720 vl=6992391.0000 ent=328.8844)
      [PPO] main-t1 ep1 step214 cmd(pl=-0.0014 vl=359566.8542 ent=2.2853) rad(pl=0.3695 vl=6915704.0000 ent=328.8986)
      [PPO] main-t1 ep1 step256 cmd(pl=0.0031 vl=358989.0365 ent=2.2853) rad(pl=0.3690 vl=6906742.9167 ent=328.9129)
      [PPO] main-t1 ep1 step298 cmd(pl=-0.0012 vl=356291.7865 ent=2.2885) rad(pl=0.3675 vl=6896207.1667 ent=328.9273)
      [PPO] main-t1 ep1 step340 cmd(pl=-0.0014 vl=391444.8333 ent=2.2946) rad(pl=0.3701 vl=6937133.2500 ent=328.9417)
      [PPO] main-t1 ep1 step382 cmd(pl=0.0050 vl=354334.6615 ent=2.3004) rad(pl=0.3677 vl=6880719.5000 ent=328.9560)
      [PPO] main-t1 ep1 step424 cmd(pl=-0.0079 vl=351574.1771 ent=2.3082) rad(pl=0.3691 vl=6900811.9167 ent=328.9704)
      [PPO] main-t1 ep1 step466 cmd(pl=-0.0012 vl=341253.3854 ent=2.3158) rad(pl=0.3675 vl=6880323.5833 ent=328.9851)
    ep 2/10  steps=500 timeout  wr=0.00  avg_r=20256.4907
      [PPO] main-t1 ep2 step9 cmd(pl=0.0114 vl=350642.8021 ent=2.3192) rad(pl=0.2811 vl=6822533.1667 ent=328.9999)
      [PPO] main-t1 ep2 step51 cmd(pl=-0.0014 vl=380841.2500 ent=2.3118) rad(pl=0.3722 vl=7099260.5833 ent=329.0150)
      [PPO] main-t1 ep2 step93 cmd(pl=0.0005 vl=389993.1406 ent=2.3062) rad(pl=0.3753 vl=7044656.3333 ent=329.0305)
      [PPO] main-t1 ep2 step135 cmd(pl=0.0023 vl=445725.8698 ent=2.2992) rad(pl=0.3745 vl=7091852.5000 ent=329.0463)
      [PPO] main-t1 ep2 step177 cmd(pl=-0.0101 vl=405713.0260 ent=2.2937) rad(pl=0.3760 vl=7050273.5000 ent=329.0626)
      [PPO] main-t1 ep2 step219 cmd(pl=0.0044 vl=374033.1510 ent=2.2893) rad(pl=0.3717 vl=7038225.8333 ent=329.0793)
      [PPO] main-t1 ep2 step261 cmd(pl=0.0055 vl=387234.5729 ent=2.2921) rad(pl=0.3750 vl=7019512.3333 ent=329.0960)
      [PPO] main-t1 ep2 step303 cmd(pl=0.0011 vl=408926.9844 ent=2.2990) rad(pl=0.3726 vl=6956380.0000 ent=329.1127)
      [PPO] main-t1 ep2 step345 cmd(pl=-0.0042 vl=404706.1667 ent=2.3028) rad(pl=0.3756 vl=7026078.2500 ent=329.1293)
      [PPO] main-t1 ep2 step387 cmd(pl=0.0033 vl=378207.2500 ent=2.3042) rad(pl=0.3762 vl=6928404.6667 ent=329.1462)
      [PPO] main-t1 ep2 step429 cmd(pl=-0.0006 vl=407819.4271 ent=2.3030) rad(pl=0.3712 vl=6987056.5000 ent=329.1634)
      [PPO] main-t1 ep2 step471 cmd(pl=-0.0001 vl=380088.7135 ent=2.3002) rad(pl=0.3759 vl=6933215.5833 ent=329.1807)
    ep 3/10  steps=500 timeout  wr=0.00  avg_r=20243.5585
      [PPO] main-t1 ep3 step14 cmd(pl=-0.0009 vl=380406.5781 ent=2.2838) rad(pl=0.2841 vl=6897981.5833 ent=329.1981)
      [PPO] main-t1 ep3 step56 cmd(pl=0.0038 vl=372559.4740 ent=2.2734) rad(pl=0.3816 vl=6573563.1667 ent=329.2153)
      [PPO] main-t1 ep3 step98 cmd(pl=0.0019 vl=389269.1979 ent=2.2701) rad(pl=0.3833 vl=6564082.2500 ent=329.2319)
      [PPO] main-t1 ep3 step140 cmd(pl=0.0081 vl=359385.4792 ent=2.2776) rad(pl=0.3817 vl=6478359.4167 ent=329.2483)
      [PPO] main-t1 ep3 step182 cmd(pl=0.0015 vl=405038.5104 ent=2.2855) rad(pl=0.3826 vl=6517665.1667 ent=329.2646)
      [PPO] main-t1 ep3 step224 cmd(pl=-0.0029 vl=416573.0625 ent=2.2909) rad(pl=0.3818 vl=6510063.4167 ent=329.2811)
      [PPO] main-t1 ep3 step266 cmd(pl=0.0014 vl=396110.5521 ent=2.2909) rad(pl=0.3824 vl=6463186.5000 ent=329.2975)
      [PPO] main-t1 ep3 step308 cmd(pl=0.0009 vl=404506.9479 ent=2.2949) rad(pl=0.3839 vl=6478200.5000 ent=329.3138)
      [PPO] main-t1 ep3 step350 cmd(pl=-0.0019 vl=403851.7969 ent=2.2989) rad(pl=0.3815 vl=6435388.5833 ent=329.3300)
      [PPO] main-t1 ep3 step392 cmd(pl=0.0054 vl=410632.8073 ent=2.2987) rad(pl=0.3831 vl=6430056.3333 ent=329.3463)
      [PPO] main-t1 ep3 step434 cmd(pl=0.0003 vl=398666.7240 ent=2.2909) rad(pl=0.3812 vl=6421693.0000 ent=329.3627)
      [PPO] main-t1 ep3 step476 cmd(pl=-0.0002 vl=423019.1094 ent=2.2813) rad(pl=0.3816 vl=6420907.8333 ent=329.3791)
    ep 4/10  steps=500 timeout  wr=0.00  avg_r=20249.3488
      [PPO] main-t1 ep4 step19 cmd(pl=-0.0047 vl=389464.8177 ent=2.2686) rad(pl=0.2855 vl=6378339.0833 ent=329.3955)
      [PPO] main-t1 ep4 step61 cmd(pl=-0.0031 vl=393468.9271 ent=2.2598) rad(pl=0.3924 vl=6257617.2500 ent=329.4124)
      [PPO] main-t1 ep4 step103 cmd(pl=0.0061 vl=400208.3125 ent=2.2627) rad(pl=0.3941 vl=6289525.9167 ent=329.4297)
      [PPO] main-t1 ep4 step145 cmd(pl=0.0041 vl=416334.0885 ent=2.2739) rad(pl=0.3911 vl=6264080.6667 ent=329.4473)
      [PPO] main-t1 ep4 step187 cmd(pl=-0.0026 vl=406640.4167 ent=2.2801) rad(pl=0.3930 vl=6302757.0000 ent=329.4651)
      [PPO] main-t1 ep4 step229 cmd(pl=-0.0015 vl=427123.3333 ent=2.2860) rad(pl=0.3919 vl=6267143.7500 ent=329.4831)
      [PPO] main-t1 ep4 step271 cmd(pl=0.0006 vl=427470.1198 ent=2.2954) rad(pl=0.3911 vl=6193787.5000 ent=329.5012)
      [PPO] main-t1 ep4 step313 cmd(pl=0.0058 vl=420810.5990 ent=2.2956) rad(pl=0.3912 vl=6231513.9167 ent=329.5193)
      [PPO] main-t1 ep4 step355 cmd(pl=0.0087 vl=418765.8698 ent=2.2844) rad(pl=0.3928 vl=6186570.2500 ent=329.5373)
      [PPO] main-t1 ep4 step397 cmd(pl=-0.0013 vl=401842.6979 ent=2.2779) rad(pl=0.3929 vl=6187328.4167 ent=329.5556)
      [PPO] main-t1 ep4 step439 cmd(pl=0.0059 vl=400392.7865 ent=2.2713) rad(pl=0.3927 vl=6173935.8333 ent=329.5740)
      [PPO] main-t1 ep4 step481 cmd(pl=0.0022 vl=408800.6094 ent=2.2724) rad(pl=0.3915 vl=6160974.5000 ent=329.5924)
    ep 5/10  steps=500 timeout  wr=0.00  avg_r=20271.5562
    ── ep 5/10  wr=0.00  avg_r=20271.5562
      [PPO] main-t1 ep5 step24 cmd(pl=0.0038 vl=395285.0573 ent=2.2709) rad(pl=0.2899 vl=6866187.5833 ent=329.6114)
      [PPO] main-t1 ep5 step66 cmd(pl=-0.0040 vl=397818.6823 ent=2.2672) rad(pl=0.3672 vl=7418808.1667 ent=329.6321)
      [PPO] main-t1 ep5 step108 cmd(pl=0.0096 vl=399695.3490 ent=2.2682) rad(pl=0.3633 vl=7391189.5000 ent=329.6546)
      [PPO] main-t1 ep5 step150 cmd(pl=-0.0021 vl=401217.1927 ent=2.2689) rad(pl=0.3677 vl=7383420.3333 ent=329.6779)
      [PPO] main-t1 ep5 step192 cmd(pl=0.0006 vl=376545.5573 ent=2.2716) rad(pl=0.3700 vl=7362682.0000 ent=329.7024)
      [PPO] main-t1 ep5 step234 cmd(pl=0.0053 vl=372432.0000 ent=2.2767) rad(pl=0.3702 vl=7278222.5000 ent=329.7278)
      [PPO] main-t1 ep5 step276 cmd(pl=-0.0017 vl=416512.4115 ent=2.2805) rad(pl=0.3656 vl=7332538.8333 ent=329.7537)
      [PPO] main-t1 ep5 step318 cmd(pl=-0.0001 vl=398230.3750 ent=2.2816) rad(pl=0.3663 vl=7294794.3333 ent=329.7799)
      [PPO] main-t1 ep5 step360 cmd(pl=0.0057 vl=362548.9531 ent=2.2795) rad(pl=0.3688 vl=7310044.0833 ent=329.8063)
      [PPO] main-t1 ep5 step402 cmd(pl=-0.0091 vl=419242.8802 ent=2.2820) rad(pl=0.3645 vl=7310021.2500 ent=329.8330)
      [PPO] main-t1 ep5 step444 cmd(pl=0.0029 vl=393147.7708 ent=2.2734) rad(pl=0.3687 vl=7311284.5000 ent=329.8597)
      [PPO] main-t1 ep5 step486 cmd(pl=0.0049 vl=366022.9167 ent=2.2677) rad(pl=0.3698 vl=7288056.3333 ent=329.8866)
    ep 6/10  steps=500 timeout  wr=0.00  avg_r=20288.2917
      [PPO] main-t1 ep6 step29 cmd(pl=0.0023 vl=420959.9062 ent=2.2675) rad(pl=0.2807 vl=6027856.3333 ent=329.9130)
      [PPO] main-t1 ep6 step71 cmd(pl=0.0061 vl=378710.4740 ent=2.2661) rad(pl=0.3752 vl=5320543.4167 ent=329.9372)
      [PPO] main-t1 ep6 step113 cmd(pl=0.0006 vl=343383.3333 ent=2.2688) rad(pl=0.3761 vl=5253471.5000 ent=329.9591)
      [PPO] main-t1 ep6 step155 cmd(pl=0.0016 vl=367697.5625 ent=2.2678) rad(pl=0.3753 vl=5269079.8333 ent=329.9796)
      [PPO] main-t1 ep6 step197 cmd(pl=0.0013 vl=363238.3594 ent=2.2676) rad(pl=0.3733 vl=5238030.5000 ent=329.9995)
      [PPO] main-t1 ep6 step239 cmd(pl=0.0017 vl=335139.6953 ent=2.2681) rad(pl=0.3766 vl=5186827.4167 ent=330.0191)
      [PPO] main-t1 ep6 step281 cmd(pl=0.0020 vl=359483.8385 ent=2.2634) rad(pl=0.3761 vl=5222857.7500 ent=330.0387)
      [PPO] main-t1 ep6 step323 cmd(pl=0.0074 vl=337083.8802 ent=2.2603) rad(pl=0.3756 vl=5212640.6667 ent=330.0584)
      [PPO] main-t1 ep6 step365 cmd(pl=0.0002 vl=342494.9531 ent=2.2617) rad(pl=0.3764 vl=5167896.2500 ent=330.0782)
      [PPO] main-t1 ep6 step407 cmd(pl=0.0004 vl=368061.8958 ent=2.2606) rad(pl=0.3742 vl=5179586.1667 ent=330.0979)
      [PPO] main-t1 ep6 step449 cmd(pl=-0.0010 vl=346689.0312 ent=2.2607) rad(pl=0.3762 vl=5109521.6667 ent=330.1178)
      [PPO] main-t1 ep6 step491 cmd(pl=-0.0038 vl=326507.2656 ent=2.2627) rad(pl=0.3772 vl=5089950.4167 ent=330.1380)
    ep 7/10  steps=500 timeout  wr=0.00  avg_r=20319.0088
      [PPO] main-t1 ep7 step34 cmd(pl=0.0044 vl=405380.0625 ent=2.2636) rad(pl=0.2769 vl=5864979.8333 ent=330.1584)
      [PPO] main-t1 ep7 step76 cmd(pl=0.0062 vl=409963.1875 ent=2.2662) rad(pl=0.4005 vl=5984498.8333 ent=330.1794)
      [PPO] main-t1 ep7 step118 cmd(pl=-0.0018 vl=448384.1979 ent=2.2656) rad(pl=0.4041 vl=6024484.5000 ent=330.2011)
      [PPO] main-t1 ep7 step160 cmd(pl=0.0074 vl=404370.7448 ent=2.2665) rad(pl=0.3975 vl=6006059.6667 ent=330.2231)
      [PPO] main-t1 ep7 step202 cmd(pl=0.0099 vl=363570.5000 ent=2.2714) rad(pl=0.3942 vl=5965941.5833 ent=330.2455)
      [PPO] main-t1 ep7 step244 cmd(pl=-0.0007 vl=400728.7865 ent=2.2758) rad(pl=0.4023 vl=5962717.5833 ent=330.2679)
      [PPO] main-t1 ep7 step286 cmd(pl=0.0045 vl=366974.3438 ent=2.2829) rad(pl=0.3988 vl=5910159.4167 ent=330.2905)
      [PPO] main-t1 ep7 step328 cmd(pl=-0.0039 vl=386977.6354 ent=2.2872) rad(pl=0.4009 vl=5901219.3333 ent=330.3133)
      [PPO] main-t1 ep7 step370 cmd(pl=-0.0033 vl=361101.1094 ent=2.2869) rad(pl=0.3970 vl=5891001.4167 ent=330.3362)
      [PPO] main-t1 ep7 step412 cmd(pl=0.0010 vl=413936.4531 ent=2.2908) rad(pl=0.4035 vl=5891127.8333 ent=330.3594)
      [PPO] main-t1 ep7 step454 cmd(pl=0.0044 vl=366782.9792 ent=2.2965) rad(pl=0.3989 vl=5853932.5833 ent=330.3827)
      [PPO] main-t1 ep7 step496 cmd(pl=0.0048 vl=383652.7083 ent=2.2995) rad(pl=0.4000 vl=5835214.6667 ent=330.4061)
    ep 8/10  steps=500 timeout  wr=0.00  avg_r=20299.5250
      [PPO] main-t1 ep8 step39 cmd(pl=0.0095 vl=413494.2448 ent=2.2997) rad(pl=0.2904 vl=6070237.7500 ent=330.4297)
      [PPO] main-t1 ep8 step81 cmd(pl=-0.0014 vl=559705.9271 ent=2.3021) rad(pl=0.3821 vl=6193200.9167 ent=330.4544)
      [PPO] main-t1 ep8 step123 cmd(pl=-0.0060 vl=466454.8073 ent=2.3034) rad(pl=0.3840 vl=6075168.9167 ent=330.4801)
      [PPO] main-t1 ep8 step165 cmd(pl=-0.0005 vl=444093.7292 ent=2.3031) rad(pl=0.3839 vl=6046158.2500 ent=330.5062)
      [PPO] main-t1 ep8 step207 cmd(pl=0.0044 vl=481387.2708 ent=2.3039) rad(pl=0.3818 vl=6070397.5833 ent=330.5328)
      [PPO] main-t1 ep8 step249 cmd(pl=0.0068 vl=415624.4219 ent=2.3037) rad(pl=0.3868 vl=6057233.3333 ent=330.5596)
      [PPO] main-t1 ep8 step291 cmd(pl=-0.0062 vl=428701.1354 ent=2.3071) rad(pl=0.3858 vl=6051566.4167 ent=330.5865)
      [PPO] main-t1 ep8 step333 cmd(pl=-0.0067 vl=411925.0417 ent=2.3124) rad(pl=0.3853 vl=6035708.1667 ent=330.6136)
      [PPO] main-t1 ep8 step375 cmd(pl=0.0014 vl=439260.6354 ent=2.3191) rad(pl=0.3856 vl=6040348.4167 ent=330.6407)
      [PPO] main-t1 ep8 step417 cmd(pl=0.0115 vl=459631.6667 ent=2.3179) rad(pl=0.3830 vl=5970122.9167 ent=330.6680)
      [PPO] main-t1 ep8 step459 cmd(pl=0.0019 vl=457966.0365 ent=2.3123) rad(pl=0.3846 vl=6026155.1667 ent=330.6955)
    ep 9/10  steps=500 timeout  wr=0.00  avg_r=20301.1157
      [PPO] main-t1 ep9 step2 cmd(pl=0.0047 vl=489608.4010 ent=2.3073) rad(pl=0.3231 vl=6494212.5833 ent=330.7230)
      [PPO] main-t1 ep9 step44 cmd(pl=-0.0002 vl=526022.0104 ent=2.2975) rad(pl=0.3756 vl=6424499.6667 ent=330.7503)
      [PPO] main-t1 ep9 step86 cmd(pl=-0.0032 vl=523198.1250 ent=2.2921) rad(pl=0.3754 vl=6403791.1667 ent=330.7775)
      [PPO] main-t1 ep9 step128 cmd(pl=0.0106 vl=448655.7188 ent=2.2880) rad(pl=0.3778 vl=6397608.4167 ent=330.8047)
      [PPO] main-t1 ep9 step170 cmd(pl=0.0173 vl=454624.2188 ent=2.2867) rad(pl=0.3764 vl=6342310.9167 ent=330.8321)
      [PPO] main-t1 ep9 step212 cmd(pl=0.0110 vl=429200.4375 ent=2.2849) rad(pl=0.3728 vl=6410538.0833 ent=330.8596)
      [PPO] main-t1 ep9 step254 cmd(pl=0.0030 vl=380871.2708 ent=2.2845) rad(pl=0.3717 vl=6366928.1667 ent=330.8872)
      [PPO] main-t1 ep9 step296 cmd(pl=0.0038 vl=362256.4896 ent=2.2844) rad(pl=0.3761 vl=6320207.5833 ent=330.9147)
      [PPO] main-t1 ep9 step338 cmd(pl=0.0008 vl=353726.5885 ent=2.2834) rad(pl=0.3746 vl=6377123.2500 ent=330.9424)
      [PPO] main-t1 ep9 step380 cmd(pl=-0.0010 vl=294546.3047 ent=2.2824) rad(pl=0.3734 vl=6358512.0000 ent=330.9703)
      [PPO] main-t1 ep9 step422 cmd(pl=0.0038 vl=331606.8125 ent=2.2822) rad(pl=0.3746 vl=6341943.8333 ent=330.9984)
      [PPO] main-t1 ep9 step464 cmd(pl=0.0018 vl=321904.0286 ent=2.2836) rad(pl=0.3748 vl=6294851.9167 ent=331.0267)
    ep 10/10  steps=500 timeout  wr=0.00  avg_r=20307.4405
    ── ep 10/10  wr=0.00  avg_r=20307.4405
  Training league_exploiter (team 1, p0005) against p0015...
      [PPO] leag-t1 ep0 step43 cmd(pl=0.0263 vl=515681.8229 ent=2.2122) rad(pl=0.9381 vl=9440227.8333 ent=326.2149)
      [PPO] leag-t1 ep0 step85 cmd(pl=0.0659 vl=484516.2031 ent=2.2168) rad(pl=0.9238 vl=9385069.3333 ent=326.4787)
      [PPO] leag-t1 ep0 step127 cmd(pl=0.0473 vl=451145.9375 ent=2.2234) rad(pl=0.4131 vl=9325064.6667 ent=326.8216)
      [PPO] leag-t1 ep0 step169 cmd(pl=0.0701 vl=408469.3698 ent=2.2268) rad(pl=0.4790 vl=9311578.6667 ent=327.0853)
      [PPO] leag-t1 ep0 step211 cmd(pl=0.0508 vl=380049.8802 ent=2.2315) rad(pl=0.3210 vl=9298473.0000 ent=327.2816)
      [PPO] leag-t1 ep0 step253 cmd(pl=0.0387 vl=393439.6979 ent=2.2364) rad(pl=0.6024 vl=9290705.6667 ent=327.4295)
      [PPO] leag-t1 ep0 step295 cmd(pl=0.0358 vl=396091.2448 ent=2.2406) rad(pl=0.4393 vl=9301744.1667 ent=327.5707)
      [PPO] leag-t1 ep0 step337 cmd(pl=0.0388 vl=384674.2448 ent=2.2457) rad(pl=0.3750 vl=9234660.5000 ent=327.6898)
      [PPO] leag-t1 ep0 step379 cmd(pl=0.0219 vl=325132.8698 ent=2.2524) rad(pl=0.3668 vl=9219427.5000 ent=327.7889)
      [PPO] leag-t1 ep0 step421 cmd(pl=0.0295 vl=345585.0677 ent=2.2627) rad(pl=0.3489 vl=9183976.6667 ent=327.8651)
      [PPO] leag-t1 ep0 step463 cmd(pl=0.0144 vl=335278.7344 ent=2.2822) rad(pl=0.3654 vl=9169124.3333 ent=327.9273)
    ep 1/10  steps=500 timeout  wr=0.00  avg_r=19731.9427
      [PPO] leag-t1 ep1 step6 cmd(pl=0.0045 vl=410887.2708 ent=2.2937) rad(pl=0.3184 vl=9154611.3333 ent=327.9914)
      [PPO] leag-t1 ep1 step48 cmd(pl=0.0054 vl=347512.2760 ent=2.2937) rad(pl=0.2931 vl=9239394.0000 ent=328.0494)
      [PPO] leag-t1 ep1 step90 cmd(pl=0.0038 vl=370270.1667 ent=2.2933) rad(pl=0.3252 vl=9310818.1667 ent=328.0996)
      [PPO] leag-t1 ep1 step132 cmd(pl=0.0051 vl=343545.0469 ent=2.2962) rad(pl=0.3151 vl=9205533.3333 ent=328.1398)
      [PPO] leag-t1 ep1 step174 cmd(pl=0.0000 vl=347807.4844 ent=2.3064) rad(pl=0.3318 vl=9216758.1667 ent=328.1734)
      [PPO] leag-t1 ep1 step216 cmd(pl=0.0068 vl=320298.8490 ent=2.3148) rad(pl=0.3247 vl=9151057.8333 ent=328.2068)
      [PPO] leag-t1 ep1 step258 cmd(pl=-0.0022 vl=352925.7552 ent=2.3226) rad(pl=0.3534 vl=9109468.0000 ent=328.2421)
      [PPO] leag-t1 ep1 step300 cmd(pl=-0.0029 vl=375439.8177 ent=2.3210) rad(pl=0.3491 vl=9099426.0000 ent=328.2807)
      [PPO] leag-t1 ep1 step342 cmd(pl=0.0001 vl=348397.7188 ent=2.3135) rad(pl=0.3455 vl=9060762.6667 ent=328.3173)
      [PPO] leag-t1 ep1 step384 cmd(pl=-0.0002 vl=326774.4583 ent=2.3161) rad(pl=0.3130 vl=9045073.3333 ent=328.3490)
      [PPO] leag-t1 ep1 step426 cmd(pl=-0.0070 vl=324588.2031 ent=2.3242) rad(pl=0.3676 vl=9029166.3333 ent=328.3750)
      [PPO] leag-t1 ep1 step468 cmd(pl=0.0026 vl=321200.1927 ent=2.3346) rad(pl=0.3069 vl=9052475.0000 ent=328.4063)
    ep 2/10  steps=500 timeout  wr=0.00  avg_r=19564.7662
      [PPO] leag-t1 ep2 step11 cmd(pl=-0.0014 vl=341000.8594 ent=2.3397) rad(pl=0.2920 vl=8954849.8333 ent=328.4278)
      [PPO] leag-t1 ep2 step53 cmd(pl=-0.0017 vl=385662.4948 ent=2.3360) rad(pl=0.3155 vl=8959602.6667 ent=328.4421)
      [PPO] leag-t1 ep2 step95 cmd(pl=-0.0003 vl=386710.2396 ent=2.3301) rad(pl=0.3261 vl=8957095.3333 ent=328.4526)
      [PPO] leag-t1 ep2 step137 cmd(pl=0.0004 vl=347535.6042 ent=2.3389) rad(pl=0.3100 vl=8892949.6667 ent=328.4579)
      [PPO] leag-t1 ep2 step179 cmd(pl=0.0002 vl=387867.6146 ent=2.3490) rad(pl=0.3467 vl=8899910.5000 ent=328.4598)
      [PPO] leag-t1 ep2 step221 cmd(pl=0.0019 vl=394971.5417 ent=2.3498) rad(pl=0.2853 vl=8935271.8333 ent=328.4625)
      [PPO] leag-t1 ep2 step263 cmd(pl=0.0040 vl=369498.9479 ent=2.3545) rad(pl=0.2875 vl=8884520.3333 ent=328.4580)
      [PPO] leag-t1 ep2 step305 cmd(pl=0.0006 vl=365988.0365 ent=2.3572) rad(pl=0.2961 vl=8816581.5000 ent=328.4460)
      [PPO] leag-t1 ep2 step347 cmd(pl=0.0034 vl=366204.9531 ent=2.3505) rad(pl=0.3207 vl=8827584.5000 ent=328.4324)
      [PPO] leag-t1 ep2 step389 cmd(pl=0.0062 vl=397095.6354 ent=2.3433) rad(pl=0.3590 vl=8841745.3333 ent=328.4220)
      [PPO] leag-t1 ep2 step431 cmd(pl=0.0008 vl=352731.6615 ent=2.3406) rad(pl=0.2836 vl=8796358.8333 ent=328.4231)
      [PPO] leag-t1 ep2 step473 cmd(pl=0.0050 vl=363824.5677 ent=2.3419) rad(pl=0.3176 vl=8802786.6667 ent=328.4139)
    ep 3/10  steps=500 timeout  wr=0.00  avg_r=19549.7610
      [PPO] leag-t1 ep3 step16 cmd(pl=0.0072 vl=389213.2031 ent=2.3445) rad(pl=0.3157 vl=8660823.1667 ent=328.4110)
      [PPO] leag-t1 ep3 step58 cmd(pl=0.0089 vl=370522.2760 ent=2.3436) rad(pl=0.2642 vl=8300695.2500 ent=328.4141)
      [PPO] leag-t1 ep3 step100 cmd(pl=0.0096 vl=361503.9115 ent=2.3444) rad(pl=0.2569 vl=8296997.2500 ent=328.4116)
      [PPO] leag-t1 ep3 step142 cmd(pl=0.0034 vl=342386.3698 ent=2.3448) rad(pl=0.3160 vl=8249288.0000 ent=328.4097)
      [PPO] leag-t1 ep3 step184 cmd(pl=-0.0004 vl=334717.7812 ent=2.3475) rad(pl=0.2579 vl=8197840.5833 ent=328.4149)
      [PPO] leag-t1 ep3 step226 cmd(pl=-0.0044 vl=336358.3333 ent=2.3516) rad(pl=0.3344 vl=8185804.7500 ent=328.4193)
      [PPO] leag-t1 ep3 step268 cmd(pl=0.0000 vl=340479.8229 ent=2.3481) rad(pl=0.3081 vl=8197425.5000 ent=328.4340)
      [PPO] leag-t1 ep3 step310 cmd(pl=0.0144 vl=316453.7292 ent=2.3431) rad(pl=0.2931 vl=8133594.6667 ent=328.4497)
      [PPO] leag-t1 ep3 step352 cmd(pl=0.0045 vl=328382.6510 ent=2.3403) rad(pl=0.3636 vl=8096072.7500 ent=328.4625)
      [PPO] leag-t1 ep3 step394 cmd(pl=0.0024 vl=370446.3177 ent=2.3420) rad(pl=0.3323 vl=8140630.1667 ent=328.4827)
      [PPO] leag-t1 ep3 step436 cmd(pl=-0.0066 vl=310303.7135 ent=2.3473) rad(pl=0.3333 vl=8074820.2500 ent=328.5078)
      [PPO] leag-t1 ep3 step478 cmd(pl=-0.0006 vl=340072.2812 ent=2.3531) rad(pl=0.3245 vl=8044166.2500 ent=328.5342)
    ep 4/10  steps=500 timeout  wr=0.00  avg_r=19567.7467
      [PPO] leag-t1 ep4 step21 cmd(pl=0.0057 vl=307854.5833 ent=2.3631) rad(pl=0.2564 vl=8407020.2500 ent=328.5603)
      [PPO] leag-t1 ep4 step63 cmd(pl=0.0020 vl=418682.8438 ent=2.3655) rad(pl=0.2971 vl=8514554.3333 ent=328.5742)
      [PPO] leag-t1 ep4 step105 cmd(pl=-0.0090 vl=328393.7604 ent=2.3678) rad(pl=0.2892 vl=8392108.4167 ent=328.5836)
      [PPO] leag-t1 ep4 step147 cmd(pl=-0.0013 vl=329971.1979 ent=2.3708) rad(pl=0.2598 vl=8385555.8333 ent=328.5843)
      [PPO] leag-t1 ep4 step189 cmd(pl=0.0077 vl=372493.7135 ent=2.3786) rad(pl=0.2871 vl=8429634.0000 ent=328.5776)
      [PPO] leag-t1 ep4 step231 cmd(pl=0.0015 vl=351459.8385 ent=2.3779) rad(pl=0.3192 vl=8368265.8333 ent=328.5799)
      [PPO] leag-t1 ep4 step273 cmd(pl=-0.0000 vl=360769.0156 ent=2.3693) rad(pl=0.2743 vl=8383038.6667 ent=328.5890)
      [PPO] leag-t1 ep4 step315 cmd(pl=-0.0057 vl=393220.4479 ent=2.3522) rad(pl=0.2981 vl=8396204.7500 ent=328.5966)
      [PPO] leag-t1 ep4 step357 cmd(pl=-0.0020 vl=347352.8385 ent=2.3395) rad(pl=0.2807 vl=8298092.0833 ent=328.6092)
      [PPO] leag-t1 ep4 step399 cmd(pl=-0.0025 vl=371068.9635 ent=2.3275) rad(pl=0.2375 vl=8353621.5833 ent=328.6186)
      [PPO] leag-t1 ep4 step441 cmd(pl=0.0035 vl=372824.7552 ent=2.3205) rad(pl=0.3205 vl=8290918.7500 ent=328.6178)
      [PPO] leag-t1 ep4 step483 cmd(pl=-0.0011 vl=382987.4688 ent=2.3226) rad(pl=0.3071 vl=8334550.2500 ent=328.6305)
    ep 5/10  steps=500 timeout  wr=0.00  avg_r=19579.2685
    ── ep 5/10  wr=0.00  avg_r=19579.2685
      [PPO] leag-t1 ep5 step26 cmd(pl=0.0040 vl=377280.2292 ent=2.3351) rad(pl=0.2938 vl=8371477.7500 ent=328.6530)
      [PPO] leag-t1 ep5 step68 cmd(pl=-0.0009 vl=403236.3542 ent=2.3454) rad(pl=0.3430 vl=8460326.6667 ent=328.6744)
      [PPO] leag-t1 ep5 step110 cmd(pl=0.0014 vl=396582.2969 ent=2.3505) rad(pl=0.3517 vl=8477627.1667 ent=328.6993)
      [PPO] leag-t1 ep5 step152 cmd(pl=0.0052 vl=401137.1667 ent=2.3525) rad(pl=0.3892 vl=8416634.5000 ent=328.7351)
      [PPO] leag-t1 ep5 step194 cmd(pl=-0.0002 vl=403212.0260 ent=2.3544) rad(pl=0.3223 vl=8423108.0000 ent=328.7778)
      [PPO] leag-t1 ep5 step236 cmd(pl=-0.0020 vl=383513.8542 ent=2.3584) rad(pl=0.2815 vl=8427794.1667 ent=328.8021)
      [PPO] leag-t1 ep5 step278 cmd(pl=-0.0044 vl=393547.7969 ent=2.3671) rad(pl=0.3022 vl=8338902.0000 ent=328.8044)
      [PPO] leag-t1 ep5 step320 cmd(pl=-0.0002 vl=367095.3125 ent=2.3748) rad(pl=0.3286 vl=8384064.8333 ent=328.8024)
      [PPO] leag-t1 ep5 step362 cmd(pl=-0.0058 vl=388689.4740 ent=2.3793) rad(pl=0.2948 vl=8275493.4167 ent=328.8059)
      [PPO] leag-t1 ep5 step404 cmd(pl=0.0025 vl=399444.0312 ent=2.3774) rad(pl=0.3105 vl=8314710.7500 ent=328.8073)
      [PPO] leag-t1 ep5 step446 cmd(pl=0.0016 vl=352916.9167 ent=2.3745) rad(pl=0.3056 vl=8253456.4167 ent=328.8040)
      [PPO] leag-t1 ep5 step488 cmd(pl=0.0008 vl=391724.1458 ent=2.3781) rad(pl=0.3223 vl=8150464.3333 ent=328.8013)
    ep 6/10  steps=500 timeout  wr=0.00  avg_r=19567.6018
      [PPO] leag-t1 ep6 step31 cmd(pl=-0.0001 vl=415841.8542 ent=2.3715) rad(pl=0.3047 vl=8166141.3333 ent=328.8046)
      [PPO] leag-t1 ep6 step73 cmd(pl=-0.0043 vl=381831.0260 ent=2.3677) rad(pl=0.3088 vl=7878120.3333 ent=328.8153)
      [PPO] leag-t1 ep6 step115 cmd(pl=-0.0052 vl=400881.9375 ent=2.3633) rad(pl=0.3092 vl=7926715.9167 ent=328.8238)
      [PPO] leag-t1 ep6 step157 cmd(pl=-0.0047 vl=356884.2396 ent=2.3586) rad(pl=0.2902 vl=7866061.5833 ent=328.8286)
      [PPO] leag-t1 ep6 step199 cmd(pl=0.0042 vl=358619.3229 ent=2.3586) rad(pl=0.3276 vl=7794573.9167 ent=328.8258)
      [PPO] leag-t1 ep6 step241 cmd(pl=-0.0060 vl=358024.9427 ent=2.3580) rad(pl=0.2980 vl=7853512.5000 ent=328.8207)
      [PPO] leag-t1 ep6 step283 cmd(pl=-0.0039 vl=370288.6979 ent=2.3556) rad(pl=0.2927 vl=7819575.0000 ent=328.8105)
      [PPO] leag-t1 ep6 step325 cmd(pl=0.0017 vl=346433.5521 ent=2.3524) rad(pl=0.3092 vl=7788446.0833 ent=328.7996)
      [PPO] leag-t1 ep6 step367 cmd(pl=-0.0064 vl=360677.1510 ent=2.3569) rad(pl=0.2943 vl=7738282.7500 ent=328.7920)
      [PPO] leag-t1 ep6 step409 cmd(pl=0.0095 vl=342124.0885 ent=2.3586) rad(pl=0.3168 vl=7784077.1667 ent=328.7859)
      [PPO] leag-t1 ep6 step451 cmd(pl=0.0106 vl=350289.0938 ent=2.3637) rad(pl=0.2971 vl=7749541.4167 ent=328.7862)
      [PPO] leag-t1 ep6 step493 cmd(pl=-0.0026 vl=364700.1042 ent=2.3636) rad(pl=0.3290 vl=7734378.0000 ent=328.7888)
    ep 7/10  steps=500 timeout  wr=0.00  avg_r=19582.3882
      [PPO] leag-t1 ep7 step36 cmd(pl=-0.0031 vl=357822.8229 ent=2.3590) rad(pl=0.2653 vl=7835038.8333 ent=328.7990)
      [PPO] leag-t1 ep7 step78 cmd(pl=0.0048 vl=370288.1354 ent=2.3568) rad(pl=0.2759 vl=7861409.5000 ent=328.8093)
      [PPO] leag-t1 ep7 step120 cmd(pl=0.0002 vl=385046.5365 ent=2.3536) rad(pl=0.2768 vl=7873213.9167 ent=328.8193)
      [PPO] leag-t1 ep7 step162 cmd(pl=-0.0026 vl=374866.5365 ent=2.3537) rad(pl=0.2957 vl=7802469.0833 ent=328.8319)
      [PPO] leag-t1 ep7 step204 cmd(pl=-0.0022 vl=330855.5521 ent=2.3507) rad(pl=0.2898 vl=7762861.2500 ent=328.8475)
      [PPO] leag-t1 ep7 step246 cmd(pl=0.0025 vl=398875.0417 ent=2.3477) rad(pl=0.3067 vl=7835646.4167 ent=328.8669)
      [PPO] leag-t1 ep7 step288 cmd(pl=-0.0023 vl=338550.0365 ent=2.3481) rad(pl=0.2574 vl=7842004.0000 ent=328.8859)
      [PPO] leag-t1 ep7 step330 cmd(pl=-0.0070 vl=339059.8646 ent=2.3476) rad(pl=0.2814 vl=7816136.5833 ent=328.8894)
      [PPO] leag-t1 ep7 step372 cmd(pl=-0.0036 vl=379552.4323 ent=2.3508) rad(pl=0.2942 vl=7729732.5833 ent=328.8926)
      [PPO] leag-t1 ep7 step414 cmd(pl=0.0015 vl=356988.1562 ent=2.3524) rad(pl=0.2739 vl=7778104.9167 ent=328.9019)
      [PPO] leag-t1 ep7 step456 cmd(pl=0.0057 vl=381505.6458 ent=2.3530) rad(pl=0.2980 vl=7718903.5833 ent=328.9067)
      [PPO] leag-t1 ep7 step498 cmd(pl=-0.0004 vl=342701.9896 ent=2.3511) rad(pl=0.3439 vl=7710071.3333 ent=328.9144)
    ep 8/10  steps=500 timeout  wr=0.00  avg_r=19566.4827
      [PPO] leag-t1 ep8 step41 cmd(pl=-0.0116 vl=401931.1406 ent=2.3570) rad(pl=0.2802 vl=7756223.6667 ent=328.9419)
      [PPO] leag-t1 ep8 step83 cmd(pl=0.0025 vl=357886.3750 ent=2.3560) rad(pl=0.3144 vl=7772218.7500 ent=328.9715)
      [PPO] leag-t1 ep8 step125 cmd(pl=0.0012 vl=342618.4427 ent=2.3594) rad(pl=0.3326 vl=7745055.9167 ent=328.9975)
      [PPO] leag-t1 ep8 step167 cmd(pl=0.0060 vl=350192.0938 ent=2.3630) rad(pl=0.3440 vl=7747935.3333 ent=329.0246)
      [PPO] leag-t1 ep8 step209 cmd(pl=0.0028 vl=318192.6615 ent=2.3688) rad(pl=0.3297 vl=7592995.4167 ent=329.0533)
      [PPO] leag-t1 ep8 step251 cmd(pl=0.0061 vl=330965.1979 ent=2.3725) rad(pl=0.3140 vl=7655888.5000 ent=329.0805)
      [PPO] leag-t1 ep8 step293 cmd(pl=-0.0010 vl=364185.3906 ent=2.3772) rad(pl=0.3345 vl=7618694.0000 ent=329.1032)
      [PPO] leag-t1 ep8 step335 cmd(pl=-0.0070 vl=366988.0156 ent=2.3788) rad(pl=0.3562 vl=7594775.9167 ent=329.1302)
      [PPO] leag-t1 ep8 step377 cmd(pl=0.0006 vl=365191.0417 ent=2.3783) rad(pl=0.3176 vl=7596192.0833 ent=329.1616)
      [PPO] leag-t1 ep8 step419 cmd(pl=0.0028 vl=347895.6198 ent=2.3801) rad(pl=0.3393 vl=7564020.2500 ent=329.1905)
      [PPO] leag-t1 ep8 step461 cmd(pl=-0.0090 vl=365973.2188 ent=2.3770) rad(pl=0.3083 vl=7543829.8333 ent=329.2188)
    ep 9/10  steps=500 timeout  wr=0.00  avg_r=19555.8308
      [PPO] leag-t1 ep9 step4 cmd(pl=0.0050 vl=378895.5625 ent=2.3730) rad(pl=0.2656 vl=7511559.5833 ent=329.2371)
      [PPO] leag-t1 ep9 step46 cmd(pl=-0.0025 vl=357230.7344 ent=2.3600) rad(pl=0.3192 vl=7589162.0833 ent=329.2496)
      [PPO] leag-t1 ep9 step88 cmd(pl=0.0007 vl=357706.2292 ent=2.3562) rad(pl=0.2886 vl=7552998.3333 ent=329.2548)
      [PPO] leag-t1 ep9 step130 cmd(pl=-0.0042 vl=405490.2969 ent=2.3533) rad(pl=0.3121 vl=7646243.1667 ent=329.2466)
      [PPO] leag-t1 ep9 step172 cmd(pl=-0.0069 vl=364469.0885 ent=2.3563) rad(pl=0.3035 vl=7523366.0833 ent=329.2413)
      [PPO] leag-t1 ep9 step214 cmd(pl=0.0059 vl=383018.6771 ent=2.3535) rad(pl=0.2921 vl=7545365.8333 ent=329.2343)
      [PPO] leag-t1 ep9 step256 cmd(pl=-0.0068 vl=418591.4375 ent=2.3526) rad(pl=0.3032 vl=7512440.2500 ent=329.2233)
      [PPO] leag-t1 ep9 step298 cmd(pl=-0.0082 vl=377073.4115 ent=2.3459) rad(pl=0.2809 vl=7491458.3333 ent=329.2113)
      [PPO] leag-t1 ep9 step340 cmd(pl=0.0012 vl=360744.6615 ent=2.3451) rad(pl=0.2915 vl=7428154.4167 ent=329.1915)
      [PPO] leag-t1 ep9 step382 cmd(pl=-0.0042 vl=388712.1927 ent=2.3424) rad(pl=0.3184 vl=7463020.5000 ent=329.1708)
      [PPO] leag-t1 ep9 step424 cmd(pl=-0.0069 vl=367037.8333 ent=2.3473) rad(pl=0.2889 vl=7386242.2500 ent=329.1576)
      [PPO] leag-t1 ep9 step466 cmd(pl=0.0040 vl=359912.6146 ent=2.3539) rad(pl=0.2878 vl=7333966.5000 ent=329.1420)
    ep 10/10  steps=500 timeout  wr=0.00  avg_r=19576.0961
    ── ep 10/10  wr=0.00  avg_r=19576.0961
  Training main (team 0, p0006) against p0005...
      [PPO] main-t0 ep0 step24 cmd(pl=-0.0003 vl=2195317.1250 ent=2.2980) rad(pl=0.0001 vl=5964567.9167 ent=325.2535)
      [PPO] main-t0 ep0 step66 cmd(pl=-0.0008 vl=2215779.9167 ent=2.2957) rad(pl=0.0006 vl=6590085.9167 ent=325.2727)
      [PPO] main-t0 ep0 step108 cmd(pl=0.0003 vl=2167447.0000 ent=2.2910) rad(pl=0.0000 vl=6553703.8333 ent=325.3066)
      [PPO] main-t0 ep0 step150 cmd(pl=-0.0016 vl=2238726.5417 ent=2.2899) rad(pl=-0.0016 vl=6552836.7500 ent=325.3418)
      [PPO] main-t0 ep0 step192 cmd(pl=-0.0009 vl=2108961.3333 ent=2.2867) rad(pl=0.0000 vl=6460998.5833 ent=325.3836)
      [PPO] main-t0 ep0 step234 cmd(pl=-0.0024 vl=2120188.9792 ent=2.2867) rad(pl=-0.0018 vl=6404719.1667 ent=325.4202)
      [PPO] main-t0 ep0 step276 cmd(pl=-0.0005 vl=2194212.0417 ent=2.2855) rad(pl=-0.0020 vl=6398740.5000 ent=325.4503)
      [PPO] main-t0 ep0 step318 cmd(pl=-0.0007 vl=2193219.5833 ent=2.2819) rad(pl=-0.0021 vl=6374675.1667 ent=325.4775)
      [PPO] main-t0 ep0 step360 cmd(pl=-0.0005 vl=2185113.0417 ent=2.2797) rad(pl=0.0003 vl=6337100.7500 ent=325.5080)
      [PPO] main-t0 ep0 step402 cmd(pl=-0.0004 vl=2171254.2083 ent=2.2779) rad(pl=-0.0008 vl=6367507.3333 ent=325.5298)
      [PPO] main-t0 ep0 step444 cmd(pl=-0.0003 vl=2173707.8333 ent=2.2793) rad(pl=0.0008 vl=6339814.7500 ent=325.5504)
      [PPO] main-t0 ep0 step486 cmd(pl=0.0001 vl=2132133.0625 ent=2.2795) rad(pl=-0.0028 vl=6294095.9167 ent=325.5727)
    ep 1/10  steps=500 timeout  wr=0.00  avg_r=20202.0707
      [PPO] main-t0 ep1 step29 cmd(pl=-0.0008 vl=1987295.2083 ent=2.2793) rad(pl=-0.0005 vl=6531461.8333 ent=325.5877)
      [PPO] main-t0 ep1 step71 cmd(pl=-0.0005 vl=2129274.2708 ent=2.2784) rad(pl=-0.0014 vl=6758222.1667 ent=325.6013)
      [PPO] main-t0 ep1 step113 cmd(pl=-0.0008 vl=2013800.2917 ent=2.2742) rad(pl=-0.0018 vl=6652319.4167 ent=325.6216)
      [PPO] main-t0 ep1 step155 cmd(pl=-0.0001 vl=1998646.5417 ent=2.2762) rad(pl=-0.0020 vl=6558606.6667 ent=325.6357)
      [PPO] main-t0 ep1 step197 cmd(pl=-0.0006 vl=2112939.4583 ent=2.2754) rad(pl=-0.0021 vl=6514675.5833 ent=325.6537)
      [PPO] main-t0 ep1 step239 cmd(pl=0.0000 vl=2126434.9167 ent=2.2766) rad(pl=-0.0001 vl=6500160.5833 ent=325.6672)
      [PPO] main-t0 ep1 step281 cmd(pl=-0.0015 vl=2191637.5833 ent=2.2735) rad(pl=0.0001 vl=6532579.0833 ent=325.6855)
      [PPO] main-t0 ep1 step323 cmd(pl=-0.0004 vl=2295064.1458 ent=2.2727) rad(pl=-0.0007 vl=6668303.6667 ent=325.7061)
      [PPO] main-t0 ep1 step365 cmd(pl=-0.0006 vl=2185169.0417 ent=2.2703) rad(pl=0.0048 vl=6772916.2500 ent=325.7193)
      [PPO] main-t0 ep1 step407 cmd(pl=-0.0004 vl=2184859.4583 ent=2.2735) rad(pl=0.0014 vl=6944910.9167 ent=325.7310)
      [PPO] main-t0 ep1 step449 cmd(pl=-0.0009 vl=2172423.5000 ent=2.2755) rad(pl=0.0026 vl=6997071.5833 ent=325.7532)
      [PPO] main-t0 ep1 step491 cmd(pl=-0.0008 vl=2222356.1250 ent=2.2763) rad(pl=0.0000 vl=7102398.8333 ent=325.7871)
    ep 2/10  steps=500 timeout  wr=0.00  avg_r=20329.9955
      [PPO] main-t0 ep2 step34 cmd(pl=-0.0001 vl=2226410.8125 ent=2.2755) rad(pl=-0.0011 vl=6529700.1667 ent=325.8201)
      [PPO] main-t0 ep2 step76 cmd(pl=-0.0014 vl=2345418.8958 ent=2.2809) rad(pl=-0.0001 vl=6325463.5833 ent=325.8636)
      [PPO] main-t0 ep2 step118 cmd(pl=-0.0012 vl=2267066.1250 ent=2.2873) rad(pl=-0.0009 vl=6307659.1667 ent=325.9100)
      [PPO] main-t0 ep2 step160 cmd(pl=0.0000 vl=2277823.6458 ent=2.2930) rad(pl=0.0002 vl=6228213.5000 ent=325.9424)
      [PPO] main-t0 ep2 step202 cmd(pl=-0.0014 vl=2256454.8333 ent=2.2960) rad(pl=-0.0008 vl=6178762.5833 ent=325.9652)
      [PPO] main-t0 ep2 step244 cmd(pl=-0.0019 vl=2221952.1042 ent=2.2982) rad(pl=0.0006 vl=6071017.7500 ent=325.9864)
      [PPO] main-t0 ep2 step286 cmd(pl=-0.0001 vl=2181643.2292 ent=2.3027) rad(pl=-0.0015 vl=5998357.5833 ent=326.0145)
      [PPO] main-t0 ep2 step328 cmd(pl=-0.0018 vl=2342949.6667 ent=2.3111) rad(pl=-0.0005 vl=5946152.0000 ent=326.0374)
      [PPO] main-t0 ep2 step370 cmd(pl=-0.0001 vl=2182714.7292 ent=2.3170) rad(pl=-0.0009 vl=5832322.7500 ent=326.0604)
      [PPO] main-t0 ep2 step412 cmd(pl=-0.0012 vl=2157658.2917 ent=2.3215) rad(pl=-0.0007 vl=5745628.6667 ent=326.0804)
      [PPO] main-t0 ep2 step454 cmd(pl=-0.0007 vl=2144697.4375 ent=2.3243) rad(pl=-0.0034 vl=5713869.8333 ent=326.1028)
      [PPO] main-t0 ep2 step496 cmd(pl=-0.0029 vl=2246601.4583 ent=2.3272) rad(pl=0.0002 vl=5657277.3333 ent=326.1290)
    ep 3/10  steps=500 timeout  wr=0.00  avg_r=20307.6665
  Training main (team 0, p0006) against self...
      [PPO] main-t0 ep0 step39 cmd(pl=-0.0024 vl=2239757.7708 ent=2.3372) rad(pl=-0.0008 vl=6441008.7500 ent=326.1567)
      [PPO] main-t0 ep0 step81 cmd(pl=0.0012 vl=2100305.0417 ent=2.3362) rad(pl=-0.0005 vl=6480956.8333 ent=326.1850)
      [PPO] main-t0 ep0 step123 cmd(pl=-0.0008 vl=2113230.0417 ent=2.3359) rad(pl=-0.0028 vl=6451660.9167 ent=326.2140)
      [PPO] main-t0 ep0 step165 cmd(pl=-0.0010 vl=2180167.7292 ent=2.3374) rad(pl=-0.0013 vl=6425933.8333 ent=326.2472)
      [PPO] main-t0 ep0 step207 cmd(pl=0.0008 vl=2145977.9583 ent=2.3383) rad(pl=0.0010 vl=6433780.2500 ent=326.2741)
      [PPO] main-t0 ep0 step249 cmd(pl=-0.0002 vl=2202838.7083 ent=2.3412) rad(pl=0.0007 vl=6476963.5000 ent=326.2934)
      [PPO] main-t0 ep0 step291 cmd(pl=-0.0009 vl=2145417.9583 ent=2.3450) rad(pl=0.0028 vl=6483816.8333 ent=326.3208)
      [PPO] main-t0 ep0 step333 cmd(pl=-0.0019 vl=2084011.3958 ent=2.3441) rad(pl=-0.0011 vl=6439575.4167 ent=326.3415)
      [PPO] main-t0 ep0 step375 cmd(pl=0.0001 vl=2155436.3542 ent=2.3433) rad(pl=-0.0015 vl=6373054.4167 ent=326.3661)
      [PPO] main-t0 ep0 step417 cmd(pl=-0.0000 vl=2128923.5208 ent=2.3429) rad(pl=-0.0027 vl=6304907.3333 ent=326.4045)
      [PPO] main-t0 ep0 step459 cmd(pl=-0.0004 vl=2218327.2292 ent=2.3442) rad(pl=0.0005 vl=6297658.5000 ent=326.4381)
    ep 1/10  steps=500 timeout  wr=0.00  avg_r=19923.8665
      [PPO] main-t0 ep1 step2 cmd(pl=-0.0029 vl=2021952.3958 ent=2.3474) rad(pl=-0.0010 vl=6870027.9167 ent=326.4632)
      [PPO] main-t0 ep1 step44 cmd(pl=-0.0014 vl=2109849.5000 ent=2.3499) rad(pl=0.0058 vl=6240084.0833 ent=326.4870)
      [PPO] main-t0 ep1 step86 cmd(pl=-0.0003 vl=2065979.8958 ent=2.3539) rad(pl=0.0019 vl=6347693.9167 ent=326.5208)
      [PPO] main-t0 ep1 step128 cmd(pl=-0.0004 vl=2081788.1667 ent=2.3551) rad(pl=-0.0016 vl=6376926.0000 ent=326.5561)
      [PPO] main-t0 ep1 step170 cmd(pl=-0.0016 vl=2096757.3333 ent=2.3539) rad(pl=0.0013 vl=6414011.9167 ent=326.5920)
      [PPO] main-t0 ep1 step212 cmd(pl=-0.0029 vl=1999294.0208 ent=2.3546) rad(pl=-0.0007 vl=6353813.7500 ent=326.6232)
      [PPO] main-t0 ep1 step254 cmd(pl=-0.0006 vl=2148380.7917 ent=2.3556) rad(pl=-0.0022 vl=6434283.1667 ent=326.6474)
      [PPO] main-t0 ep1 step296 cmd(pl=-0.0019 vl=2049513.1250 ent=2.3604) rad(pl=-0.0006 vl=6332322.6667 ent=326.6626)
      [PPO] main-t0 ep1 step338 cmd(pl=-0.0016 vl=2124041.8125 ent=2.3627) rad(pl=-0.0027 vl=6324134.0000 ent=326.6746)
      [PPO] main-t0 ep1 step380 cmd(pl=0.0011 vl=2050548.2292 ent=2.3673) rad(pl=0.0002 vl=6263237.5000 ent=326.6850)
      [PPO] main-t0 ep1 step422 cmd(pl=-0.0017 vl=2006965.2708 ent=2.3697) rad(pl=-0.0030 vl=6218091.0000 ent=326.7062)
      [PPO] main-t0 ep1 step464 cmd(pl=-0.0002 vl=2092780.8750 ent=2.3707) rad(pl=-0.0044 vl=6182518.0000 ent=326.7353)
    ep 2/10  steps=500 timeout  wr=0.00  avg_r=19820.2251
      [PPO] main-t0 ep2 step7 cmd(pl=-0.0006 vl=2027082.3333 ent=2.3731) rad(pl=-0.0004 vl=6116996.6667 ent=326.7501)
      [PPO] main-t0 ep2 step49 cmd(pl=-0.0005 vl=1993139.9375 ent=2.3775) rad(pl=-0.0019 vl=5952048.2500 ent=326.7575)
      [PPO] main-t0 ep2 step91 cmd(pl=-0.0005 vl=1995481.7083 ent=2.3802) rad(pl=-0.0002 vl=5932660.2500 ent=326.7675)
      [PPO] main-t0 ep2 step133 cmd(pl=-0.0001 vl=2073521.0000 ent=2.3793) rad(pl=-0.0011 vl=5876819.8333 ent=326.7800)
      [PPO] main-t0 ep2 step175 cmd(pl=-0.0014 vl=2026702.1250 ent=2.3806) rad(pl=0.0006 vl=5828107.5833 ent=326.7887)
      [PPO] main-t0 ep2 step217 cmd(pl=-0.0011 vl=1961769.3750 ent=2.3827) rad(pl=-0.0004 vl=5755772.4167 ent=326.8075)
      [PPO] main-t0 ep2 step259 cmd(pl=-0.0005 vl=2041527.8750 ent=2.3877) rad(pl=-0.0033 vl=5754448.9167 ent=326.8246)
      [PPO] main-t0 ep2 step301 cmd(pl=-0.0015 vl=1993807.9167 ent=2.3851) rad(pl=-0.0010 vl=5675539.1667 ent=326.8395)
      [PPO] main-t0 ep2 step343 cmd(pl=-0.0012 vl=2084408.7500 ent=2.3862) rad(pl=0.0013 vl=5690630.9167 ent=326.8638)
      [PPO] main-t0 ep2 step385 cmd(pl=-0.0011 vl=2029243.1875 ent=2.3834) rad(pl=-0.0017 vl=5615526.8333 ent=326.8883)
      [PPO] main-t0 ep2 step427 cmd(pl=-0.0006 vl=1994463.2708 ent=2.3822) rad(pl=-0.0014 vl=5583840.0000 ent=326.9029)
      [PPO] main-t0 ep2 step469 cmd(pl=-0.0009 vl=1972720.4792 ent=2.3801) rad(pl=-0.0046 vl=5517536.0833 ent=326.9330)
    ep 3/10  steps=500 timeout  wr=0.00  avg_r=19708.9871
  Training main (team 0, p0006) against p0009...
      [PPO] main-t0 ep0 step12 cmd(pl=-0.0004 vl=1933670.5208 ent=2.3805) rad(pl=-0.0007 vl=5522844.7500 ent=326.9718)
      [PPO] main-t0 ep0 step54 cmd(pl=-0.0006 vl=1973343.2917 ent=2.3788) rad(pl=-0.0002 vl=5837666.9167 ent=327.0054)
      [PPO] main-t0 ep0 step96 cmd(pl=-0.0010 vl=1912092.7917 ent=2.3860) rad(pl=-0.0012 vl=5732778.0833 ent=327.0371)
      [PPO] main-t0 ep0 step138 cmd(pl=-0.0015 vl=1999599.2708 ent=2.3919) rad(pl=0.0022 vl=5690093.6667 ent=327.0792)
      [PPO] main-t0 ep0 step180 cmd(pl=0.0008 vl=1976574.2083 ent=2.3929) rad(pl=0.0037 vl=5583736.4167 ent=327.1213)
      [PPO] main-t0 ep0 step222 cmd(pl=-0.0005 vl=1950852.7917 ent=2.3948) rad(pl=-0.0008 vl=5549723.5000 ent=327.1531)
      [PPO] main-t0 ep0 step264 cmd(pl=-0.0009 vl=1950823.5000 ent=2.3982) rad(pl=0.0003 vl=5453960.5000 ent=327.1802)
      [PPO] main-t0 ep0 step306 cmd(pl=-0.0010 vl=1987195.5000 ent=2.3946) rad(pl=-0.0024 vl=5437291.5833 ent=327.2118)
      [PPO] main-t0 ep0 step348 cmd(pl=-0.0005 vl=1981265.6875 ent=2.3954) rad(pl=-0.0038 vl=5384326.0000 ent=327.2464)
      [PPO] main-t0 ep0 step390 cmd(pl=-0.0007 vl=1930316.4167 ent=2.3982) rad(pl=-0.0001 vl=5325690.3333 ent=327.2741)
      [PPO] main-t0 ep0 step432 cmd(pl=-0.0005 vl=1966474.6667 ent=2.4010) rad(pl=-0.0002 vl=5238965.0833 ent=327.3022)
      [PPO] main-t0 ep0 step474 cmd(pl=-0.0012 vl=1970545.6250 ent=2.4018) rad(pl=0.0000 vl=5193207.2500 ent=327.3237)
    ep 1/10  steps=500 timeout  wr=0.00  avg_r=19213.4734
      [PPO] main-t0 ep1 step17 cmd(pl=-0.0012 vl=1906941.8333 ent=2.3991) rad(pl=-0.0009 vl=5403049.5000 ent=327.3553)
      [PPO] main-t0 ep1 step59 cmd(pl=-0.0018 vl=1903696.5417 ent=2.3984) rad(pl=0.0000 vl=5734796.0833 ent=327.3984)
      [PPO] main-t0 ep1 step101 cmd(pl=0.0001 vl=1841522.5833 ent=2.3999) rad(pl=0.0166 vl=5671462.7500 ent=327.4474)
      [PPO] main-t0 ep1 step143 cmd(pl=-0.0023 vl=1872113.5833 ent=2.4045) rad(pl=-0.0017 vl=5630473.6667 ent=327.4983)
      [PPO] main-t0 ep1 step185 cmd(pl=-0.0015 vl=1881947.7083 ent=2.4112) rad(pl=-0.0049 vl=5533632.6667 ent=327.5276)
      [PPO] main-t0 ep1 step227 cmd(pl=-0.0009 vl=1923094.8333 ent=2.4180) rad(pl=-0.0019 vl=5497400.0833 ent=327.5443)
      [PPO] main-t0 ep1 step269 cmd(pl=-0.0006 vl=1982896.5208 ent=2.4242) rad(pl=-0.0021 vl=5442811.0833 ent=327.5608)
      [PPO] main-t0 ep1 step311 cmd(pl=0.0004 vl=1933246.2292 ent=2.4279) rad(pl=0.0000 vl=5398444.9167 ent=327.5862)
      [PPO] main-t0 ep1 step353 cmd(pl=-0.0005 vl=1892939.2708 ent=2.4299) rad(pl=-0.0023 vl=5319927.0000 ent=327.6112)
      [PPO] main-t0 ep1 step395 cmd(pl=0.0005 vl=1882140.2292 ent=2.4345) rad(pl=-0.0016 vl=5249383.0833 ent=327.6364)
      [PPO] main-t0 ep1 step437 cmd(pl=-0.0011 vl=1935911.6458 ent=2.4372) rad(pl=-0.0017 vl=5194865.1667 ent=327.6652)
      [PPO] main-t0 ep1 step479 cmd(pl=-0.0002 vl=1855896.2083 ent=2.4393) rad(pl=-0.0011 vl=5092789.0833 ent=327.6914)
    ep 2/10  steps=500 timeout  wr=0.00  avg_r=19135.4561
      [PPO] main-t0 ep2 step22 cmd(pl=-0.0005 vl=1952097.1875 ent=2.4395) rad(pl=-0.0045 vl=4410151.0000 ent=327.7310)
      [PPO] main-t0 ep2 step64 cmd(pl=-0.0002 vl=1865503.7292 ent=2.4420) rad(pl=-0.0010 vl=3744318.9167 ent=327.7701)
      [PPO] main-t0 ep2 step106 cmd(pl=0.0002 vl=1946776.7083 ent=2.4432) rad(pl=-0.0017 vl=3705384.4167 ent=327.7921)
      [PPO] main-t0 ep2 step148 cmd(pl=-0.0015 vl=1948837.1667 ent=2.4421) rad(pl=-0.0005 vl=3686547.4167 ent=327.8112)
      [PPO] main-t0 ep2 step190 cmd(pl=-0.0027 vl=1960341.0000 ent=2.4402) rad(pl=-0.0015 vl=3657503.4583 ent=327.8394)
      [PPO] main-t0 ep2 step232 cmd(pl=-0.0016 vl=1823982.1458 ent=2.4389) rad(pl=-0.0024 vl=3629393.4167 ent=327.8679)
      [PPO] main-t0 ep2 step274 cmd(pl=-0.0014 vl=1854861.0625 ent=2.4375) rad(pl=-0.0005 vl=3638232.5417 ent=327.8906)
      [PPO] main-t0 ep2 step316 cmd(pl=0.0009 vl=1847881.6250 ent=2.4406) rad(pl=0.0006 vl=3579523.1667 ent=327.9106)
      [PPO] main-t0 ep2 step358 cmd(pl=-0.0016 vl=1887976.1875 ent=2.4401) rad(pl=-0.0011 vl=3583696.4583 ent=327.9358)
      [PPO] main-t0 ep2 step400 cmd(pl=-0.0012 vl=1947784.0417 ent=2.4367) rad(pl=-0.0010 vl=3579977.6250 ent=327.9624)
      [PPO] main-t0 ep2 step442 cmd(pl=-0.0002 vl=1805857.3542 ent=2.4351) rad(pl=-0.0007 vl=3550039.3333 ent=327.9858)
      [PPO] main-t0 ep2 step484 cmd(pl=-0.0001 vl=1848335.0833 ent=2.4335) rad(pl=0.0015 vl=3535406.6667 ent=328.0112)
    ep 3/10  steps=500 timeout  wr=0.00  avg_r=18981.7359
  Training main_exploiter (team 0, p0007) against p0016...
      [PPO] main-t0 ep0 step43 cmd(pl=-0.0001 vl=1581863.9167 ent=2.1768) rad(pl=-0.0002 vl=8070319.4167 ent=324.1766)
      [PPO] main-t0 ep0 step85 cmd(pl=-0.0000 vl=1319147.9792 ent=2.1790) rad(pl=-0.0005 vl=7999793.2500 ent=324.1924)
      [PPO] main-t0 ep0 step127 cmd(pl=-0.0000 vl=1431570.5417 ent=2.1791) rad(pl=-0.0009 vl=7977799.7500 ent=324.2102)
      [PPO] main-t0 ep0 step169 cmd(pl=-0.0001 vl=1246086.3750 ent=2.1780) rad(pl=-0.0002 vl=7868853.0000 ent=324.2290)
      [PPO] main-t0 ep0 step211 cmd(pl=0.0000 vl=1346246.7917 ent=2.1791) rad(pl=-0.0009 vl=7825537.8333 ent=324.2437)
      [PPO] main-t0 ep0 step253 cmd(pl=-0.0000 vl=1305777.0000 ent=2.1779) rad(pl=-0.0004 vl=7758728.3333 ent=324.2568)
      [PPO] main-t0 ep0 step295 cmd(pl=-0.0000 vl=1380238.4167 ent=2.1785) rad(pl=-0.0001 vl=7752910.5833 ent=324.2720)
      [PPO] main-t0 ep0 step337 cmd(pl=-0.0000 vl=1323154.2083 ent=2.1799) rad(pl=-0.0008 vl=7697468.0833 ent=324.2871)
      [PPO] main-t0 ep0 step379 cmd(pl=-0.0000 vl=1295655.2500 ent=2.1789) rad(pl=-0.0008 vl=7653707.9167 ent=324.3002)
      [PPO] main-t0 ep0 step421 cmd(pl=-0.0001 vl=1314500.6458 ent=2.1794) rad(pl=-0.0007 vl=7563482.1667 ent=324.3119)
      [PPO] main-t0 ep0 step463 cmd(pl=-0.0001 vl=1450559.8125 ent=2.1812) rad(pl=0.0005 vl=7544273.5833 ent=324.3252)
    ep 1/10  steps=500 timeout  wr=0.00  avg_r=21155.1776
      [PPO] main-t0 ep1 step6 cmd(pl=-0.0001 vl=1331948.2083 ent=2.1812) rad(pl=-0.0001 vl=7497998.9167 ent=324.3385)
      [PPO] main-t0 ep1 step48 cmd(pl=-0.0001 vl=1314405.0625 ent=2.1813) rad(pl=-0.0008 vl=8105206.2500 ent=324.3519)
      [PPO] main-t0 ep1 step90 cmd(pl=-0.0002 vl=1347701.8125 ent=2.1809) rad(pl=-0.0001 vl=8065305.9167 ent=324.3641)
      [PPO] main-t0 ep1 step132 cmd(pl=-0.0002 vl=1390113.2083 ent=2.1829) rad(pl=-0.0007 vl=8059480.6667 ent=324.3753)
      [PPO] main-t0 ep1 step174 cmd(pl=-0.0001 vl=1309265.1458 ent=2.1835) rad(pl=-0.0005 vl=8036939.6667 ent=324.3874)
      [PPO] main-t0 ep1 step216 cmd(pl=-0.0000 vl=1382453.9583 ent=2.1824) rad(pl=-0.0000 vl=8045456.3333 ent=324.4011)
      [PPO] main-t0 ep1 step258 cmd(pl=-0.0001 vl=1332574.2083 ent=2.1836) rad(pl=-0.0004 vl=8005088.0000 ent=324.4197)
      [PPO] main-t0 ep1 step300 cmd(pl=-0.0001 vl=1338905.0000 ent=2.1854) rad(pl=0.0004 vl=7948782.4167 ent=324.4377)
      [PPO] main-t0 ep1 step342 cmd(pl=-0.0000 vl=1424889.0417 ent=2.1853) rad(pl=-0.0007 vl=7952178.1667 ent=324.4536)
      [PPO] main-t0 ep1 step384 cmd(pl=-0.0002 vl=1464655.5625 ent=2.1861) rad(pl=0.0005 vl=7888777.8333 ent=324.4688)
      [PPO] main-t0 ep1 step426 cmd(pl=-0.0001 vl=1321561.7917 ent=2.1832) rad(pl=-0.0005 vl=7816220.8333 ent=324.4837)
      [PPO] main-t0 ep1 step468 cmd(pl=0.0000 vl=1452698.9375 ent=2.1857) rad(pl=0.0000 vl=7803556.7500 ent=324.5008)
    ep 2/10  steps=500 timeout  wr=0.00  avg_r=21047.4286
      [PPO] main-t0 ep2 step11 cmd(pl=-0.0000 vl=1400786.6042 ent=2.1833) rad(pl=-0.0010 vl=7653997.8333 ent=324.5165)
      [PPO] main-t0 ep2 step53 cmd(pl=-0.0001 vl=1550689.9583 ent=2.1787) rad(pl=-0.0006 vl=7411573.6667 ent=324.5305)
      [PPO] main-t0 ep2 step95 cmd(pl=-0.0000 vl=1445079.2292 ent=2.1777) rad(pl=-0.0002 vl=7345253.3333 ent=324.5428)
      [PPO] main-t0 ep2 step137 cmd(pl=-0.0001 vl=1586480.0625 ent=2.1774) rad(pl=-0.0007 vl=7400159.9167 ent=324.5552)
      [PPO] main-t0 ep2 step179 cmd(pl=0.0000 vl=1458918.3750 ent=2.1773) rad(pl=-0.0002 vl=7333093.9167 ent=324.5669)
      [PPO] main-t0 ep2 step221 cmd(pl=-0.0000 vl=1535256.1042 ent=2.1752) rad(pl=-0.0002 vl=7377962.0000 ent=324.5790)
      [PPO] main-t0 ep2 step263 cmd(pl=-0.0000 vl=1528658.9167 ent=2.1765) rad(pl=-0.0003 vl=7330051.4167 ent=324.5913)
      [PPO] main-t0 ep2 step305 cmd(pl=-0.0002 vl=1609516.6875 ent=2.1764) rad(pl=0.0006 vl=7356519.8333 ent=324.6030)
      [PPO] main-t0 ep2 step347 cmd(pl=-0.0004 vl=1597534.7917 ent=2.1773) rad(pl=0.0000 vl=7338826.0833 ent=324.6159)
      [PPO] main-t0 ep2 step389 cmd(pl=-0.0001 vl=1681475.3750 ent=2.1775) rad(pl=0.0004 vl=7357544.4167 ent=324.6290)
      [PPO] main-t0 ep2 step431 cmd(pl=-0.0000 vl=1667446.0625 ent=2.1791) rad(pl=-0.0004 vl=7350382.9167 ent=324.6433)
      [PPO] main-t0 ep2 step473 cmd(pl=-0.0001 vl=1761122.5833 ent=2.1757) rad(pl=0.0001 vl=7342481.2500 ent=324.6582)
    ep 3/10  steps=500 timeout  wr=0.00  avg_r=21082.2959
      [PPO] main-t0 ep3 step16 cmd(pl=-0.0001 vl=1544186.5833 ent=2.1797) rad(pl=-0.0002 vl=7512416.9167 ent=324.6732)
      [PPO] main-t0 ep3 step58 cmd(pl=-0.0002 vl=1597633.0625 ent=2.1829) rad(pl=-0.0002 vl=7828897.3333 ent=324.6900)
      [PPO] main-t0 ep3 step100 cmd(pl=-0.0002 vl=1689053.3750 ent=2.1832) rad(pl=0.0005 vl=7827675.2500 ent=324.7060)
      [PPO] main-t0 ep3 step142 cmd(pl=-0.0001 vl=1658375.1250 ent=2.1833) rad(pl=-0.0006 vl=7803951.2500 ent=324.7212)
      [PPO] main-t0 ep3 step184 cmd(pl=-0.0001 vl=1673070.3958 ent=2.1827) rad(pl=0.0006 vl=7747581.7500 ent=324.7365)
      [PPO] main-t0 ep3 step226 cmd(pl=0.0000 vl=1712045.8750 ent=2.1837) rad(pl=-0.0015 vl=7745590.5833 ent=324.7527)
      [PPO] main-t0 ep3 step268 cmd(pl=-0.0001 vl=1771621.8958 ent=2.1846) rad(pl=-0.0021 vl=7693484.1667 ent=324.7687)
      [PPO] main-t0 ep3 step310 cmd(pl=0.0000 vl=1811670.6458 ent=2.1860) rad(pl=0.0007 vl=7680541.1667 ent=324.7831)
      [PPO] main-t0 ep3 step352 cmd(pl=-0.0001 vl=1852340.5000 ent=2.1823) rad(pl=0.0009 vl=7641948.0833 ent=324.7968)
      [PPO] main-t0 ep3 step394 cmd(pl=-0.0001 vl=1828682.4167 ent=2.1822) rad(pl=-0.0005 vl=7642765.5833 ent=324.8123)
      [PPO] main-t0 ep3 step436 cmd(pl=-0.0001 vl=1980350.8958 ent=2.1831) rad(pl=-0.0009 vl=7657564.5000 ent=324.8303)
      [PPO] main-t0 ep3 step478 cmd(pl=-0.0002 vl=1855541.5000 ent=2.1853) rad(pl=0.0005 vl=7543542.0833 ent=324.8484)
    ep 4/10  steps=500 timeout  wr=0.00  avg_r=21048.7040
      [PPO] main-t0 ep4 step21 cmd(pl=-0.0004 vl=2162161.3542 ent=2.1826) rad(pl=-0.0007 vl=7835837.7500 ent=324.8668)
      [PPO] main-t0 ep4 step63 cmd(pl=-0.0005 vl=2262200.3333 ent=2.1854) rad(pl=-0.0007 vl=8103337.5000 ent=324.8856)
      [PPO] main-t0 ep4 step105 cmd(pl=-0.0001 vl=2228284.1458 ent=2.1836) rad(pl=0.0005 vl=8014963.3333 ent=324.9026)
      [PPO] main-t0 ep4 step147 cmd(pl=-0.0004 vl=2245754.2083 ent=2.1836) rad(pl=-0.0001 vl=8016152.0000 ent=324.9170)
      [PPO] main-t0 ep4 step189 cmd(pl=-0.0008 vl=2314617.6042 ent=2.1813) rad(pl=-0.0006 vl=8035544.0833 ent=324.9311)
      [PPO] main-t0 ep4 step231 cmd(pl=-0.0005 vl=2252023.7292 ent=2.1809) rad(pl=-0.0000 vl=7958460.6667 ent=324.9439)
      [PPO] main-t0 ep4 step273 cmd(pl=-0.0006 vl=2280163.4583 ent=2.1737) rad(pl=-0.0014 vl=7959025.2500 ent=324.9597)
      [PPO] main-t0 ep4 step315 cmd(pl=-0.0001 vl=2309269.8750 ent=2.1760) rad(pl=-0.0022 vl=7980865.8333 ent=324.9733)
      [PPO] main-t0 ep4 step357 cmd(pl=-0.0001 vl=2308902.5000 ent=2.1788) rad(pl=-0.0009 vl=7934960.3333 ent=324.9864)
      [PPO] main-t0 ep4 step399 cmd(pl=-0.0004 vl=2325621.1875 ent=2.1792) rad(pl=0.0003 vl=7917460.0000 ent=325.0032)
      [PPO] main-t0 ep4 step441 cmd(pl=-0.0002 vl=2358553.4583 ent=2.1778) rad(pl=-0.0000 vl=7900308.4167 ent=325.0271)
      [PPO] main-t0 ep4 step483 cmd(pl=-0.0004 vl=2456043.0417 ent=2.1774) rad(pl=0.0004 vl=7919887.2500 ent=325.0496)
    ep 5/10  steps=500 timeout  wr=0.00  avg_r=21093.7102
    ── ep 5/10  wr=0.00  avg_r=21093.7102
      [PPO] main-t0 ep5 step26 cmd(pl=-0.0011 vl=2433176.0625 ent=2.1791) rad(pl=-0.0006 vl=7433945.1667 ent=325.0710)
      [PPO] main-t0 ep5 step68 cmd(pl=-0.0013 vl=2439632.6875 ent=2.1792) rad(pl=-0.0003 vl=7070135.0833 ent=325.0908)
      [PPO] main-t0 ep5 step110 cmd(pl=-0.0004 vl=2319490.0417 ent=2.1777) rad(pl=0.0006 vl=7032927.6667 ent=325.1090)
      [PPO] main-t0 ep5 step152 cmd(pl=-0.0001 vl=2394298.1250 ent=2.1767) rad(pl=-0.0016 vl=7055587.7500 ent=325.1304)
      [PPO] main-t0 ep5 step194 cmd(pl=-0.0008 vl=2422671.2917 ent=2.1743) rad(pl=-0.0002 vl=7067768.9167 ent=325.1512)
      [PPO] main-t0 ep5 step236 cmd(pl=-0.0023 vl=2324695.1250 ent=2.1734) rad(pl=-0.0022 vl=6998639.7500 ent=325.1692)
      [PPO] main-t0 ep5 step278 cmd(pl=-0.0013 vl=2371814.0000 ent=2.1734) rad(pl=0.0012 vl=6979533.3333 ent=325.1893)
      [PPO] main-t0 ep5 step320 cmd(pl=-0.0002 vl=2461976.7500 ent=2.1720) rad(pl=0.0006 vl=7027229.9167 ent=325.2077)
      [PPO] main-t0 ep5 step362 cmd(pl=0.0002 vl=2423442.8125 ent=2.1692) rad(pl=-0.0001 vl=6967344.8333 ent=325.2251)
      [PPO] main-t0 ep5 step404 cmd(pl=-0.0003 vl=2384716.4167 ent=2.1705) rad(pl=-0.0003 vl=6973580.9167 ent=325.2437)
      [PPO] main-t0 ep5 step446 cmd(pl=-0.0005 vl=2462664.7500 ent=2.1709) rad(pl=-0.0002 vl=7000215.3333 ent=325.2644)
      [PPO] main-t0 ep5 step488 cmd(pl=-0.0005 vl=2298513.1042 ent=2.1749) rad(pl=-0.0001 vl=6888629.0000 ent=325.2821)
    ep 6/10  steps=500 timeout  wr=0.00  avg_r=21099.2457
      [PPO] main-t0 ep6 step31 cmd(pl=-0.0004 vl=2748413.7500 ent=2.1732) rad(pl=-0.0002 vl=6764952.8333 ent=325.3018)
      [PPO] main-t0 ep6 step73 cmd(pl=0.0001 vl=2506185.8750 ent=2.1712) rad(pl=0.0002 vl=6636966.1667 ent=325.3206)
      [PPO] main-t0 ep6 step115 cmd(pl=-0.0008 vl=2629829.6250 ent=2.1741) rad(pl=-0.0009 vl=6652307.3333 ent=325.3377)
      [PPO] main-t0 ep6 step157 cmd(pl=-0.0003 vl=2684522.4583 ent=2.1796) rad(pl=-0.0005 vl=6631249.1667 ent=325.3536)
      [PPO] main-t0 ep6 step199 cmd(pl=-0.0008 vl=2516537.1250 ent=2.1880) rad(pl=-0.0003 vl=6628304.3333 ent=325.3693)
      [PPO] main-t0 ep6 step241 cmd(pl=-0.0009 vl=2556437.6667 ent=2.1912) rad(pl=-0.0002 vl=6565787.1667 ent=325.3853)
      [PPO] main-t0 ep6 step283 cmd(pl=-0.0006 vl=2420677.1250 ent=2.1988) rad(pl=-0.0004 vl=6562835.5000 ent=325.4030)
      [PPO] main-t0 ep6 step325 cmd(pl=-0.0002 vl=2519306.8333 ent=2.2016) rad(pl=-0.0007 vl=6600658.0833 ent=325.4205)
      [PPO] main-t0 ep6 step367 cmd(pl=-0.0002 vl=2535111.6667 ent=2.2060) rad(pl=-0.0001 vl=6499095.7500 ent=325.4371)
      [PPO] main-t0 ep6 step409 cmd(pl=-0.0011 vl=2524969.2917 ent=2.2078) rad(pl=0.0006 vl=6502155.1667 ent=325.4539)
      [PPO] main-t0 ep6 step451 cmd(pl=-0.0010 vl=2388502.5833 ent=2.2074) rad(pl=0.0005 vl=6401833.3333 ent=325.4713)
      [PPO] main-t0 ep6 step493 cmd(pl=-0.0006 vl=2476951.1250 ent=2.2060) rad(pl=-0.0022 vl=6447605.3333 ent=325.4885)
    ep 7/10  steps=500 timeout  wr=0.00  avg_r=21090.5747
      [PPO] main-t0 ep7 step36 cmd(pl=-0.0019 vl=2181853.8958 ent=2.2058) rad(pl=-0.0008 vl=7798316.7500 ent=325.5045)
      [PPO] main-t0 ep7 step78 cmd(pl=-0.0003 vl=2244604.8542 ent=2.2099) rad(pl=-0.0007 vl=8109871.0833 ent=325.5192)
      [PPO] main-t0 ep7 step120 cmd(pl=-0.0004 vl=2231456.4792 ent=2.2114) rad(pl=-0.0009 vl=8093853.7500 ent=325.5349)
      [PPO] main-t0 ep7 step162 cmd(pl=0.0004 vl=2338510.2500 ent=2.2150) rad(pl=-0.0034 vl=8135673.5833 ent=325.5558)
      [PPO] main-t0 ep7 step204 cmd(pl=-0.0006 vl=2303748.3125 ent=2.2114) rad(pl=-0.0002 vl=8081128.8333 ent=325.5765)
      [PPO] main-t0 ep7 step246 cmd(pl=-0.0001 vl=2308042.2917 ent=2.2101) rad(pl=-0.0011 vl=8075587.5000 ent=325.5970)
      [PPO] main-t0 ep7 step288 cmd(pl=-0.0003 vl=2266559.4167 ent=2.2070) rad(pl=0.0005 vl=8025233.1667 ent=325.6171)
      [PPO] main-t0 ep7 step330 cmd(pl=-0.0001 vl=2309588.6250 ent=2.2078) rad(pl=-0.0025 vl=8044501.7500 ent=325.6356)
      [PPO] main-t0 ep7 step372 cmd(pl=-0.0004 vl=2239229.0625 ent=2.2073) rad(pl=-0.0021 vl=8020765.0000 ent=325.6512)
      [PPO] main-t0 ep7 step414 cmd(pl=0.0000 vl=2338810.7708 ent=2.2070) rad(pl=-0.0009 vl=8009398.4167 ent=325.6657)
      [PPO] main-t0 ep7 step456 cmd(pl=-0.0004 vl=2275190.6667 ent=2.2072) rad(pl=0.0009 vl=7947900.5000 ent=325.6849)
      [PPO] main-t0 ep7 step498 cmd(pl=-0.0002 vl=2414315.7917 ent=2.2076) rad(pl=-0.0002 vl=8000333.5000 ent=325.7095)
    ep 8/10  steps=500 timeout  wr=0.00  avg_r=21065.4537
      [PPO] main-t0 ep8 step41 cmd(pl=-0.0005 vl=2536177.8333 ent=2.2027) rad(pl=0.0003 vl=7142966.8333 ent=325.7355)
      [PPO] main-t0 ep8 step83 cmd(pl=-0.0001 vl=2516822.7083 ent=2.2030) rad(pl=0.0021 vl=7124102.1667 ent=325.7621)
      [PPO] main-t0 ep8 step125 cmd(pl=-0.0001 vl=2448141.7917 ent=2.2028) rad(pl=-0.0013 vl=7094658.5833 ent=325.7903)
      [PPO] main-t0 ep8 step167 cmd(pl=-0.0008 vl=2483465.9583 ent=2.2076) rad(pl=0.0015 vl=7066467.6667 ent=325.8136)
      [PPO] main-t0 ep8 step209 cmd(pl=-0.0006 vl=2369449.3542 ent=2.2104) rad(pl=-0.0004 vl=7033594.7500 ent=325.8358)
      [PPO] main-t0 ep8 step251 cmd(pl=-0.0006 vl=2419232.2917 ent=2.2106) rad(pl=-0.0003 vl=6988975.6667 ent=325.8598)
      [PPO] main-t0 ep8 step293 cmd(pl=-0.0005 vl=2416695.1250 ent=2.2146) rad(pl=0.0001 vl=6977425.5000 ent=325.8825)
      [PPO] main-t0 ep8 step335 cmd(pl=-0.0007 vl=2323367.1250 ent=2.2183) rad(pl=-0.0009 vl=6931798.9167 ent=325.9091)
      [PPO] main-t0 ep8 step377 cmd(pl=-0.0001 vl=2333864.2708 ent=2.2221) rad(pl=-0.0018 vl=6947660.4167 ent=325.9358)
      [PPO] main-t0 ep8 step419 cmd(pl=-0.0018 vl=2283264.8333 ent=2.2231) rad(pl=-0.0016 vl=6869633.1667 ent=325.9587)
      [PPO] main-t0 ep8 step461 cmd(pl=-0.0003 vl=2256819.3542 ent=2.2275) rad(pl=-0.0008 vl=6852130.5833 ent=325.9807)
    ep 9/10  steps=500 timeout  wr=0.00  avg_r=21050.4775
      [PPO] main-t0 ep9 step4 cmd(pl=-0.0006 vl=2331277.0833 ent=2.2268) rad(pl=0.0001 vl=6843927.3333 ent=326.0010)
      [PPO] main-t0 ep9 step46 cmd(pl=0.0000 vl=2179871.6875 ent=2.2223) rad(pl=-0.0004 vl=7742231.6667 ent=326.0211)
      [PPO] main-t0 ep9 step88 cmd(pl=-0.0001 vl=2166139.8333 ent=2.2196) rad(pl=-0.0013 vl=7709313.1667 ent=326.0455)
      [PPO] main-t0 ep9 step130 cmd(pl=-0.0006 vl=2190117.5000 ent=2.2229) rad(pl=-0.0045 vl=7686778.8333 ent=326.0724)
      [PPO] main-t0 ep9 step172 cmd(pl=-0.0004 vl=2190753.8333 ent=2.2240) rad(pl=-0.0012 vl=7610212.0833 ent=326.0950)
      [PPO] main-t0 ep9 step214 cmd(pl=-0.0017 vl=2332895.5208 ent=2.2288) rad(pl=-0.0032 vl=7600979.0833 ent=326.1111)
      [PPO] main-t0 ep9 step256 cmd(pl=-0.0019 vl=2202309.1250 ent=2.2375) rad(pl=-0.0011 vl=7559711.7500 ent=326.1264)
      [PPO] main-t0 ep9 step298 cmd(pl=-0.0005 vl=2199221.8333 ent=2.2467) rad(pl=-0.0001 vl=7491138.0000 ent=326.1383)
      [PPO] main-t0 ep9 step340 cmd(pl=-0.0026 vl=2312187.7500 ent=2.2526) rad(pl=-0.0010 vl=7497868.9167 ent=326.1593)
      [PPO] main-t0 ep9 step382 cmd(pl=-0.0006 vl=2221454.3125 ent=2.2569) rad(pl=-0.0013 vl=7428990.0833 ent=326.1856)
      [PPO] main-t0 ep9 step424 cmd(pl=-0.0002 vl=2276660.9375 ent=2.2575) rad(pl=-0.0023 vl=7416376.1667 ent=326.2133)
      [PPO] main-t0 ep9 step466 cmd(pl=0.0002 vl=2312541.7708 ent=2.2585) rad(pl=-0.0023 vl=7352563.4167 ent=326.2366)
    ep 10/10  steps=500 timeout  wr=0.00  avg_r=21007.2998
    ── ep 10/10  wr=0.00  avg_r=21007.2998
  Training league_exploiter (team 0, p0008) against p0003...
      [PPO] leag-t0 ep0 step43 cmd(pl=-0.0010 vl=1825605.7500 ent=2.3799) rad(pl=-0.0001 vl=5669977.0000 ent=328.6840)
      [PPO] leag-t0 ep0 step85 cmd(pl=-0.0015 vl=1777308.7500 ent=2.3739) rad(pl=-0.0059 vl=5572683.8333 ent=328.7095)
      [PPO] leag-t0 ep0 step127 cmd(pl=-0.0012 vl=1733102.5625 ent=2.3767) rad(pl=0.0004 vl=5427465.8333 ent=328.7286)
      [PPO] leag-t0 ep0 step169 cmd(pl=0.0006 vl=1794334.7917 ent=2.3746) rad(pl=-0.0014 vl=5353046.0833 ent=328.7609)
      [PPO] leag-t0 ep0 step211 cmd(pl=0.0005 vl=1860498.9792 ent=2.3769) rad(pl=-0.0016 vl=5322852.3333 ent=328.7952)
      [PPO] leag-t0 ep0 step253 cmd(pl=-0.0035 vl=1790071.4375 ent=2.3771) rad(pl=0.0047 vl=5314036.0000 ent=328.8332)
      [PPO] leag-t0 ep0 step295 cmd(pl=0.0008 vl=1835503.7083 ent=2.3694) rad(pl=-0.0029 vl=5322191.0833 ent=328.8796)
      [PPO] leag-t0 ep0 step337 cmd(pl=0.0008 vl=1852534.2500 ent=2.3662) rad(pl=0.0004 vl=5346353.0000 ent=328.9190)
      [PPO] leag-t0 ep0 step379 cmd(pl=-0.0015 vl=1835522.9167 ent=2.3667) rad(pl=0.0041 vl=5379055.3333 ent=328.9588)
      [PPO] leag-t0 ep0 step421 cmd(pl=-0.0017 vl=1979050.8542 ent=2.3689) rad(pl=0.0026 vl=5460113.6667 ent=329.0033)
      [PPO] leag-t0 ep0 step463 cmd(pl=-0.0024 vl=1912208.7083 ent=2.3718) rad(pl=0.0050 vl=5559207.6667 ent=329.0489)
    ep 1/10  steps=500 timeout  wr=0.00  avg_r=18826.8907
      [PPO] leag-t0 ep1 step6 cmd(pl=-0.0004 vl=1911908.3750 ent=2.3646) rad(pl=0.0008 vl=5609431.7500 ent=329.0958)
      [PPO] leag-t0 ep1 step48 cmd(pl=-0.0010 vl=2024422.4792 ent=2.3619) rad(pl=0.0019 vl=5718593.7500 ent=329.1393)
      [PPO] leag-t0 ep1 step90 cmd(pl=-0.0000 vl=1927603.0625 ent=2.3630) rad(pl=0.0006 vl=5735244.7500 ent=329.1827)
      [PPO] leag-t0 ep1 step132 cmd(pl=-0.0005 vl=2028927.6667 ent=2.3685) rad(pl=0.0026 vl=5701209.3333 ent=329.2213)
      [PPO] leag-t0 ep1 step174 cmd(pl=-0.0013 vl=1954789.7500 ent=2.3706) rad(pl=-0.0013 vl=5671910.3333 ent=329.2572)
      [PPO] leag-t0 ep1 step216 cmd(pl=-0.0010 vl=1894764.1875 ent=2.3782) rad(pl=-0.0004 vl=5637971.5000 ent=329.2875)
      [PPO] leag-t0 ep1 step258 cmd(pl=0.0003 vl=1849709.8750 ent=2.3778) rad(pl=-0.0022 vl=5600947.3333 ent=329.3162)
      [PPO] leag-t0 ep1 step300 cmd(pl=0.0001 vl=1966046.8750 ent=2.3830) rad(pl=0.0011 vl=5602901.5833 ent=329.3503)
      [PPO] leag-t0 ep1 step342 cmd(pl=-0.0007 vl=1950044.6458 ent=2.3843) rad(pl=0.0011 vl=5639806.9167 ent=329.3981)
      [PPO] leag-t0 ep1 step384 cmd(pl=-0.0003 vl=2009292.0833 ent=2.3857) rad(pl=-0.0002 vl=5701123.0833 ent=329.4446)
      [PPO] leag-t0 ep1 step426 cmd(pl=-0.0006 vl=1902327.4583 ent=2.3871) rad(pl=-0.0004 vl=5728581.7500 ent=329.4872)
      [PPO] leag-t0 ep1 step468 cmd(pl=-0.0002 vl=1900247.6875 ent=2.3842) rad(pl=0.0008 vl=5719178.7500 ent=329.5309)
    ep 2/10  steps=500 timeout  wr=0.00  avg_r=18970.6599
      [PPO] leag-t0 ep2 step11 cmd(pl=-0.0006 vl=1989615.8542 ent=2.3862) rad(pl=-0.0019 vl=5915125.7500 ent=329.5793)
      [PPO] leag-t0 ep2 step53 cmd(pl=-0.0022 vl=2043000.8958 ent=2.3882) rad(pl=0.0007 vl=6510209.7500 ent=329.6335)
      [PPO] leag-t0 ep2 step95 cmd(pl=-0.0004 vl=1978857.2292 ent=2.3857) rad(pl=-0.0003 vl=6459014.9167 ent=329.6855)
      [PPO] leag-t0 ep2 step137 cmd(pl=-0.0005 vl=1989982.6458 ent=2.3873) rad(pl=-0.0011 vl=6402303.3333 ent=329.7371)
      [PPO] leag-t0 ep2 step179 cmd(pl=-0.0011 vl=1955397.8125 ent=2.3875) rad(pl=-0.0057 vl=6353646.0833 ent=329.7851)
      [PPO] leag-t0 ep2 step221 cmd(pl=-0.0009 vl=1961001.3958 ent=2.3893) rad(pl=0.0005 vl=6321194.6667 ent=329.8187)
      [PPO] leag-t0 ep2 step263 cmd(pl=-0.0023 vl=1941236.3958 ent=2.3890) rad(pl=-0.0023 vl=6298033.9167 ent=329.8490)
      [PPO] leag-t0 ep2 step305 cmd(pl=-0.0005 vl=1926565.1875 ent=2.3887) rad(pl=0.0004 vl=6281932.7500 ent=329.8719)
      [PPO] leag-t0 ep2 step347 cmd(pl=-0.0013 vl=1955576.2500 ent=2.3867) rad(pl=0.0005 vl=6259356.5000 ent=329.9074)
      [PPO] leag-t0 ep2 step389 cmd(pl=0.0003 vl=1905415.8958 ent=2.3851) rad(pl=-0.0011 vl=6218766.5000 ent=329.9509)
      [PPO] leag-t0 ep2 step431 cmd(pl=-0.0019 vl=2006232.9792 ent=2.3841) rad(pl=0.0033 vl=6225750.4167 ent=329.9920)
      [PPO] leag-t0 ep2 step473 cmd(pl=0.0007 vl=1912358.3542 ent=2.3800) rad(pl=-0.0006 vl=6303796.4167 ent=330.0354)
    ep 3/10  steps=500 timeout  wr=0.00  avg_r=18989.2989
      [PPO] leag-t0 ep3 step16 cmd(pl=0.0002 vl=1873077.4375 ent=2.3789) rad(pl=0.0014 vl=6067490.0833 ent=330.0815)
      [PPO] leag-t0 ep3 step58 cmd(pl=-0.0016 vl=1931467.1667 ent=2.3787) rad(pl=-0.0028 vl=5619675.0000 ent=330.1267)
      [PPO] leag-t0 ep3 step100 cmd(pl=-0.0006 vl=1893039.5417 ent=2.3776) rad(pl=-0.0022 vl=5550514.2500 ent=330.1710)
      [PPO] leag-t0 ep3 step142 cmd(pl=-0.0014 vl=1895709.7500 ent=2.3823) rad(pl=-0.0038 vl=5555535.9167 ent=330.2095)
      [PPO] leag-t0 ep3 step184 cmd(pl=-0.0005 vl=1941132.7708 ent=2.3871) rad(pl=0.0027 vl=5588330.0000 ent=330.2439)
      [PPO] leag-t0 ep3 step226 cmd(pl=-0.0008 vl=1940152.5000 ent=2.3888) rad(pl=0.0029 vl=5595705.2500 ent=330.2841)
      [PPO] leag-t0 ep3 step268 cmd(pl=-0.0005 vl=1973712.0417 ent=2.3819) rad(pl=0.0010 vl=5556270.1667 ent=330.3344)
      [PPO] leag-t0 ep3 step310 cmd(pl=0.0001 vl=1936346.7917 ent=2.3803) rad(pl=-0.0036 vl=5489736.6667 ent=330.3856)
      [PPO] leag-t0 ep3 step352 cmd(pl=-0.0013 vl=1915871.4792 ent=2.3798) rad(pl=-0.0053 vl=5430234.0000 ent=330.4208)
      [PPO] leag-t0 ep3 step394 cmd(pl=-0.0031 vl=2035581.6458 ent=2.3809) rad(pl=-0.0022 vl=5445332.5000 ent=330.4515)
      [PPO] leag-t0 ep3 step436 cmd(pl=-0.0001 vl=1926161.3542 ent=2.3791) rad(pl=0.0046 vl=5510935.9167 ent=330.4855)
      [PPO] leag-t0 ep3 step478 cmd(pl=-0.0012 vl=1958205.5208 ent=2.3742) rad(pl=0.0008 vl=5534363.8333 ent=330.5241)
    ep 4/10  steps=500 timeout  wr=0.00  avg_r=19038.4356
      [PPO] leag-t0 ep4 step21 cmd(pl=-0.0003 vl=1960770.2500 ent=2.3665) rad(pl=0.0008 vl=5246875.0000 ent=330.5698)
      [PPO] leag-t0 ep4 step63 cmd(pl=-0.0012 vl=1939028.0833 ent=2.3647) rad(pl=0.0029 vl=4895072.5833 ent=330.6169)
      [PPO] leag-t0 ep4 step105 cmd(pl=-0.0001 vl=1989254.2708 ent=2.3619) rad(pl=-0.0012 vl=4912147.9167 ent=330.6663)
      [PPO] leag-t0 ep4 step147 cmd(pl=0.0004 vl=1927954.4583 ent=2.3623) rad(pl=-0.0005 vl=4962253.1667 ent=330.7101)
      [PPO] leag-t0 ep4 step189 cmd(pl=-0.0013 vl=1941068.6250 ent=2.3633) rad(pl=0.0026 vl=4960137.0833 ent=330.7518)
      [PPO] leag-t0 ep4 step231 cmd(pl=-0.0003 vl=2008298.2708 ent=2.3658) rad(pl=-0.0030 vl=4952307.8333 ent=330.7926)
      [PPO] leag-t0 ep4 step273 cmd(pl=-0.0009 vl=1959085.6875 ent=2.3690) rad(pl=-0.0018 vl=4920874.2500 ent=330.8283)
      [PPO] leag-t0 ep4 step315 cmd(pl=-0.0011 vl=1969590.5417 ent=2.3697) rad(pl=0.0005 vl=4848820.6667 ent=330.8619)
      [PPO] leag-t0 ep4 step357 cmd(pl=-0.0012 vl=1930391.7292 ent=2.3688) rad(pl=-0.0049 vl=4762018.3333 ent=330.9035)
      [PPO] leag-t0 ep4 step399 cmd(pl=-0.0002 vl=1962867.9375 ent=2.3633) rad(pl=-0.0016 vl=4700395.7500 ent=330.9415)
      [PPO] leag-t0 ep4 step441 cmd(pl=-0.0005 vl=1998719.6250 ent=2.3653) rad(pl=-0.0026 vl=4740319.1667 ent=330.9746)
      [PPO] leag-t0 ep4 step483 cmd(pl=-0.0007 vl=1994948.8542 ent=2.3652) rad(pl=0.0012 vl=4799086.9167 ent=331.0083)
    ep 5/10  steps=500 timeout  wr=0.00  avg_r=19101.6459
    ── ep 5/10  wr=0.00  avg_r=19101.6459
      [PPO] leag-t0 ep5 step26 cmd(pl=-0.0003 vl=2090232.8333 ent=2.3529) rad(pl=0.0000 vl=4942909.3333 ent=331.0471)
      [PPO] leag-t0 ep5 step68 cmd(pl=-0.0021 vl=2186531.7083 ent=2.3437) rad(pl=-0.0010 vl=5053611.3333 ent=331.0875)
      [PPO] leag-t0 ep5 step110 cmd(pl=-0.0008 vl=2097446.9792 ent=2.3456) rad(pl=-0.0006 vl=5093216.0000 ent=331.1275)
      [PPO] leag-t0 ep5 step152 cmd(pl=0.0003 vl=2073759.1458 ent=2.3420) rad(pl=0.0044 vl=5094669.5000 ent=331.1669)
      [PPO] leag-t0 ep5 step194 cmd(pl=-0.0017 vl=2099981.7708 ent=2.3442) rad(pl=0.0001 vl=5043121.5833 ent=331.2084)
      [PPO] leag-t0 ep5 step236 cmd(pl=-0.0011 vl=2032406.9167 ent=2.3486) rad(pl=-0.0020 vl=4990783.6667 ent=331.2491)
      [PPO] leag-t0 ep5 step278 cmd(pl=-0.0007 vl=1977934.4583 ent=2.3529) rad(pl=-0.0018 vl=4929121.2500 ent=331.2879)
      [PPO] leag-t0 ep5 step320 cmd(pl=-0.0006 vl=2109032.7917 ent=2.3556) rad(pl=-0.0018 vl=4914118.6667 ent=331.3257)
      [PPO] leag-t0 ep5 step362 cmd(pl=-0.0009 vl=2026741.7292 ent=2.3539) rad(pl=-0.0002 vl=4919842.0000 ent=331.3636)
      [PPO] leag-t0 ep5 step404 cmd(pl=-0.0004 vl=2031198.1667 ent=2.3553) rad(pl=0.0010 vl=4893219.4167 ent=331.4029)
      [PPO] leag-t0 ep5 step446 cmd(pl=-0.0006 vl=1984023.5208 ent=2.3554) rad(pl=-0.0023 vl=4851757.0000 ent=331.4410)
      [PPO] leag-t0 ep5 step488 cmd(pl=0.0003 vl=2111719.0417 ent=2.3557) rad(pl=-0.0013 vl=4904498.8333 ent=331.4721)
    ep 6/10  steps=500 timeout  wr=0.00  avg_r=19197.9333
      [PPO] leag-t0 ep6 step31 cmd(pl=-0.0012 vl=2115514.3542 ent=2.3609) rad(pl=0.0016 vl=5435718.1667 ent=331.5074)
      [PPO] leag-t0 ep6 step73 cmd(pl=-0.0012 vl=2031609.5000 ent=2.3663) rad(pl=-0.0014 vl=5649385.8333 ent=331.5484)
      [PPO] leag-t0 ep6 step115 cmd(pl=-0.0006 vl=2106649.4583 ent=2.3737) rad(pl=0.0016 vl=5621216.1667 ent=331.5886)
      [PPO] leag-t0 ep6 step157 cmd(pl=-0.0018 vl=2102616.4167 ent=2.3781) rad(pl=-0.0027 vl=5591780.4167 ent=331.6293)
      [PPO] leag-t0 ep6 step199 cmd(pl=-0.0011 vl=2118852.6042 ent=2.3713) rad(pl=-0.0024 vl=5551138.5000 ent=331.6637)
      [PPO] leag-t0 ep6 step241 cmd(pl=0.0001 vl=2032671.3750 ent=2.3686) rad(pl=-0.0001 vl=5520431.7500 ent=331.6936)
      [PPO] leag-t0 ep6 step283 cmd(pl=-0.0013 vl=2114335.8125 ent=2.3676) rad(pl=0.0040 vl=5513829.5833 ent=331.7316)
      [PPO] leag-t0 ep6 step325 cmd(pl=-0.0002 vl=1991889.3750 ent=2.3599) rad(pl=-0.0016 vl=5470921.7500 ent=331.7801)
      [PPO] leag-t0 ep6 step367 cmd(pl=-0.0019 vl=2092566.1458 ent=2.3611) rad(pl=-0.0017 vl=5458810.8333 ent=331.8252)
      [PPO] leag-t0 ep6 step409 cmd(pl=-0.0012 vl=2071507.6042 ent=2.3613) rad(pl=-0.0019 vl=5469992.0833 ent=331.8582)
      [PPO] leag-t0 ep6 step451 cmd(pl=-0.0013 vl=2082862.9375 ent=2.3617) rad(pl=0.0006 vl=5471063.5000 ent=331.8913)
      [PPO] leag-t0 ep6 step493 cmd(pl=-0.0006 vl=2114310.6042 ent=2.3559) rad(pl=-0.0006 vl=5442308.7500 ent=331.9306)
    ep 7/10  steps=500 timeout  wr=0.00  avg_r=19276.1448
      [PPO] leag-t0 ep7 step36 cmd(pl=-0.0013 vl=2121700.7083 ent=2.3530) rad(pl=-0.0000 vl=5603017.0833 ent=331.9685)
      [PPO] leag-t0 ep7 step78 cmd(pl=-0.0029 vl=2094401.8125 ent=2.3463) rad(pl=-0.0007 vl=5629718.3333 ent=332.0122)
      [PPO] leag-t0 ep7 step120 cmd(pl=-0.0009 vl=2062384.8958 ent=2.3450) rad(pl=-0.0020 vl=5628261.2500 ent=332.0596)
      [PPO] leag-t0 ep7 step162 cmd(pl=-0.0013 vl=2024293.8958 ent=2.3407) rad(pl=-0.0009 vl=5588445.3333 ent=332.0955)
      [PPO] leag-t0 ep7 step204 cmd(pl=-0.0042 vl=2099899.2708 ent=2.3518) rad(pl=0.0005 vl=5672670.0000 ent=332.1331)
      [PPO] leag-t0 ep7 step246 cmd(pl=-0.0002 vl=2135969.3958 ent=2.3589) rad(pl=0.0023 vl=5597655.8333 ent=332.1793)
      [PPO] leag-t0 ep7 step288 cmd(pl=-0.0027 vl=2043521.6875 ent=2.3637) rad(pl=-0.0044 vl=5529549.5000 ent=332.2305)
      [PPO] leag-t0 ep7 step330 cmd(pl=0.0010 vl=2174436.7708 ent=2.3691) rad(pl=-0.0032 vl=5530731.6667 ent=332.2709)
      [PPO] leag-t0 ep7 step372 cmd(pl=-0.0014 vl=2109234.8125 ent=2.3671) rad(pl=-0.0016 vl=5580166.5833 ent=332.2836)
      [PPO] leag-t0 ep7 step414 cmd(pl=-0.0014 vl=2120283.4792 ent=2.3643) rad(pl=0.0035 vl=5568285.0000 ent=332.3023)
      [PPO] leag-t0 ep7 step456 cmd(pl=-0.0013 vl=2244198.5000 ent=2.3532) rad(pl=-0.0010 vl=5618849.3333 ent=332.3390)
      [PPO] leag-t0 ep7 step498 cmd(pl=-0.0015 vl=2120863.5000 ent=2.3438) rad(pl=0.0044 vl=5615215.5000 ent=332.3786)
    ep 8/10  steps=500 timeout  wr=0.00  avg_r=19369.6303
      [PPO] leag-t0 ep8 step41 cmd(pl=-0.0037 vl=2185835.3542 ent=2.3375) rad(pl=-0.0013 vl=5285050.8333 ent=332.4240)
      [PPO] leag-t0 ep8 step83 cmd(pl=-0.0008 vl=2183909.4583 ent=2.3314) rad(pl=0.0012 vl=5307203.5833 ent=332.4638)
      [PPO] leag-t0 ep8 step125 cmd(pl=0.0012 vl=2119571.0833 ent=2.3186) rad(pl=0.0035 vl=5357674.2500 ent=332.4994)
      [PPO] leag-t0 ep8 step167 cmd(pl=-0.0003 vl=2196782.8542 ent=2.3125) rad(pl=-0.0006 vl=5395173.8333 ent=332.5515)
      [PPO] leag-t0 ep8 step209 cmd(pl=-0.0002 vl=2167503.0417 ent=2.3095) rad(pl=0.0076 vl=5437981.7500 ent=332.6132)
      [PPO] leag-t0 ep8 step251 cmd(pl=-0.0010 vl=2167874.0833 ent=2.3081) rad(pl=-0.0006 vl=5452450.0833 ent=332.6757)
      [PPO] leag-t0 ep8 step293 cmd(pl=-0.0006 vl=2224358.3125 ent=2.3108) rad(pl=0.0041 vl=5449094.0833 ent=332.7353)
      [PPO] leag-t0 ep8 step335 cmd(pl=-0.0004 vl=2271895.9167 ent=2.3116) rad(pl=-0.0014 vl=5466179.3333 ent=332.7890)
      [PPO] leag-t0 ep8 step377 cmd(pl=-0.0012 vl=2161889.4167 ent=2.3078) rad(pl=-0.0003 vl=5487049.4167 ent=332.8407)
      [PPO] leag-t0 ep8 step419 cmd(pl=-0.0006 vl=2291340.4583 ent=2.3065) rad(pl=0.0010 vl=5484550.6667 ent=332.9032)
      [PPO] leag-t0 ep8 step461 cmd(pl=-0.0019 vl=2196201.0000 ent=2.3001) rad(pl=-0.0009 vl=5493493.2500 ent=332.9587)
    ep 9/10  steps=500 timeout  wr=0.00  avg_r=19520.9865
      [PPO] leag-t0 ep9 step4 cmd(pl=-0.0001 vl=2327738.7917 ent=2.2950) rad(pl=0.0011 vl=5548453.0833 ent=332.9999)
      [PPO] leag-t0 ep9 step46 cmd(pl=-0.0005 vl=2287806.6458 ent=2.2971) rad(pl=0.0008 vl=5666763.1667 ent=333.0431)
      [PPO] leag-t0 ep9 step88 cmd(pl=-0.0004 vl=2269225.9167 ent=2.2939) rad(pl=0.0059 vl=5729855.7500 ent=333.0962)
      [PPO] leag-t0 ep9 step130 cmd(pl=-0.0003 vl=2240752.0833 ent=2.2903) rad(pl=-0.0041 vl=5727549.0000 ent=333.1533)
      [PPO] leag-t0 ep9 step172 cmd(pl=-0.0004 vl=2275279.0417 ent=2.2908) rad(pl=0.0002 vl=5821363.9167 ent=333.1978)
      [PPO] leag-t0 ep9 step214 cmd(pl=-0.0008 vl=2365538.6875 ent=2.2893) rad(pl=0.0036 vl=5834723.9167 ent=333.2405)
      [PPO] leag-t0 ep9 step256 cmd(pl=-0.0011 vl=2349188.0833 ent=2.2877) rad(pl=0.0021 vl=5937284.0000 ent=333.2908)
      [PPO] leag-t0 ep9 step298 cmd(pl=-0.0010 vl=2345244.0833 ent=2.2900) rad(pl=0.0059 vl=5958720.0000 ent=333.3474)
      [PPO] leag-t0 ep9 step340 cmd(pl=-0.0007 vl=2376105.1875 ent=2.2908) rad(pl=0.0017 vl=5929462.5000 ent=333.4066)
      [PPO] leag-t0 ep9 step382 cmd(pl=-0.0010 vl=2330005.1042 ent=2.2897) rad(pl=-0.0080 vl=5883205.5000 ent=333.4584)
      [PPO] leag-t0 ep9 step424 cmd(pl=-0.0006 vl=2322341.6667 ent=2.2910) rad(pl=-0.0002 vl=5832937.4167 ent=333.4747)
      [PPO] leag-t0 ep9 step466 cmd(pl=0.0001 vl=2409199.6250 ent=2.2903) rad(pl=-0.0004 vl=5807557.8333 ent=333.4971)
    ep 10/10  steps=500 timeout  wr=0.00  avg_r=19690.7748
    ── ep 10/10  wr=0.00  avg_r=19690.7748
  Training main (team 1, p0009) against self...
      [PPO] main-t1 ep0 step2 cmd(pl=0.0032 vl=375642.7552 ent=2.2821) rad(pl=0.3748 vl=6932658.0000 ent=328.6802)
      [PPO] main-t1 ep0 step44 cmd(pl=0.0002 vl=1236667.8542 ent=2.2890) rad(pl=-0.0001 vl=7157512.0000 ent=328.6871)
      [PPO] main-t1 ep0 step86 cmd(pl=-0.0001 vl=1292347.8333 ent=2.2933) rad(pl=0.0011 vl=7162898.7500 ent=328.6847)
      [PPO] main-t1 ep0 step128 cmd(pl=-0.0000 vl=1184042.7083 ent=2.2947) rad(pl=-0.0021 vl=7017451.3333 ent=328.6904)
      [PPO] main-t1 ep0 step170 cmd(pl=-0.0001 vl=1180332.2292 ent=2.2942) rad(pl=0.0153 vl=6935818.5000 ent=328.7066)
      [PPO] main-t1 ep0 step212 cmd(pl=0.0001 vl=1232146.1250 ent=2.2956) rad(pl=-0.0005 vl=6828416.9167 ent=328.7291)
      [PPO] main-t1 ep0 step254 cmd(pl=-0.0001 vl=1280483.4167 ent=2.2953) rad(pl=-0.0015 vl=6796853.5000 ent=328.7480)
      [PPO] main-t1 ep0 step296 cmd(pl=-0.0001 vl=1267201.7292 ent=2.2974) rad(pl=-0.0001 vl=6740689.7500 ent=328.7655)
      [PPO] main-t1 ep0 step338 cmd(pl=-0.0000 vl=1192094.8333 ent=2.2982) rad(pl=-0.0013 vl=6656286.3333 ent=328.7820)
      [PPO] main-t1 ep0 step380 cmd(pl=-0.0000 vl=1271579.4583 ent=2.2961) rad(pl=-0.0019 vl=6629067.5000 ent=328.7993)
      [PPO] main-t1 ep0 step422 cmd(pl=-0.0001 vl=1260290.7292 ent=2.2949) rad(pl=0.0002 vl=6578692.9167 ent=328.8170)
      [PPO] main-t1 ep0 step464 cmd(pl=-0.0001 vl=1239310.7917 ent=2.2966) rad(pl=-0.0011 vl=6575522.3333 ent=328.8351)
    ep 1/10  steps=500 timeout  wr=0.00  avg_r=20238.5564
      [PPO] main-t1 ep1 step7 cmd(pl=-0.0001 vl=1218745.7083 ent=2.2978) rad(pl=-0.0010 vl=6549311.7500 ent=328.8545)
      [PPO] main-t1 ep1 step49 cmd(pl=-0.0000 vl=1268252.3125 ent=2.2963) rad(pl=-0.0005 vl=6537754.9167 ent=328.8729)
      [PPO] main-t1 ep1 step91 cmd(pl=-0.0002 vl=1219249.7083 ent=2.2952) rad(pl=0.0004 vl=6407204.4167 ent=328.8874)
      [PPO] main-t1 ep1 step133 cmd(pl=-0.0000 vl=1195880.0417 ent=2.2948) rad(pl=-0.0003 vl=6294208.5000 ent=328.9022)
      [PPO] main-t1 ep1 step175 cmd(pl=-0.0001 vl=1254349.6042 ent=2.2958) rad(pl=-0.0009 vl=6217220.7500 ent=328.9174)
      [PPO] main-t1 ep1 step217 cmd(pl=-0.0000 vl=1329213.5417 ent=2.2968) rad(pl=0.0006 vl=6151353.2500 ent=328.9323)
      [PPO] main-t1 ep1 step259 cmd(pl=-0.0001 vl=1331413.3542 ent=2.2956) rad(pl=-0.0013 vl=6135577.5000 ent=328.9471)
      [PPO] main-t1 ep1 step301 cmd(pl=-0.0001 vl=1354592.5208 ent=2.2969) rad(pl=-0.0015 vl=6098470.2500 ent=328.9615)
      [PPO] main-t1 ep1 step343 cmd(pl=-0.0000 vl=1353035.7500 ent=2.2980) rad(pl=-0.0013 vl=6106651.8333 ent=328.9742)
      [PPO] main-t1 ep1 step385 cmd(pl=-0.0000 vl=1328874.3750 ent=2.2999) rad(pl=-0.0014 vl=6058735.4167 ent=328.9867)
      [PPO] main-t1 ep1 step427 cmd(pl=-0.0002 vl=1389704.9583 ent=2.2994) rad(pl=-0.0023 vl=6049067.4167 ent=328.9948)
      [PPO] main-t1 ep1 step469 cmd(pl=-0.0000 vl=1263463.4167 ent=2.2978) rad(pl=-0.0024 vl=5961048.1667 ent=329.0010)
    ep 2/10  steps=500 timeout  wr=0.00  avg_r=20136.9151
      [PPO] main-t1 ep2 step12 cmd(pl=-0.0000 vl=1508742.9583 ent=2.2990) rad(pl=-0.0004 vl=5556292.9167 ent=329.0066)
      [PPO] main-t1 ep2 step54 cmd(pl=-0.0000 vl=1360181.0833 ent=2.2975) rad(pl=-0.0003 vl=4520921.8333 ent=329.0123)
      [PPO] main-t1 ep2 step96 cmd(pl=-0.0001 vl=1448963.8750 ent=2.2981) rad(pl=-0.0007 vl=4510132.5833 ent=329.0250)
      [PPO] main-t1 ep2 step138 cmd(pl=-0.0001 vl=1497308.4792 ent=2.2984) rad(pl=0.0004 vl=4524005.5833 ent=329.0425)
      [PPO] main-t1 ep2 step180 cmd(pl=-0.0000 vl=1444155.1667 ent=2.2980) rad(pl=0.0002 vl=4514350.3333 ent=329.0564)
      [PPO] main-t1 ep2 step222 cmd(pl=-0.0001 vl=1499893.0625 ent=2.2982) rad(pl=0.0002 vl=4486093.7500 ent=329.0708)
      [PPO] main-t1 ep2 step264 cmd(pl=-0.0001 vl=1471824.4167 ent=2.2981) rad(pl=-0.0003 vl=4457083.0833 ent=329.0814)
      [PPO] main-t1 ep2 step306 cmd(pl=-0.0002 vl=1598315.5833 ent=2.2980) rad(pl=-0.0006 vl=4458292.8333 ent=329.0962)
      [PPO] main-t1 ep2 step348 cmd(pl=-0.0000 vl=1488100.8750 ent=2.2987) rad(pl=-0.0008 vl=4417630.4167 ent=329.1071)
      [PPO] main-t1 ep2 step390 cmd(pl=-0.0001 vl=1502397.3750 ent=2.3001) rad(pl=0.0015 vl=4333702.5417 ent=329.1158)
      [PPO] main-t1 ep2 step432 cmd(pl=-0.0001 vl=1530391.0417 ent=2.2997) rad(pl=-0.0020 vl=4299625.0000 ent=329.1349)
      [PPO] main-t1 ep2 step474 cmd(pl=-0.0001 vl=1574017.8958 ent=2.2984) rad(pl=-0.0001 vl=4250538.5833 ent=329.1605)
    ep 3/10  steps=500 timeout  wr=0.00  avg_r=20123.1373
  Training main (team 1, p0009) against p0007...
      [PPO] main-t1 ep0 step17 cmd(pl=0.0465 vl=2288325.6042 ent=2.2975) rad(pl=-0.0109 vl=5185085.0000 ent=329.1718)
      [PPO] main-t1 ep0 step59 cmd(pl=0.0905 vl=2405465.0833 ent=2.2967) rad(pl=0.3508 vl=6366760.3333 ent=329.1423)
      [PPO] main-t1 ep0 step101 cmd(pl=0.0711 vl=2293986.7083 ent=2.2962) rad(pl=0.3472 vl=6346569.7500 ent=329.1256)
      [PPO] main-t1 ep0 step143 cmd(pl=0.0952 vl=2008143.1458 ent=2.2976) rad(pl=0.3483 vl=6389016.6667 ent=329.1244)
      [PPO] main-t1 ep0 step185 cmd(pl=0.0686 vl=2030475.4375 ent=2.2967) rad(pl=0.3490 vl=6340600.0000 ent=329.1320)
      [PPO] main-t1 ep0 step227 cmd(pl=0.0981 vl=1972507.0208 ent=2.2988) rad(pl=0.3434 vl=6281790.4167 ent=329.1438)
      [PPO] main-t1 ep0 step269 cmd(pl=0.0685 vl=1706100.7500 ent=2.2962) rad(pl=0.3497 vl=6340505.1667 ent=329.1571)
      [PPO] main-t1 ep0 step311 cmd(pl=0.0670 vl=1555988.8958 ent=2.2965) rad(pl=0.3504 vl=6312800.5833 ent=329.1717)
      [PPO] main-t1 ep0 step353 cmd(pl=0.0948 vl=1447126.2500 ent=2.2965) rad(pl=0.3463 vl=6290868.1667 ent=329.1874)
      [PPO] main-t1 ep0 step395 cmd(pl=0.0743 vl=1352885.8750 ent=2.2966) rad(pl=0.3479 vl=6290911.0000 ent=329.2034)
      [PPO] main-t1 ep0 step437 cmd(pl=0.0664 vl=1293073.1250 ent=2.2962) rad(pl=0.3506 vl=6271739.6667 ent=329.2196)
      [PPO] main-t1 ep0 step479 cmd(pl=0.0863 vl=1216652.4583 ent=2.2949) rad(pl=0.3451 vl=6223751.6667 ent=329.2358)
    ep 1/10  steps=500 timeout  wr=0.00  avg_r=20579.7831
      [PPO] main-t1 ep1 step22 cmd(pl=0.0776 vl=1304729.6667 ent=2.2967) rad(pl=0.1993 vl=6019336.2500 ent=329.2509)
      [PPO] main-t1 ep1 step64 cmd(pl=0.1023 vl=1172177.6875 ent=2.2946) rad(pl=0.3138 vl=5673663.1667 ent=329.2665)
      [PPO] main-t1 ep1 step106 cmd(pl=0.0946 vl=1098968.0625 ent=2.2945) rad(pl=0.3251 vl=5665574.8333 ent=329.2824)
      [PPO] main-t1 ep1 step148 cmd(pl=0.0690 vl=1029061.5312 ent=2.2940) rad(pl=0.3104 vl=5643453.9167 ent=329.2979)
      [PPO] main-t1 ep1 step190 cmd(pl=0.0744 vl=926704.2708 ent=2.2933) rad(pl=0.3358 vl=5657697.4167 ent=329.3133)
      [PPO] main-t1 ep1 step232 cmd(pl=0.0629 vl=840679.0938 ent=2.2938) rad(pl=0.3193 vl=5597048.8333 ent=329.3290)
      [PPO] main-t1 ep1 step274 cmd(pl=0.0746 vl=791650.7292 ent=2.2937) rad(pl=0.3051 vl=5584068.6667 ent=329.3447)
      [PPO] main-t1 ep1 step316 cmd(pl=0.0524 vl=697572.9688 ent=2.2944) rad(pl=0.3173 vl=5600623.5000 ent=329.3604)
      [PPO] main-t1 ep1 step358 cmd(pl=0.0586 vl=656190.7188 ent=2.2934) rad(pl=0.3170 vl=5568384.7500 ent=329.3762)
      [PPO] main-t1 ep1 step400 cmd(pl=0.0685 vl=607970.3750 ent=2.2920) rad(pl=0.3229 vl=5605644.0000 ent=329.3921)
      [PPO] main-t1 ep1 step442 cmd(pl=0.0647 vl=576996.9688 ent=2.2923) rad(pl=0.3178 vl=5496359.0833 ent=329.4079)
      [PPO] main-t1 ep1 step484 cmd(pl=0.0359 vl=559562.4062 ent=2.2918) rad(pl=0.3127 vl=5561962.9167 ent=329.4235)
    ep 2/10  steps=500 timeout  wr=0.00  avg_r=20626.2609
      [PPO] main-t1 ep2 step27 cmd(pl=0.0440 vl=507347.4167 ent=2.2900) rad(pl=0.2089 vl=6052444.0000 ent=329.4397)
      [PPO] main-t1 ep2 step69 cmd(pl=0.0403 vl=496352.4375 ent=2.2879) rad(pl=0.2972 vl=6421786.8333 ent=329.4569)
      [PPO] main-t1 ep2 step111 cmd(pl=0.0326 vl=480666.8802 ent=2.2873) rad(pl=0.2926 vl=6337713.3333 ent=329.4747)
      [PPO] main-t1 ep2 step153 cmd(pl=0.0131 vl=459245.2760 ent=2.2855) rad(pl=0.2940 vl=6326448.7500 ent=329.4928)
      [PPO] main-t1 ep2 step195 cmd(pl=0.0191 vl=458272.5052 ent=2.2861) rad(pl=0.2947 vl=6340148.7500 ent=329.5112)
      [PPO] main-t1 ep2 step237 cmd(pl=0.0113 vl=462953.6927 ent=2.2868) rad(pl=0.2931 vl=6243874.0833 ent=329.5299)
      [PPO] main-t1 ep2 step279 cmd(pl=0.0032 vl=498608.0729 ent=2.2832) rad(pl=0.2956 vl=6273491.9167 ent=329.5485)
      [PPO] main-t1 ep2 step321 cmd(pl=0.0013 vl=484592.6250 ent=2.2757) rad(pl=0.2970 vl=6278759.5833 ent=329.5674)
      [PPO] main-t1 ep2 step363 cmd(pl=0.0003 vl=452269.4583 ent=2.2674) rad(pl=0.2920 vl=6235549.1667 ent=329.5868)
      [PPO] main-t1 ep2 step405 cmd(pl=0.0006 vl=450953.0729 ent=2.2658) rad(pl=0.2930 vl=6221831.8333 ent=329.6064)
      [PPO] main-t1 ep2 step447 cmd(pl=0.0034 vl=488259.4844 ent=2.2622) rad(pl=0.2996 vl=6227169.5000 ent=329.6263)
      [PPO] main-t1 ep2 step489 cmd(pl=0.0043 vl=476207.8229 ent=2.2539) rad(pl=0.2950 vl=6219898.7500 ent=329.6463)
    ep 3/10  steps=500 timeout  wr=0.00  avg_r=20705.6433
  Training main (team 1, p0009) against p0014...
      [PPO] main-t1 ep0 step32 cmd(pl=0.0275 vl=566384.0052 ent=2.2522) rad(pl=0.3760 vl=4716473.7500 ent=329.6651)
      [PPO] main-t1 ep0 step74 cmd(pl=0.1098 vl=608619.5625 ent=2.2516) rad(pl=0.3837 vl=4401444.7500 ent=329.6793)
      [PPO] main-t1 ep0 step116 cmd(pl=0.0878 vl=567332.5156 ent=2.2516) rad(pl=0.3912 vl=4413807.0000 ent=329.6918)
      [PPO] main-t1 ep0 step158 cmd(pl=0.0887 vl=592256.9167 ent=2.2545) rad(pl=0.3905 vl=4395224.0000 ent=329.7051)
      [PPO] main-t1 ep0 step200 cmd(pl=0.0722 vl=576452.9688 ent=2.2600) rad(pl=0.3877 vl=4400732.1667 ent=329.7192)
      [PPO] main-t1 ep0 step242 cmd(pl=0.0536 vl=629912.7188 ent=2.2663) rad(pl=0.3847 vl=4398306.4167 ent=329.7318)
      [PPO] main-t1 ep0 step284 cmd(pl=0.0537 vl=571087.4583 ent=2.2738) rad(pl=0.3937 vl=4354626.5833 ent=329.7443)
      [PPO] main-t1 ep0 step326 cmd(pl=0.0260 vl=583061.9375 ent=2.2844) rad(pl=0.3834 vl=4385820.0833 ent=329.7570)
      [PPO] main-t1 ep0 step368 cmd(pl=0.0040 vl=592198.6771 ent=2.3048) rad(pl=0.3854 vl=4332462.9167 ent=329.7681)
      [PPO] main-t1 ep0 step410 cmd(pl=0.0093 vl=609618.9167 ent=2.3236) rad(pl=0.3856 vl=4307427.7500 ent=329.7798)
      [PPO] main-t1 ep0 step452 cmd(pl=0.0019 vl=599887.5208 ent=2.3356) rad(pl=0.3847 vl=4311772.9167 ent=329.7921)
      [PPO] main-t1 ep0 step494 cmd(pl=-0.0003 vl=607993.0833 ent=2.3420) rad(pl=0.3911 vl=4324493.0000 ent=329.8040)
    ep 1/10  steps=500 timeout  wr=0.00  avg_r=19657.5818
      [PPO] main-t1 ep1 step37 cmd(pl=0.0171 vl=577926.7031 ent=2.3425) rad(pl=0.3502 vl=4561193.7500 ent=329.8187)
      [PPO] main-t1 ep1 step79 cmd(pl=0.0008 vl=609496.3750 ent=2.3442) rad(pl=0.3582 vl=4587203.4167 ent=329.8330)
      [PPO] main-t1 ep1 step121 cmd(pl=0.0079 vl=607522.9062 ent=2.3472) rad(pl=0.3558 vl=4568136.4167 ent=329.8478)
      [PPO] main-t1 ep1 step163 cmd(pl=0.0094 vl=589032.5000 ent=2.3497) rad(pl=0.3536 vl=4561087.1667 ent=329.8621)
      [PPO] main-t1 ep1 step205 cmd(pl=0.0129 vl=613651.9167 ent=2.3582) rad(pl=0.3562 vl=4534931.6667 ent=329.8755)
      [PPO] main-t1 ep1 step247 cmd(pl=0.0066 vl=600774.0677 ent=2.3637) rad(pl=0.3571 vl=4573063.6667 ent=329.8894)
      [PPO] main-t1 ep1 step289 cmd(pl=0.0048 vl=597245.7917 ent=2.3697) rad(pl=0.3549 vl=4521146.4167 ent=329.9036)
      [PPO] main-t1 ep1 step331 cmd(pl=0.0017 vl=588616.6250 ent=2.3699) rad(pl=0.3599 vl=4493867.6667 ent=329.9171)
      [PPO] main-t1 ep1 step373 cmd(pl=-0.0008 vl=576513.1302 ent=2.3707) rad(pl=0.3518 vl=4470598.6667 ent=329.9316)
      [PPO] main-t1 ep1 step415 cmd(pl=0.0022 vl=593854.6875 ent=2.3738) rad(pl=0.3540 vl=4501205.0000 ent=329.9457)
      [PPO] main-t1 ep1 step457 cmd(pl=0.0009 vl=554069.6250 ent=2.3729) rad(pl=0.3521 vl=4469745.7500 ent=329.9594)
      [PPO] main-t1 ep1 step499 cmd(pl=-0.0029 vl=604743.9271 ent=2.3695) rad(pl=0.3574 vl=4453229.8333 ent=329.9748)
    ep 2/10  steps=500 timeout  wr=0.00  avg_r=19555.6059
      [PPO] main-t1 ep2 step42 cmd(pl=0.0011 vl=645252.3021 ent=2.3674) rad(pl=0.3466 vl=4104320.7917 ent=329.9904)
      [PPO] main-t1 ep2 step84 cmd(pl=0.0005 vl=632684.2604 ent=2.3653) rad(pl=0.3415 vl=4097912.2917 ent=330.0046)
      [PPO] main-t1 ep2 step126 cmd(pl=0.0047 vl=600363.4062 ent=2.3659) rad(pl=0.3458 vl=4056196.1667 ent=330.0177)
      [PPO] main-t1 ep2 step168 cmd(pl=-0.0021 vl=582332.5573 ent=2.3686) rad(pl=0.3455 vl=4035051.2500 ent=330.0302)
      [PPO] main-t1 ep2 step210 cmd(pl=0.0047 vl=613005.1667 ent=2.3735) rad(pl=0.3465 vl=4027146.2083 ent=330.0416)
      [PPO] main-t1 ep2 step252 cmd(pl=0.0035 vl=635217.4896 ent=2.3752) rad(pl=0.3458 vl=4043281.2917 ent=330.0531)
      [PPO] main-t1 ep2 step294 cmd(pl=0.0038 vl=613086.9271 ent=2.3758) rad(pl=0.3513 vl=4025958.8333 ent=330.0650)
      [PPO] main-t1 ep2 step336 cmd(pl=-0.0060 vl=612724.8854 ent=2.3795) rad(pl=0.3512 vl=3966103.8750 ent=330.0771)
      [PPO] main-t1 ep2 step378 cmd(pl=-0.0004 vl=643796.1250 ent=2.3785) rad(pl=0.3456 vl=3978524.3750 ent=330.0899)
      [PPO] main-t1 ep2 step420 cmd(pl=-0.0023 vl=659139.9948 ent=2.3754) rad(pl=0.3376 vl=3970772.7500 ent=330.1032)
      [PPO] main-t1 ep2 step462 cmd(pl=-0.0057 vl=624317.6875 ent=2.3741) rad(pl=0.3452 vl=3931880.6250 ent=330.1166)
    ep 3/10  steps=500 timeout  wr=0.00  avg_r=19582.4299
  Training main_exploiter (team 1, p0010) against p0014...
      [PPO] main-t1 ep0 step43 cmd(pl=0.0332 vl=1073466.5521 ent=2.2991) rad(pl=0.3718 vl=4544970.5000 ent=331.0832)
      [PPO] main-t1 ep0 step85 cmd(pl=0.0587 vl=1169151.9792 ent=2.3053) rad(pl=0.3756 vl=4600035.4167 ent=331.1102)
      [PPO] main-t1 ep0 step127 cmd(pl=0.0319 vl=1156993.0000 ent=2.3091) rad(pl=0.3758 vl=4585976.8333 ent=331.1374)
      [PPO] main-t1 ep0 step169 cmd(pl=0.0656 vl=1040924.0625 ent=2.3118) rad(pl=0.3754 vl=4531813.7500 ent=331.1652)
      [PPO] main-t1 ep0 step211 cmd(pl=0.0425 vl=1021707.9167 ent=2.3122) rad(pl=0.3746 vl=4544753.9167 ent=331.1930)
      [PPO] main-t1 ep0 step253 cmd(pl=0.0517 vl=908922.1771 ent=2.3134) rad(pl=0.3747 vl=4500379.3333 ent=331.2210)
      [PPO] main-t1 ep0 step295 cmd(pl=0.0663 vl=911531.6146 ent=2.3138) rad(pl=0.3734 vl=4496460.0833 ent=331.2489)
      [PPO] main-t1 ep0 step337 cmd(pl=0.0636 vl=913672.1042 ent=2.3137) rad(pl=0.3720 vl=4499966.4167 ent=331.2766)
      [PPO] main-t1 ep0 step379 cmd(pl=0.0308 vl=895782.1354 ent=2.3131) rad(pl=0.3742 vl=4548018.0000 ent=331.3046)
      [PPO] main-t1 ep0 step421 cmd(pl=0.0651 vl=862358.3646 ent=2.3133) rad(pl=0.3724 vl=4514552.5000 ent=331.3331)
      [PPO] main-t1 ep0 step463 cmd(pl=0.0336 vl=710485.7812 ent=2.3143) rad(pl=0.3754 vl=4452885.9167 ent=331.3618)
    ep 1/10  steps=500 timeout  wr=0.00  avg_r=19788.0942
      [PPO] main-t1 ep1 step6 cmd(pl=0.0444 vl=715306.1146 ent=2.3149) rad(pl=0.3672 vl=4734793.7500 ent=331.3910)
      [PPO] main-t1 ep1 step48 cmd(pl=0.0433 vl=683054.1875 ent=2.3168) rad(pl=0.4032 vl=5040942.2500 ent=331.4209)
      [PPO] main-t1 ep1 step90 cmd(pl=0.0233 vl=691868.2396 ent=2.3177) rad(pl=0.4048 vl=5041031.5000 ent=331.4537)
      [PPO] main-t1 ep1 step132 cmd(pl=0.0151 vl=689383.8333 ent=2.3181) rad(pl=0.4061 vl=5039140.4167 ent=331.4884)
      [PPO] main-t1 ep1 step174 cmd(pl=0.0285 vl=654429.1875 ent=2.3186) rad(pl=0.4020 vl=5039380.2500 ent=331.5239)
      [PPO] main-t1 ep1 step216 cmd(pl=0.0181 vl=644300.4688 ent=2.3188) rad(pl=0.4040 vl=5011754.6667 ent=331.5590)
      [PPO] main-t1 ep1 step258 cmd(pl=0.0315 vl=608298.6250 ent=2.3193) rad(pl=0.4013 vl=5017909.1667 ent=331.5946)
      [PPO] main-t1 ep1 step300 cmd(pl=0.0243 vl=631675.3542 ent=2.3216) rad(pl=0.4052 vl=4961630.9167 ent=331.6309)
      [PPO] main-t1 ep1 step342 cmd(pl=0.0004 vl=604899.0729 ent=2.3283) rad(pl=0.4020 vl=4992639.5000 ent=331.6680)
      [PPO] main-t1 ep1 step384 cmd(pl=0.0053 vl=605446.5104 ent=2.3376) rad(pl=0.4017 vl=4931835.0833 ent=331.7054)
      [PPO] main-t1 ep1 step426 cmd(pl=-0.0032 vl=641708.4792 ent=2.3449) rad(pl=0.4065 vl=4952658.7500 ent=331.7434)
      [PPO] main-t1 ep1 step468 cmd(pl=0.0041 vl=607057.2917 ent=2.3502) rad(pl=0.4028 vl=4913820.0833 ent=331.7818)
    ep 2/10  steps=500 timeout  wr=0.00  avg_r=19644.1113
      [PPO] main-t1 ep2 step11 cmd(pl=0.0026 vl=645152.6562 ent=2.3510) rad(pl=0.4090 vl=4652381.5833 ent=331.8202)
      [PPO] main-t1 ep2 step53 cmd(pl=0.0010 vl=602959.4531 ent=2.3515) rad(pl=0.3924 vl=4354263.0000 ent=331.8578)
      [PPO] main-t1 ep2 step95 cmd(pl=0.0065 vl=591098.4531 ent=2.3534) rad(pl=0.3935 vl=4332978.2500 ent=331.8936)
      [PPO] main-t1 ep2 step137 cmd(pl=0.0040 vl=655477.6042 ent=2.3501) rad(pl=0.3900 vl=4399695.0833 ent=331.9282)
      [PPO] main-t1 ep2 step179 cmd(pl=0.0001 vl=609000.7344 ent=2.3489) rad(pl=0.3928 vl=4381851.0000 ent=331.9622)
      [PPO] main-t1 ep2 step221 cmd(pl=-0.0084 vl=627394.8125 ent=2.3507) rad(pl=0.3922 vl=4295717.5833 ent=331.9958)
      [PPO] main-t1 ep2 step263 cmd(pl=0.0013 vl=602006.8646 ent=2.3513) rad(pl=0.3920 vl=4365332.9167 ent=332.0294)
      [PPO] main-t1 ep2 step305 cmd(pl=0.0015 vl=594037.9479 ent=2.3585) rad(pl=0.3940 vl=4306895.5833 ent=332.0629)
      [PPO] main-t1 ep2 step347 cmd(pl=-0.0052 vl=599055.5312 ent=2.3627) rad(pl=0.3944 vl=4288638.6667 ent=332.0968)
      [PPO] main-t1 ep2 step389 cmd(pl=0.0004 vl=584066.9948 ent=2.3680) rad(pl=0.3923 vl=4288667.7500 ent=332.1310)
      [PPO] main-t1 ep2 step431 cmd(pl=-0.0000 vl=561987.8177 ent=2.3718) rad(pl=0.3960 vl=4229562.0417 ent=332.1652)
      [PPO] main-t1 ep2 step473 cmd(pl=0.0043 vl=569403.4167 ent=2.3741) rad(pl=0.3949 vl=4208746.5000 ent=332.1998)
    ep 3/10  steps=500 timeout  wr=0.00  avg_r=19675.2227
      [PPO] main-t1 ep3 step16 cmd(pl=0.0032 vl=657049.6979 ent=2.3728) rad(pl=0.4019 vl=4002302.8750 ent=332.2349)
      [PPO] main-t1 ep3 step58 cmd(pl=0.0055 vl=628360.0000 ent=2.3708) rad(pl=0.4113 vl=3414295.7083 ent=332.2702)
      [PPO] main-t1 ep3 step100 cmd(pl=-0.0028 vl=567409.2396 ent=2.3691) rad(pl=0.4114 vl=3367356.5417 ent=332.3052)
      [PPO] main-t1 ep3 step142 cmd(pl=-0.0061 vl=624107.0625 ent=2.3700) rad(pl=0.4117 vl=3377662.8750 ent=332.3401)
      [PPO] main-t1 ep3 step184 cmd(pl=0.0036 vl=625210.1250 ent=2.3718) rad(pl=0.4101 vl=3374193.8750 ent=332.3753)
      [PPO] main-t1 ep3 step226 cmd(pl=-0.0007 vl=606261.8594 ent=2.3721) rad(pl=0.4114 vl=3357478.8750 ent=332.4107)
      [PPO] main-t1 ep3 step268 cmd(pl=0.0048 vl=629871.4792 ent=2.3718) rad(pl=0.4124 vl=3355080.0417 ent=332.4463)
      [PPO] main-t1 ep3 step310 cmd(pl=-0.0083 vl=605869.9062 ent=2.3706) rad(pl=0.4126 vl=3327780.4167 ent=332.4822)
      [PPO] main-t1 ep3 step352 cmd(pl=-0.0020 vl=593650.2396 ent=2.3678) rad(pl=0.4115 vl=3307538.4583 ent=332.5185)
      [PPO] main-t1 ep3 step394 cmd(pl=0.0006 vl=604389.6979 ent=2.3641) rad(pl=0.4119 vl=3329682.6250 ent=332.5549)
      [PPO] main-t1 ep3 step436 cmd(pl=-0.0017 vl=662780.5521 ent=2.3620) rad(pl=0.4103 vl=3307400.0000 ent=332.5915)
      [PPO] main-t1 ep3 step478 cmd(pl=-0.0064 vl=616928.6979 ent=2.3567) rad(pl=0.4119 vl=3311374.5000 ent=332.6283)
    ep 4/10  steps=500 timeout  wr=0.00  avg_r=19662.6031
      [PPO] main-t1 ep4 step21 cmd(pl=-0.0020 vl=617114.0938 ent=2.3577) rad(pl=0.3820 vl=3273876.5417 ent=332.6656)
      [PPO] main-t1 ep4 step63 cmd(pl=0.0020 vl=617251.5833 ent=2.3567) rad(pl=0.3647 vl=3373057.8333 ent=332.7032)
      [PPO] main-t1 ep4 step105 cmd(pl=0.0026 vl=598890.0781 ent=2.3620) rad(pl=0.3658 vl=3290776.7500 ent=332.7411)
      [PPO] main-t1 ep4 step147 cmd(pl=-0.0047 vl=634620.2396 ent=2.3631) rad(pl=0.3637 vl=3348121.6250 ent=332.7795)
      [PPO] main-t1 ep4 step189 cmd(pl=0.0027 vl=618474.5625 ent=2.3629) rad(pl=0.3635 vl=3329180.3750 ent=332.8182)
      [PPO] main-t1 ep4 step231 cmd(pl=-0.0001 vl=610398.6146 ent=2.3629) rad(pl=0.3648 vl=3305472.4583 ent=332.8569)
      [PPO] main-t1 ep4 step273 cmd(pl=-0.0013 vl=618198.7604 ent=2.3599) rad(pl=0.3648 vl=3295550.4167 ent=332.8960)
      [PPO] main-t1 ep4 step315 cmd(pl=0.0009 vl=618219.6562 ent=2.3554) rad(pl=0.3643 vl=3298879.5833 ent=332.9356)
      [PPO] main-t1 ep4 step357 cmd(pl=0.0055 vl=581641.2500 ent=2.3535) rad(pl=0.3659 vl=3256574.1250 ent=332.9753)
      [PPO] main-t1 ep4 step399 cmd(pl=-0.0045 vl=640848.2500 ent=2.3528) rad(pl=0.3633 vl=3293392.0000 ent=333.0153)
      [PPO] main-t1 ep4 step441 cmd(pl=-0.0020 vl=607595.3438 ent=2.3523) rad(pl=0.3644 vl=3257998.4167 ent=333.0556)
      [PPO] main-t1 ep4 step483 cmd(pl=0.0127 vl=599828.2708 ent=2.3538) rad(pl=0.3660 vl=3254771.7917 ent=333.0961)
    ep 5/10  steps=500 timeout  wr=0.00  avg_r=19652.2344
    ── ep 5/10  wr=0.00  avg_r=19652.2344
      [PPO] main-t1 ep5 step26 cmd(pl=0.0035 vl=577850.8958 ent=2.3566) rad(pl=0.3314 vl=4164906.0417 ent=333.1370)
      [PPO] main-t1 ep5 step68 cmd(pl=-0.0002 vl=595222.7292 ent=2.3618) rad(pl=0.2992 vl=4831860.8333 ent=333.1779)
      [PPO] main-t1 ep5 step110 cmd(pl=0.0017 vl=621965.5000 ent=2.3665) rad(pl=0.2999 vl=4827357.7500 ent=333.2182)
      [PPO] main-t1 ep5 step152 cmd(pl=0.0029 vl=664404.9688 ent=2.3719) rad(pl=0.3023 vl=4819849.7500 ent=333.2580)
      [PPO] main-t1 ep5 step194 cmd(pl=-0.0085 vl=633464.6979 ent=2.3710) rad(pl=0.3026 vl=4768423.0000 ent=333.2977)
      [PPO] main-t1 ep5 step236 cmd(pl=0.0027 vl=630378.1979 ent=2.3688) rad(pl=0.3003 vl=4781542.8333 ent=333.3375)
      [PPO] main-t1 ep5 step278 cmd(pl=0.0019 vl=621079.9479 ent=2.3699) rad(pl=0.3001 vl=4707615.4167 ent=333.3773)
      [PPO] main-t1 ep5 step320 cmd(pl=0.0004 vl=574205.6667 ent=2.3711) rad(pl=0.3001 vl=4697853.9167 ent=333.4173)
      [PPO] main-t1 ep5 step362 cmd(pl=-0.0023 vl=611165.8958 ent=2.3763) rad(pl=0.2996 vl=4710100.3333 ent=333.4576)
      [PPO] main-t1 ep5 step404 cmd(pl=-0.0049 vl=611599.9375 ent=2.3781) rad(pl=0.2999 vl=4686294.5833 ent=333.4982)
      [PPO] main-t1 ep5 step446 cmd(pl=0.0023 vl=627792.0417 ent=2.3802) rad(pl=0.3027 vl=4662025.6667 ent=333.5390)
      [PPO] main-t1 ep5 step488 cmd(pl=0.0009 vl=639830.5833 ent=2.3802) rad(pl=0.3010 vl=4674735.7500 ent=333.5800)
    ep 6/10  steps=500 timeout  wr=0.00  avg_r=19619.4811
      [PPO] main-t1 ep6 step31 cmd(pl=0.0001 vl=639439.5625 ent=2.3803) rad(pl=0.3648 vl=3073502.8750 ent=333.6212)
      [PPO] main-t1 ep6 step73 cmd(pl=-0.0054 vl=624121.1667 ent=2.3801) rad(pl=0.3922 vl=2359024.1667 ent=333.6622)
      [PPO] main-t1 ep6 step115 cmd(pl=0.0120 vl=583296.6354 ent=2.3814) rad(pl=0.3882 vl=2314614.7917 ent=333.7027)
      [PPO] main-t1 ep6 step157 cmd(pl=-0.0025 vl=587172.1771 ent=2.3821) rad(pl=0.3912 vl=2334020.5417 ent=333.7432)
      [PPO] main-t1 ep6 step199 cmd(pl=0.0050 vl=566908.3542 ent=2.3817) rad(pl=0.3895 vl=2296927.8750 ent=333.7837)
      [PPO] main-t1 ep6 step241 cmd(pl=0.0082 vl=594768.1146 ent=2.3835) rad(pl=0.3915 vl=2308592.9583 ent=333.8242)
      [PPO] main-t1 ep6 step283 cmd(pl=0.0005 vl=604109.2396 ent=2.3826) rad(pl=0.3934 vl=2303604.5833 ent=333.8649)
      [PPO] main-t1 ep6 step325 cmd(pl=0.0053 vl=549671.2760 ent=2.3845) rad(pl=0.3899 vl=2292413.2917 ent=333.9058)
      [PPO] main-t1 ep6 step367 cmd(pl=-0.0051 vl=609714.6771 ent=2.3823) rad(pl=0.3926 vl=2266890.9167 ent=333.9470)
      [PPO] main-t1 ep6 step409 cmd(pl=0.0020 vl=561946.4583 ent=2.3769) rad(pl=0.3907 vl=2253570.0000 ent=333.9886)
      [PPO] main-t1 ep6 step451 cmd(pl=0.0086 vl=528082.0990 ent=2.3683) rad(pl=0.3884 vl=2257366.0417 ent=334.0304)
      [PPO] main-t1 ep6 step493 cmd(pl=-0.0053 vl=565673.9479 ent=2.3627) rad(pl=0.3911 vl=2254119.3125 ent=334.0724)
    ep 7/10  steps=500 timeout  wr=0.00  avg_r=19643.5080
      [PPO] main-t1 ep7 step36 cmd(pl=0.0008 vl=641345.3958 ent=2.3567) rad(pl=0.3775 vl=2761947.6250 ent=334.1145)
      [PPO] main-t1 ep7 step78 cmd(pl=-0.0001 vl=619466.4271 ent=2.3535) rad(pl=0.3764 vl=2875465.5000 ent=334.1559)
      [PPO] main-t1 ep7 step120 cmd(pl=0.0004 vl=616649.8646 ent=2.3540) rad(pl=0.3766 vl=2838837.0833 ent=334.1966)
      [PPO] main-t1 ep7 step162 cmd(pl=0.0042 vl=628075.6667 ent=2.3569) rad(pl=0.3753 vl=2839619.4583 ent=334.2371)
      [PPO] main-t1 ep7 step204 cmd(pl=-0.0008 vl=585615.4271 ent=2.3597) rad(pl=0.3744 vl=2821743.9583 ent=334.2775)
      [PPO] main-t1 ep7 step246 cmd(pl=0.0004 vl=612439.4688 ent=2.3641) rad(pl=0.3754 vl=2823694.8750 ent=334.3180)
      [PPO] main-t1 ep7 step288 cmd(pl=0.0026 vl=627132.6771 ent=2.3689) rad(pl=0.3762 vl=2801929.1250 ent=334.3585)
      [PPO] main-t1 ep7 step330 cmd(pl=-0.0041 vl=622079.6771 ent=2.3735) rad(pl=0.3761 vl=2812613.6667 ent=334.3991)
      [PPO] main-t1 ep7 step372 cmd(pl=0.0046 vl=546770.0833 ent=2.3812) rad(pl=0.3748 vl=2750351.0833 ent=334.4400)
      [PPO] main-t1 ep7 step414 cmd(pl=-0.0036 vl=604206.4792 ent=2.3883) rad(pl=0.3745 vl=2789003.2500 ent=334.4811)
      [PPO] main-t1 ep7 step456 cmd(pl=0.0001 vl=613624.2917 ent=2.3938) rad(pl=0.3763 vl=2792577.6667 ent=334.5223)
      [PPO] main-t1 ep7 step498 cmd(pl=-0.0005 vl=576102.1146 ent=2.3976) rad(pl=0.3748 vl=2751888.2917 ent=334.5636)
    ep 8/10  steps=500 timeout  wr=0.00  avg_r=19641.2740
      [PPO] main-t1 ep8 step41 cmd(pl=0.0005 vl=620043.8542 ent=2.4037) rad(pl=0.3745 vl=2879574.6667 ent=334.6053)
      [PPO] main-t1 ep8 step83 cmd(pl=-0.0002 vl=607940.4375 ent=2.4065) rad(pl=0.3750 vl=2846359.7917 ent=334.6475)
      [PPO] main-t1 ep8 step125 cmd(pl=-0.0039 vl=662719.9062 ent=2.4057) rad(pl=0.3747 vl=2892983.7917 ent=334.6903)
      [PPO] main-t1 ep8 step167 cmd(pl=-0.0035 vl=610467.4167 ent=2.4060) rad(pl=0.3746 vl=2840638.0833 ent=334.7333)
      [PPO] main-t1 ep8 step209 cmd(pl=0.0006 vl=670794.6771 ent=2.4044) rad(pl=0.3751 vl=2854180.7500 ent=334.7766)
      [PPO] main-t1 ep8 step251 cmd(pl=-0.0059 vl=633490.8229 ent=2.4015) rad(pl=0.3745 vl=2803056.7500 ent=334.8201)
      [PPO] main-t1 ep8 step293 cmd(pl=0.0030 vl=635107.2917 ent=2.3995) rad(pl=0.3750 vl=2802817.0417 ent=334.8640)
      [PPO] main-t1 ep8 step335 cmd(pl=0.0030 vl=623839.6927 ent=2.3972) rad(pl=0.3750 vl=2754579.7917 ent=334.9082)
      [PPO] main-t1 ep8 step377 cmd(pl=0.0030 vl=644264.0208 ent=2.3944) rad(pl=0.3745 vl=2783498.9583 ent=334.9527)
      [PPO] main-t1 ep8 step419 cmd(pl=0.0021 vl=640256.2917 ent=2.3941) rad(pl=0.3751 vl=2757329.2083 ent=334.9974)
      [PPO] main-t1 ep8 step461 cmd(pl=0.0017 vl=639629.9479 ent=2.3960) rad(pl=0.3747 vl=2728906.7500 ent=335.0424)
    ep 9/10  steps=500 timeout  wr=0.00  avg_r=19653.5395
      [PPO] main-t1 ep9 step4 cmd(pl=0.0026 vl=685786.0104 ent=2.3979) rad(pl=0.3730 vl=2594111.5417 ent=335.0878)
      [PPO] main-t1 ep9 step46 cmd(pl=-0.0019 vl=596559.0521 ent=2.3976) rad(pl=0.4016 vl=2781005.2083 ent=335.1343)
      [PPO] main-t1 ep9 step88 cmd(pl=-0.0024 vl=603427.2812 ent=2.3987) rad(pl=0.3999 vl=2776106.9583 ent=335.1811)
      [PPO] main-t1 ep9 step130 cmd(pl=0.0035 vl=626137.8646 ent=2.3991) rad(pl=0.3973 vl=2773223.1250 ent=335.2280)
      [PPO] main-t1 ep9 step172 cmd(pl=0.0002 vl=628777.2604 ent=2.3925) rad(pl=0.3939 vl=2740347.5417 ent=335.2750)
      [PPO] main-t1 ep9 step214 cmd(pl=0.0032 vl=541684.4219 ent=2.3861) rad(pl=0.4054 vl=2722783.6667 ent=335.3223)
      [PPO] main-t1 ep9 step256 cmd(pl=0.0071 vl=611219.6562 ent=2.3841) rad(pl=0.3986 vl=2744131.4167 ent=335.3699)
      [PPO] main-t1 ep9 step298 cmd(pl=0.0002 vl=573111.6354 ent=2.3826) rad(pl=0.4040 vl=2681300.6250 ent=335.4177)
      [PPO] main-t1 ep9 step340 cmd(pl=-0.0006 vl=615817.2917 ent=2.3834) rad(pl=0.3981 vl=2697595.2083 ent=335.4659)
      [PPO] main-t1 ep9 step382 cmd(pl=-0.0058 vl=576823.6458 ent=2.3849) rad(pl=0.4032 vl=2680865.2083 ent=335.5144)
      [PPO] main-t1 ep9 step424 cmd(pl=-0.0005 vl=591780.0521 ent=2.3890) rad(pl=0.4007 vl=2666575.2083 ent=335.5632)
      [PPO] main-t1 ep9 step466 cmd(pl=-0.0047 vl=573864.6302 ent=2.3938) rad(pl=0.4020 vl=2660178.1667 ent=335.6123)
    ep 10/10  steps=500 timeout  wr=0.00  avg_r=19641.6679
    ── ep 10/10  wr=0.00  avg_r=19641.6679
  Training league_exploiter (team 1, p0011) against p0019...
      [PPO] leag-t1 ep0 step43 cmd(pl=0.1110 vl=1004130.4271 ent=2.3734) rad(pl=0.3363 vl=7576127.4167 ent=329.1349)
      [PPO] leag-t1 ep0 step85 cmd(pl=0.0784 vl=1060848.6667 ent=2.3717) rad(pl=0.3399 vl=7563037.4167 ent=329.1426)
      [PPO] leag-t1 ep0 step127 cmd(pl=0.1373 vl=984992.3750 ent=2.3735) rad(pl=0.3412 vl=7538890.9167 ent=329.1538)
      [PPO] leag-t1 ep0 step169 cmd(pl=0.0993 vl=994659.2917 ent=2.3726) rad(pl=0.3546 vl=7538099.0833 ent=329.1669)
      [PPO] leag-t1 ep0 step211 cmd(pl=0.0899 vl=927117.9167 ent=2.3739) rad(pl=0.3291 vl=7521514.6667 ent=329.1838)
      [PPO] leag-t1 ep0 step253 cmd(pl=0.0740 vl=827350.8229 ent=2.3721) rad(pl=0.3481 vl=7468445.5833 ent=329.1992)
      [PPO] leag-t1 ep0 step295 cmd(pl=0.0686 vl=817245.0833 ent=2.3710) rad(pl=0.3296 vl=7461526.5000 ent=329.2158)
      [PPO] leag-t1 ep0 step337 cmd(pl=0.0895 vl=829091.7812 ent=2.3710) rad(pl=0.3433 vl=7499047.4167 ent=329.2288)
      [PPO] leag-t1 ep0 step379 cmd(pl=0.1057 vl=775247.7396 ent=2.3709) rad(pl=0.3463 vl=7472357.3333 ent=329.2432)
      [PPO] leag-t1 ep0 step421 cmd(pl=0.0461 vl=702255.3958 ent=2.3718) rad(pl=0.3321 vl=7428088.5833 ent=329.2545)
      [PPO] leag-t1 ep0 step463 cmd(pl=0.0883 vl=679312.2812 ent=2.3703) rad(pl=0.4260 vl=7413906.9167 ent=329.2682)
    ep 1/10  steps=500 timeout  wr=0.00  avg_r=19717.7142
      [PPO] leag-t1 ep1 step6 cmd(pl=0.1006 vl=701585.8333 ent=2.3706) rad(pl=0.3947 vl=7359584.6667 ent=329.3116)
      [PPO] leag-t1 ep1 step48 cmd(pl=0.1122 vl=627361.4896 ent=2.3682) rad(pl=0.3636 vl=6803947.7500 ent=329.3647)
      [PPO] leag-t1 ep1 step90 cmd(pl=0.0465 vl=594275.4896 ent=2.3620) rad(pl=0.3509 vl=6824541.4167 ent=329.4052)
      [PPO] leag-t1 ep1 step132 cmd(pl=0.0305 vl=607201.7083 ent=2.3636) rad(pl=0.3525 vl=6803338.0833 ent=329.4337)
      [PPO] leag-t1 ep1 step174 cmd(pl=0.0201 vl=603015.2188 ent=2.3658) rad(pl=0.3457 vl=6812279.0833 ent=329.4576)
      [PPO] leag-t1 ep1 step216 cmd(pl=0.0154 vl=628495.3333 ent=2.3687) rad(pl=0.3465 vl=6822623.0833 ent=329.4774)
      [PPO] leag-t1 ep1 step258 cmd(pl=0.0010 vl=626296.7500 ent=2.3694) rad(pl=0.3624 vl=6730627.5000 ent=329.4940)
      [PPO] leag-t1 ep1 step300 cmd(pl=0.0107 vl=612304.5104 ent=2.3701) rad(pl=0.3486 vl=6744227.0833 ent=329.5124)
      [PPO] leag-t1 ep1 step342 cmd(pl=0.0065 vl=602990.1979 ent=2.3686) rad(pl=0.3422 vl=6739333.0000 ent=329.5286)
      [PPO] leag-t1 ep1 step384 cmd(pl=0.0081 vl=640355.2552 ent=2.3655) rad(pl=0.3458 vl=6684266.5000 ent=329.5404)
      [PPO] leag-t1 ep1 step426 cmd(pl=0.0086 vl=628908.9271 ent=2.3666) rad(pl=0.3602 vl=6692223.2500 ent=329.5514)
      [PPO] leag-t1 ep1 step468 cmd(pl=0.0029 vl=645548.0104 ent=2.3682) rad(pl=0.3533 vl=6670131.2500 ent=329.5674)
    ep 2/10  steps=500 timeout  wr=0.00  avg_r=19704.3919
      [PPO] leag-t1 ep2 step11 cmd(pl=0.0043 vl=613954.3542 ent=2.3706) rad(pl=0.4171 vl=6384577.0000 ent=329.5879)
      [PPO] leag-t1 ep2 step53 cmd(pl=0.0039 vl=639586.9792 ent=2.3664) rad(pl=0.3679 vl=6807171.0833 ent=329.6262)
      [PPO] leag-t1 ep2 step95 cmd(pl=0.0027 vl=621251.9948 ent=2.3619) rad(pl=0.3957 vl=6713778.6667 ent=329.6590)
      [PPO] leag-t1 ep2 step137 cmd(pl=-0.0015 vl=600334.0312 ent=2.3572) rad(pl=0.4117 vl=6744996.6667 ent=329.6956)
      [PPO] leag-t1 ep2 step179 cmd(pl=-0.0048 vl=650065.6146 ent=2.3595) rad(pl=0.3613 vl=6726374.2500 ent=329.7368)
      [PPO] leag-t1 ep2 step221 cmd(pl=-0.0057 vl=575735.7188 ent=2.3627) rad(pl=0.3754 vl=6667435.6667 ent=329.7670)
      [PPO] leag-t1 ep2 step263 cmd(pl=0.0063 vl=592692.8906 ent=2.3670) rad(pl=0.3716 vl=6683396.0000 ent=329.7913)
      [PPO] leag-t1 ep2 step305 cmd(pl=0.0076 vl=581993.3490 ent=2.3685) rad(pl=0.3796 vl=6677705.6667 ent=329.8148)
      [PPO] leag-t1 ep2 step347 cmd(pl=0.0081 vl=602245.2604 ent=2.3694) rad(pl=0.3885 vl=6621721.5833 ent=329.8368)
      [PPO] leag-t1 ep2 step389 cmd(pl=0.0061 vl=609831.6719 ent=2.3726) rad(pl=0.3780 vl=6602400.3333 ent=329.8590)
      [PPO] leag-t1 ep2 step431 cmd(pl=-0.0033 vl=629388.6771 ent=2.3737) rad(pl=0.3874 vl=6658939.2500 ent=329.8811)
      [PPO] leag-t1 ep2 step473 cmd(pl=0.0041 vl=615731.3229 ent=2.3765) rad(pl=0.3745 vl=6595580.9167 ent=329.9078)
    ep 3/10  steps=500 timeout  wr=0.00  avg_r=19627.0651
      [PPO] leag-t1 ep3 step16 cmd(pl=0.0022 vl=620490.4688 ent=2.3761) rad(pl=0.3721 vl=6486446.3333 ent=329.9304)
      [PPO] leag-t1 ep3 step58 cmd(pl=0.0031 vl=606273.3333 ent=2.3745) rad(pl=0.3897 vl=6134945.4167 ent=329.9454)
      [PPO] leag-t1 ep3 step100 cmd(pl=-0.0023 vl=549455.5365 ent=2.3715) rad(pl=0.3881 vl=6111451.0000 ent=329.9565)
      [PPO] leag-t1 ep3 step142 cmd(pl=-0.0024 vl=589025.2865 ent=2.3693) rad(pl=0.3827 vl=6093039.6667 ent=329.9650)
      [PPO] leag-t1 ep3 step184 cmd(pl=0.0116 vl=591904.5677 ent=2.3676) rad(pl=0.3902 vl=6085018.5000 ent=329.9711)
      [PPO] leag-t1 ep3 step226 cmd(pl=-0.0054 vl=570194.6562 ent=2.3682) rad(pl=0.3987 vl=6056450.9167 ent=329.9783)
      [PPO] leag-t1 ep3 step268 cmd(pl=0.0093 vl=543030.7969 ent=2.3673) rad(pl=0.3843 vl=6004478.2500 ent=329.9869)
      [PPO] leag-t1 ep3 step310 cmd(pl=0.0036 vl=579152.8229 ent=2.3581) rad(pl=0.3907 vl=6007455.2500 ent=329.9913)
      [PPO] leag-t1 ep3 step352 cmd(pl=0.0103 vl=539639.0781 ent=2.3450) rad(pl=0.4023 vl=5970276.5000 ent=329.9948)
      [PPO] leag-t1 ep3 step394 cmd(pl=0.0028 vl=569937.6875 ent=2.3410) rad(pl=0.4005 vl=6009952.7500 ent=330.0025)
      [PPO] leag-t1 ep3 step436 cmd(pl=0.0026 vl=570952.1875 ent=2.3452) rad(pl=0.3930 vl=5964813.0833 ent=330.0129)
      [PPO] leag-t1 ep3 step478 cmd(pl=0.0048 vl=598048.6771 ent=2.3514) rad(pl=0.4195 vl=5999696.6667 ent=330.0251)
    ep 4/10  steps=500 timeout  wr=0.00  avg_r=19559.6017
      [PPO] leag-t1 ep4 step21 cmd(pl=0.0013 vl=522379.0156 ent=2.3550) rad(pl=0.3611 vl=6127559.9167 ent=330.0431)
      [PPO] leag-t1 ep4 step63 cmd(pl=0.0028 vl=679128.9479 ent=2.3566) rad(pl=0.3751 vl=6316075.5833 ent=330.0592)
      [PPO] leag-t1 ep4 step105 cmd(pl=-0.0009 vl=700408.1146 ent=2.3578) rad(pl=0.3731 vl=6278822.4167 ent=330.0764)
      [PPO] leag-t1 ep4 step147 cmd(pl=-0.0046 vl=675016.7083 ent=2.3564) rad(pl=0.3733 vl=6257288.4167 ent=330.0930)
      [PPO] leag-t1 ep4 step189 cmd(pl=-0.0016 vl=611284.8958 ent=2.3564) rad(pl=0.3835 vl=6221992.7500 ent=330.1088)
      [PPO] leag-t1 ep4 step231 cmd(pl=0.0040 vl=637167.5104 ent=2.3579) rad(pl=0.4078 vl=6198884.5833 ent=330.1282)
      [PPO] leag-t1 ep4 step273 cmd(pl=-0.0085 vl=633152.2083 ent=2.3582) rad(pl=0.3753 vl=6187982.5000 ent=330.1577)
      [PPO] leag-t1 ep4 step315 cmd(pl=-0.0019 vl=596515.5104 ent=2.3556) rad(pl=0.3727 vl=6219920.3333 ent=330.1805)
      [PPO] leag-t1 ep4 step357 cmd(pl=0.0017 vl=616953.5938 ent=2.3566) rad(pl=0.3769 vl=6172118.5000 ent=330.1979)
      [PPO] leag-t1 ep4 step399 cmd(pl=0.0077 vl=616505.0417 ent=2.3590) rad(pl=0.3807 vl=6123111.8333 ent=330.2141)
      [PPO] leag-t1 ep4 step441 cmd(pl=0.0073 vl=635427.5104 ent=2.3623) rad(pl=0.3833 vl=6102211.8333 ent=330.2318)
      [PPO] leag-t1 ep4 step483 cmd(pl=-0.0040 vl=638200.8646 ent=2.3651) rad(pl=0.3792 vl=6096062.9167 ent=330.2519)
    ep 5/10  steps=500 timeout  wr=0.00  avg_r=19582.8534
    ── ep 5/10  wr=0.00  avg_r=19582.8534
      [PPO] leag-t1 ep5 step26 cmd(pl=-0.0024 vl=636734.4062 ent=2.3640) rad(pl=0.3788 vl=6491527.6667 ent=330.2735)
      [PPO] leag-t1 ep5 step68 cmd(pl=-0.0082 vl=606027.6146 ent=2.3623) rad(pl=0.4019 vl=6775556.1667 ent=330.2997)
      [PPO] leag-t1 ep5 step110 cmd(pl=0.0081 vl=726610.0938 ent=2.3639) rad(pl=0.3799 vl=6822610.5000 ent=330.3281)
      [PPO] leag-t1 ep5 step152 cmd(pl=0.0010 vl=665294.7083 ent=2.3653) rad(pl=0.3919 vl=6781469.1667 ent=330.3525)
      [PPO] leag-t1 ep5 step194 cmd(pl=0.0002 vl=643235.5833 ent=2.3657) rad(pl=0.3958 vl=6776937.2500 ent=330.3760)
      [PPO] leag-t1 ep5 step236 cmd(pl=0.0006 vl=622528.1771 ent=2.3683) rad(pl=0.3888 vl=6713472.0833 ent=330.3990)
      [PPO] leag-t1 ep5 step278 cmd(pl=0.0048 vl=661946.7292 ent=2.3734) rad(pl=0.3896 vl=6706171.3333 ent=330.4180)
      [PPO] leag-t1 ep5 step320 cmd(pl=0.0053 vl=636791.2812 ent=2.3762) rad(pl=0.4009 vl=6615138.1667 ent=330.4389)
      [PPO] leag-t1 ep5 step362 cmd(pl=0.0008 vl=640299.8646 ent=2.3794) rad(pl=0.3897 vl=6648801.0000 ent=330.4682)
      [PPO] leag-t1 ep5 step404 cmd(pl=-0.0048 vl=611168.8542 ent=2.3855) rad(pl=0.3900 vl=6573714.1667 ent=330.4934)
      [PPO] leag-t1 ep5 step446 cmd(pl=0.0094 vl=628885.4792 ent=2.3853) rad(pl=0.3920 vl=6582575.3333 ent=330.5134)
      [PPO] leag-t1 ep5 step488 cmd(pl=-0.0034 vl=629787.8542 ent=2.3824) rad(pl=0.3976 vl=6581699.2500 ent=330.5314)
    ep 6/10  steps=500 timeout  wr=0.00  avg_r=19597.6156
      [PPO] leag-t1 ep6 step31 cmd(pl=0.0003 vl=656482.9792 ent=2.3806) rad(pl=0.3546 vl=6100090.9167 ent=330.5514)
      [PPO] leag-t1 ep6 step73 cmd(pl=-0.0038 vl=640142.8750 ent=2.3849) rad(pl=0.3497 vl=5922989.1667 ent=330.5712)
      [PPO] leag-t1 ep6 step115 cmd(pl=0.0034 vl=644635.5938 ent=2.3936) rad(pl=0.3649 vl=5855229.9167 ent=330.5923)
      [PPO] leag-t1 ep6 step157 cmd(pl=0.0037 vl=647407.0729 ent=2.3976) rad(pl=0.3572 vl=5841636.7500 ent=330.6190)
      [PPO] leag-t1 ep6 step199 cmd(pl=0.0005 vl=623044.6042 ent=2.3982) rad(pl=0.3560 vl=5823567.9167 ent=330.6446)
      [PPO] leag-t1 ep6 step241 cmd(pl=-0.0014 vl=651543.3750 ent=2.3982) rad(pl=0.3563 vl=5789378.3333 ent=330.6676)
      [PPO] leag-t1 ep6 step283 cmd(pl=0.0004 vl=641141.7708 ent=2.3958) rad(pl=0.3724 vl=5791905.3333 ent=330.6920)
      [PPO] leag-t1 ep6 step325 cmd(pl=-0.0019 vl=606490.6354 ent=2.3966) rad(pl=0.3526 vl=5749358.0000 ent=330.7232)
      [PPO] leag-t1 ep6 step367 cmd(pl=-0.0003 vl=662927.8333 ent=2.3982) rad(pl=0.3552 vl=5747251.2500 ent=330.7537)
      [PPO] leag-t1 ep6 step409 cmd(pl=0.0024 vl=645221.8333 ent=2.3971) rad(pl=0.3601 vl=5786142.5000 ent=330.7805)
      [PPO] leag-t1 ep6 step451 cmd(pl=-0.0044 vl=651799.0729 ent=2.3987) rad(pl=0.3570 vl=5782588.1667 ent=330.8080)
      [PPO] leag-t1 ep6 step493 cmd(pl=0.0029 vl=631615.2604 ent=2.3988) rad(pl=0.3562 vl=5718757.9167 ent=330.8334)
    ep 7/10  steps=500 timeout  wr=0.00  avg_r=19573.8765
      [PPO] leag-t1 ep7 step36 cmd(pl=0.0067 vl=647252.7812 ent=2.4054) rad(pl=0.3583 vl=5862044.7500 ent=330.8560)
      [PPO] leag-t1 ep7 step78 cmd(pl=-0.0013 vl=578435.4792 ent=2.4072) rad(pl=0.3604 vl=5859182.4167 ent=330.8767)
      [PPO] leag-t1 ep7 step120 cmd(pl=0.0033 vl=664897.2708 ent=2.4078) rad(pl=0.3647 vl=5851913.5000 ent=330.8975)
      [PPO] leag-t1 ep7 step162 cmd(pl=-0.0050 vl=609069.3646 ent=2.4069) rad(pl=0.3589 vl=5859075.1667 ent=330.9199)
      [PPO] leag-t1 ep7 step204 cmd(pl=-0.0040 vl=663929.3646 ent=2.4076) rad(pl=0.3504 vl=5830617.2500 ent=330.9395)
      [PPO] leag-t1 ep7 step246 cmd(pl=0.0022 vl=605224.8438 ent=2.4092) rad(pl=0.3627 vl=5820863.4167 ent=330.9563)
      [PPO] leag-t1 ep7 step288 cmd(pl=0.0014 vl=631480.9271 ent=2.4077) rad(pl=0.3568 vl=5771589.2500 ent=330.9769)
      [PPO] leag-t1 ep7 step330 cmd(pl=0.0059 vl=620235.3854 ent=2.4074) rad(pl=0.3606 vl=5773058.4167 ent=330.9969)
      [PPO] leag-t1 ep7 step372 cmd(pl=0.0020 vl=611918.9375 ent=2.4064) rad(pl=0.3612 vl=5754159.6667 ent=331.0179)
      [PPO] leag-t1 ep7 step414 cmd(pl=0.0073 vl=627993.8698 ent=2.4044) rad(pl=0.3583 vl=5721038.5833 ent=331.0409)
      [PPO] leag-t1 ep7 step456 cmd(pl=-0.0020 vl=633378.4479 ent=2.3988) rad(pl=0.3649 vl=5734401.7500 ent=331.0654)
      [PPO] leag-t1 ep7 step498 cmd(pl=0.0022 vl=643627.5000 ent=2.3914) rad(pl=0.3613 vl=5716053.0833 ent=331.0929)
    ep 8/10  steps=500 timeout  wr=0.00  avg_r=19597.4703
      [PPO] leag-t1 ep8 step41 cmd(pl=0.0134 vl=600607.0521 ent=2.3850) rad(pl=0.3737 vl=5478167.7500 ent=331.1219)
      [PPO] leag-t1 ep8 step83 cmd(pl=0.0006 vl=612172.1562 ent=2.3831) rad(pl=0.3742 vl=5423355.6667 ent=331.1479)
      [PPO] leag-t1 ep8 step125 cmd(pl=0.0075 vl=560348.3385 ent=2.3823) rad(pl=0.3695 vl=5432237.8333 ent=331.1696)
      [PPO] leag-t1 ep8 step167 cmd(pl=0.0050 vl=565382.6146 ent=2.3822) rad(pl=0.3752 vl=5436463.5833 ent=331.1883)
      [PPO] leag-t1 ep8 step209 cmd(pl=0.0060 vl=561157.0938 ent=2.3835) rad(pl=0.3756 vl=5365092.5000 ent=331.2069)
      [PPO] leag-t1 ep8 step251 cmd(pl=0.0076 vl=594513.6354 ent=2.3848) rad(pl=0.3788 vl=5396052.9167 ent=331.2258)
      [PPO] leag-t1 ep8 step293 cmd(pl=0.0011 vl=559191.6667 ent=2.3818) rad(pl=0.3771 vl=5352205.2500 ent=331.2461)
      [PPO] leag-t1 ep8 step335 cmd(pl=0.0025 vl=530588.9010 ent=2.3746) rad(pl=0.3762 vl=5332442.8333 ent=331.2674)
      [PPO] leag-t1 ep8 step377 cmd(pl=-0.0056 vl=571275.5417 ent=2.3754) rad(pl=0.3769 vl=5350542.8333 ent=331.2909)
      [PPO] leag-t1 ep8 step419 cmd(pl=-0.0021 vl=546943.1823 ent=2.3783) rad(pl=0.3745 vl=5341846.8333 ent=331.3132)
      [PPO] leag-t1 ep8 step461 cmd(pl=0.0059 vl=581234.5990 ent=2.3851) rad(pl=0.3698 vl=5345465.9167 ent=331.3343)
    ep 9/10  steps=500 timeout  wr=0.00  avg_r=19579.2910
      [PPO] leag-t1 ep9 step4 cmd(pl=-0.0026 vl=592011.0469 ent=2.3925) rad(pl=0.3671 vl=5229418.1667 ent=331.3541)
      [PPO] leag-t1 ep9 step46 cmd(pl=0.0015 vl=600520.8854 ent=2.3976) rad(pl=0.3934 vl=5561460.6667 ent=331.3742)
      [PPO] leag-t1 ep9 step88 cmd(pl=-0.0038 vl=599023.0521 ent=2.3986) rad(pl=0.3899 vl=5540226.5000 ent=331.3961)
      [PPO] leag-t1 ep9 step130 cmd(pl=-0.0028 vl=585005.0573 ent=2.3999) rad(pl=0.3945 vl=5517864.7500 ent=331.4203)
      [PPO] leag-t1 ep9 step172 cmd(pl=-0.0037 vl=603213.9167 ent=2.4073) rad(pl=0.3903 vl=5514692.0000 ent=331.4453)
      [PPO] leag-t1 ep9 step214 cmd(pl=-0.0050 vl=578237.8021 ent=2.4129) rad(pl=0.3978 vl=5463546.3333 ent=331.4710)
      [PPO] leag-t1 ep9 step256 cmd(pl=-0.0032 vl=606404.8438 ent=2.4187) rad(pl=0.3874 vl=5428618.2500 ent=331.4978)
      [PPO] leag-t1 ep9 step298 cmd(pl=0.0042 vl=624364.5208 ent=2.4228) rad(pl=0.3918 vl=5480866.5000 ent=331.5242)
      [PPO] leag-t1 ep9 step340 cmd(pl=0.0024 vl=632319.4062 ent=2.4226) rad(pl=0.3928 vl=5449610.6667 ent=331.5529)
      [PPO] leag-t1 ep9 step382 cmd(pl=0.0020 vl=605917.0104 ent=2.4183) rad(pl=0.3937 vl=5441946.5833 ent=331.5822)
      [PPO] leag-t1 ep9 step424 cmd(pl=0.0020 vl=607963.7083 ent=2.4141) rad(pl=0.3965 vl=5386280.5000 ent=331.6117)
      [PPO] leag-t1 ep9 step466 cmd(pl=-0.0074 vl=587230.5104 ent=2.4082) rad(pl=0.3951 vl=5405581.0000 ent=331.6436)
    ep 10/10  steps=500 timeout  wr=0.00  avg_r=19575.6532
    ── ep 10/10  wr=0.00  avg_r=19575.6532
[League] Iteration 1 complete in 58743.7s
[League] alpha=0.067 (schedule=linear) beta_kl=0.097
  [mutant] Created p0025 from p0007 (team=0, wr=0.750, eps=0.05, 1/2)
  [mutant] Created p0026 from p0007 (team=0, wr=0.750, eps=0.05, 2/2)
  [mutant] Created p0027 from p0009 (team=1, wr=0.679, eps=0.05, 1/2)
  [mutant] Created p0028 from p0009 (team=1, wr=0.679, eps=0.05, 2/2)
[League] Generated 4 mutant policies in iteration 1
[League] kill_radius anneal: 25.000m → 12.500m (kill_rate=1.00 ≥ 0.5)

============================================================
PSRO Iteration 2/24
============================================================
[League] Iteration 2: Evaluating payoff matrix...
  [payoff] p0000 vs p0016 (7/196)...     step 100: alive=7 red_wins=1/1 wr_sofar=1.00
    step 200: alive=7 red_wins=1/1 wr_sofar=1.00
    step 300: alive=7 red_wins=1/1 wr_sofar=1.00
    step 400: alive=7 red_wins=1/1 wr_sofar=1.00
    [p0000 vs p0016] final-step illumination_progress: team0=0.0000 team1=0.0000 (max t0=0.0000 t1=0.0000)
win_rate=0.56 (116.9s)
  [payoff] p0000 vs p0017 (8/196)...     step 100: alive=8 red_wins=0/0 wr_sofar=0.00
    step 200: alive=8 red_wins=0/0 wr_sofar=0.00
    step 300: alive=8 red_wins=0/0 wr_sofar=0.00
    step 400: alive=8 red_wins=0/0 wr_sofar=0.00
    [p0000 vs p0017] final-step illumination_progress: team0=0.0417 team1=0.0000 (max t0=0.5000 t1=0.0000)
win_rate=0.50 (510.5s)
  [payoff] p0000 vs p0018 (9/196)...     step 100: alive=7 red_wins=1/1 wr_sofar=1.00
    step 200: alive=7 red_wins=1/1 wr_sofar=1.00
    step 300: alive=7 red_wins=1/1 wr_sofar=1.00
    step 400: alive=7 red_wins=1/1 wr_sofar=1.00
    [p0000 vs p0018] final-step illumination_progress: team0=0.0000 team1=0.0000 (max t0=0.0000 t1=0.0000)
win_rate=0.56 (117.2s)
  [payoff] p0000 vs p0022 (10/196)...     step 100: alive=8 red_wins=0/0 wr_sofar=0.00
    step 200: alive=8 red_wins=0/0 wr_sofar=0.00
    step 300: alive=8 red_wins=0/0 wr_sofar=0.00
    step 400: alive=8 red_wins=0/0 wr_sofar=0.00
    [p0000 vs p0022] final-step illumination_progress: team0=0.0000 team1=0.0000 (max t0=0.0000 t1=0.0000)
win_rate=0.50 (510.3s)
  [payoff] p0000 vs p0023 (11/196)...     step 100: alive=7 red_wins=1/1 wr_sofar=1.00
    step 200: alive=7 red_wins=1/1 wr_sofar=1.00
    step 300: alive=7 red_wins=1/1 wr_sofar=1.00
    step 400: alive=7 red_wins=1/1 wr_sofar=1.00
    [p0000 vs p0023] final-step illumination_progress: team0=0.0000 team1=0.0000 (max t0=0.0000 t1=0.0000)
win_rate=0.56 (116.9s)
  [payoff] p0000 vs p0024 (12/196)...     step 100: alive=8 red_wins=0/0 wr_sofar=0.00
    step 200: alive=8 red_wins=0/0 wr_sofar=0.00
    step 300: alive=8 red_wins=0/0 wr_sofar=0.00
    step 400: alive=8 red_wins=0/0 wr_sofar=0.00
    [p0000 vs p0024] final-step illumination_progress: team0=0.0000 team1=0.0000 (max t0=0.0000 t1=0.0000)
win_rate=0.50 (116.4s)
  [payoff] p0000 vs p0027 (13/196)...     step 100: alive=8 red_wins=0/0 wr_sofar=0.00
    step 200: alive=8 red_wins=0/0 wr_sofar=0.00
    step 300: alive=8 red_wins=0/0 wr_sofar=0.00
    step 400: alive=8 red_wins=0/0 wr_sofar=0.00
    [p0000 vs p0027] final-step illumination_progress: team0=0.0000 team1=0.0000 (max t0=0.0000 t1=0.0000)
win_rate=0.50 (510.3s)
  [payoff] p0000 vs p0028 (14/196)...     step 100: alive=8 red_wins=0/0 wr_sofar=0.00
    step 200: alive=8 red_wins=0/0 wr_sofar=0.00
    step 300: alive=8 red_wins=0/0 wr_sofar=0.00
    step 400: alive=8 red_wins=0/0 wr_sofar=0.00
    [p0000 vs p0028] final-step illumination_progress: team0=0.0000 team1=0.0000 (max t0=0.0000 t1=0.0000)
win_rate=0.50 (115.1s)
  [payoff] p0002 vs p0016 (21/196)...     step 100: alive=8 red_wins=0/0 wr_sofar=0.00
    step 200: alive=8 red_wins=0/0 wr_sofar=0.00
    step 300: alive=8 red_wins=0/0 wr_sofar=0.00
    step 400: alive=8 red_wins=0/0 wr_sofar=0.00
    [p0002 vs p0016] final-step illumination_progress: team0=0.0000 team1=0.0000 (max t0=0.0000 t1=0.0000)
win_rate=0.50 (507.9s)
  [payoff] p0002 vs p0017 (22/196)...     step 100: alive=8 red_wins=0/0 wr_sofar=0.00
    step 200: alive=8 red_wins=0/0 wr_sofar=0.00
    step 300: alive=8 red_wins=0/0 wr_sofar=0.00
    step 400: alive=8 red_wins=0/0 wr_sofar=0.00
    [p0002 vs p0017] final-step illumination_progress: team0=0.0000 team1=0.0000 (max t0=0.0000 t1=0.0000)
win_rate=0.50 (509.7s)
  [payoff] p0002 vs p0018 (23/196)...     step 100: alive=8 red_wins=0/0 wr_sofar=0.00
    step 200: alive=8 red_wins=0/0 wr_sofar=0.00
    step 300: alive=8 red_wins=0/0 wr_sofar=0.00
    step 400: alive=8 red_wins=0/0 wr_sofar=0.00
    [p0002 vs p0018] final-step illumination_progress: team0=0.0000 team1=0.0000 (max t0=0.0000 t1=0.0000)
win_rate=0.50 (505.3s)
  [payoff] p0002 vs p0022 (24/196)...     step 100: alive=8 red_wins=0/0 wr_sofar=0.00
    step 200: alive=8 red_wins=0/0 wr_sofar=0.00
    step 300: alive=8 red_wins=0/0 wr_sofar=0.00
    step 400: alive=8 red_wins=0/0 wr_sofar=0.00
    [p0002 vs p0022] final-step illumination_progress: team0=0.0000 team1=0.0000 (max t0=0.0000 t1=0.0000)
win_rate=0.50 (508.9s)
  [payoff] p0002 vs p0023 (25/196)...     step 100: alive=8 red_wins=0/0 wr_sofar=0.00
    step 200: alive=8 red_wins=0/0 wr_sofar=0.00
    step 300: alive=8 red_wins=0/0 wr_sofar=0.00
    step 400: alive=8 red_wins=0/0 wr_sofar=0.00
    [p0002 vs p0023] final-step illumination_progress: team0=0.0000 team1=0.0000 (max t0=0.0000 t1=0.0000)
win_rate=0.50 (507.9s)
  [payoff] p0002 vs p0024 (26/196)...     step 100: alive=8 red_wins=0/0 wr_sofar=0.00
    step 200: alive=8 red_wins=0/0 wr_sofar=0.00
    step 300: alive=8 red_wins=0/0 wr_sofar=0.00
    step 400: alive=8 red_wins=0/0 wr_sofar=0.00
    [p0002 vs p0024] final-step illumination_progress: team0=0.0000 team1=0.0000 (max t0=0.0000 t1=0.0000)
win_rate=0.50 (510.4s)
  [payoff] p0002 vs p0027 (27/196)...     step 100: alive=8 red_wins=0/0 wr_sofar=0.00
    step 200: alive=8 red_wins=0/0 wr_sofar=0.00
    step 300: alive=8 red_wins=0/0 wr_sofar=0.00
    step 400: alive=8 red_wins=0/0 wr_sofar=0.00
    [p0002 vs p0027] final-step illumination_progress: team0=0.0000 team1=0.0000 (max t0=0.0000 t1=0.0000)
win_rate=0.50 (508.2s)
  [payoff] p0002 vs p0028 (28/196)...     step 100: alive=8 red_wins=0/0 wr_sofar=0.00
    step 200: alive=8 red_wins=0/0 wr_sofar=0.00
    step 300: alive=8 red_wins=0/0 wr_sofar=0.00
    step 400: alive=8 red_wins=0/0 wr_sofar=0.00
    [p0002 vs p0028] final-step illumination_progress: team0=0.0000 team1=0.0000 (max t0=0.0000 t1=0.0000)
win_rate=0.50 (507.3s)
  [payoff] p0006 vs p0016 (35/196)...     step 100: alive=8 red_wins=0/0 wr_sofar=0.00
    step 200: alive=8 red_wins=0/0 wr_sofar=0.00
    step 300: alive=8 red_wins=0/0 wr_sofar=0.00
    step 400: alive=8 red_wins=0/0 wr_sofar=0.00
    [p0006 vs p0016] final-step illumination_progress: team0=0.0208 team1=0.0000 (max t0=0.2500 t1=0.0000)
win_rate=0.56 (508.6s)
  [payoff] p0006 vs p0017 (36/196)...     step 100: alive=7 red_wins=1/1 wr_sofar=1.00
    step 200: alive=7 red_wins=1/1 wr_sofar=1.00
    step 300: alive=7 red_wins=1/1 wr_sofar=1.00
    step 400: alive=7 red_wins=1/1 wr_sofar=1.00
    [p0006 vs p0017] final-step illumination_progress: team0=0.0000 team1=0.0000 (max t0=0.0000 t1=0.0000)
win_rate=0.56 (116.8s)
  [payoff] p0006 vs p0018 (37/196)...     step 100: alive=7 red_wins=1/1 wr_sofar=1.00
    step 200: alive=7 red_wins=1/1 wr_sofar=1.00
    step 300: alive=7 red_wins=1/1 wr_sofar=1.00
    step 400: alive=7 red_wins=1/1 wr_sofar=1.00
    [p0006 vs p0018] final-step illumination_progress: team0=0.0042 team1=0.0000 (max t0=0.0500 t1=0.0000)
win_rate=0.56 (117.1s)
  [payoff] p0006 vs p0022 (38/196)...     step 100: alive=8 red_wins=0/0 wr_sofar=0.00
    step 200: alive=8 red_wins=0/0 wr_sofar=0.00
    step 300: alive=8 red_wins=0/0 wr_sofar=0.00
    step 400: alive=8 red_wins=0/0 wr_sofar=0.00
    [p0006 vs p0022] final-step illumination_progress: team0=0.0000 team1=0.0000 (max t0=0.0000 t1=0.0000)
win_rate=0.50 (507.5s)
  [payoff] p0006 vs p0023 (39/196)...     step 100: alive=7 red_wins=1/1 wr_sofar=1.00
    step 200: alive=7 red_wins=1/1 wr_sofar=1.00
    step 300: alive=7 red_wins=1/1 wr_sofar=1.00
    step 400: alive=7 red_wins=1/1 wr_sofar=1.00
    [p0006 vs p0023] final-step illumination_progress: team0=0.0042 team1=0.0000 (max t0=0.0500 t1=0.0000)
win_rate=0.62 (116.8s)
  [payoff] p0006 vs p0024 (40/196)...     step 100: alive=8 red_wins=0/0 wr_sofar=0.00
    step 200: alive=8 red_wins=0/0 wr_sofar=0.00
    step 300: alive=8 red_wins=0/0 wr_sofar=0.00
    step 400: alive=8 red_wins=0/0 wr_sofar=0.00
    [p0006 vs p0024] final-step illumination_progress: team0=0.0000 team1=0.0000 (max t0=0.0000 t1=0.0000)
win_rate=0.50 (116.5s)
  [payoff] p0006 vs p0027 (41/196)...     step 100: alive=8 red_wins=0/0 wr_sofar=0.00
    step 200: alive=8 red_wins=0/0 wr_sofar=0.00
    step 300: alive=8 red_wins=0/0 wr_sofar=0.00
    step 400: alive=8 red_wins=0/0 wr_sofar=0.00
    [p0006 vs p0027] final-step illumination_progress: team0=0.0000 team1=0.0000 (max t0=0.0000 t1=0.0000)
win_rate=0.50 (508.4s)
  [payoff] p0006 vs p0028 (42/196)...     step 100: alive=7 red_wins=1/1 wr_sofar=1.00
    step 200: alive=7 red_wins=1/1 wr_sofar=1.00
    step 300: alive=7 red_wins=1/1 wr_sofar=1.00
    step 400: alive=7 red_wins=1/1 wr_sofar=1.00
    [p0006 vs p0028] final-step illumination_progress: team0=0.0083 team1=0.0000 (max t0=0.1000 t1=0.0000)
win_rate=0.62 (116.1s)
  [payoff] p0007 vs p0016 (49/196)...     step 100: alive=8 red_wins=0/0 wr_sofar=0.00
    step 200: alive=8 red_wins=0/0 wr_sofar=0.00
    step 300: alive=8 red_wins=0/0 wr_sofar=0.00
    step 400: alive=8 red_wins=0/0 wr_sofar=0.00
    [p0007 vs p0016] final-step illumination_progress: team0=0.0000 team1=0.0000 (max t0=0.0000 t1=0.0000)
win_rate=0.50 (507.5s)
  [payoff] p0007 vs p0017 (50/196)...     step 100: alive=8 red_wins=0/0 wr_sofar=0.00
    step 200: alive=8 red_wins=0/0 wr_sofar=0.00
    step 300: alive=8 red_wins=0/0 wr_sofar=0.00
    step 400: alive=8 red_wins=0/0 wr_sofar=0.00
    [p0007 vs p0017] final-step illumination_progress: team0=0.0000 team1=0.0000 (max t0=0.0000 t1=0.0000)
win_rate=0.50 (510.0s)
  [payoff] p0007 vs p0018 (51/196)...     step 100: alive=8 red_wins=0/0 wr_sofar=0.00
    step 200: alive=8 red_wins=0/0 wr_sofar=0.00
    step 300: alive=8 red_wins=0/0 wr_sofar=0.00
    step 400: alive=8 red_wins=0/0 wr_sofar=0.00
    [p0007 vs p0018] final-step illumination_progress: team0=0.0000 team1=0.0000 (max t0=0.0000 t1=0.0000)
win_rate=0.50 (511.3s)
  [payoff] p0007 vs p0022 (52/196)...     step 100: alive=8 red_wins=0/0 wr_sofar=0.00
    step 200: alive=8 red_wins=0/0 wr_sofar=0.00
    step 300: alive=8 red_wins=0/0 wr_sofar=0.00
    step 400: alive=8 red_wins=0/0 wr_sofar=0.00
    [p0007 vs p0022] final-step illumination_progress: team0=0.0000 team1=0.0000 (max t0=0.0000 t1=0.0000)
win_rate=0.50 (510.4s)
  [payoff] p0007 vs p0023 (53/196)...     step 100: alive=8 red_wins=0/0 wr_sofar=0.00
    step 200: alive=8 red_wins=0/0 wr_sofar=0.00
    step 300: alive=8 red_wins=0/0 wr_sofar=0.00
    step 400: alive=8 red_wins=0/0 wr_sofar=0.00
    [p0007 vs p0023] final-step illumination_progress: team0=0.0000 team1=0.0000 (max t0=0.0000 t1=0.0000)
win_rate=0.50 (510.6s)
  [payoff] p0007 vs p0024 (54/196)...     step 100: alive=8 red_wins=0/0 wr_sofar=0.00
    step 200: alive=8 red_wins=0/0 wr_sofar=0.00
    step 300: alive=8 red_wins=0/0 wr_sofar=0.00
    step 400: alive=8 red_wins=0/0 wr_sofar=0.00
    [p0007 vs p0024] final-step illumination_progress: team0=0.0000 team1=0.0000 (max t0=0.0000 t1=0.0000)
win_rate=0.50 (509.8s)
  [payoff] p0007 vs p0027 (55/196)...     step 100: alive=8 red_wins=0/0 wr_sofar=0.00
    step 200: alive=8 red_wins=0/0 wr_sofar=0.00
    step 300: alive=8 red_wins=0/0 wr_sofar=0.00
    step 400: alive=8 red_wins=0/0 wr_sofar=0.00
    [p0007 vs p0027] final-step illumination_progress: team0=0.0000 team1=0.0000 (max t0=0.0000 t1=0.0000)
win_rate=0.50 (507.8s)
  [payoff] p0007 vs p0028 (56/196)...     step 100: alive=8 red_wins=0/0 wr_sofar=0.00
    step 200: alive=8 red_wins=0/0 wr_sofar=0.00
    step 300: alive=8 red_wins=0/0 wr_sofar=0.00
    step 400: alive=8 red_wins=0/0 wr_sofar=0.00
    [p0007 vs p0028] final-step illumination_progress: team0=0.0000 team1=0.0000 (max t0=0.0000 t1=0.0000)
win_rate=0.50 (510.7s)
  [payoff] p0008 vs p0016 (63/196)...     step 100: alive=8 red_wins=0/0 wr_sofar=0.00
    step 200: alive=8 red_wins=0/0 wr_sofar=0.00
    step 300: alive=8 red_wins=0/0 wr_sofar=0.00
    step 400: alive=8 red_wins=0/0 wr_sofar=0.00
    [p0008 vs p0016] final-step illumination_progress: team0=0.0000 team1=0.0000 (max t0=0.0000 t1=0.0000)
win_rate=0.50 (510.3s)
  [payoff] p0008 vs p0017 (64/196)...     step 100: alive=8 red_wins=0/0 wr_sofar=0.00
    step 200: alive=8 red_wins=0/0 wr_sofar=0.00
    step 300: alive=8 red_wins=0/0 wr_sofar=0.00
    step 400: alive=8 red_wins=0/0 wr_sofar=0.00
    [p0008 vs p0017] final-step illumination_progress: team0=0.0000 team1=0.0000 (max t0=0.0000 t1=0.0000)
win_rate=0.50 (512.4s)
  [payoff] p0008 vs p0018 (65/196)...     step 100: alive=8 red_wins=0/0 wr_sofar=0.00
    step 200: alive=8 red_wins=0/0 wr_sofar=0.00
    step 300: alive=8 red_wins=0/0 wr_sofar=0.00
    step 400: alive=8 red_wins=0/0 wr_sofar=0.00
    [p0008 vs p0018] final-step illumination_progress: team0=0.0000 team1=0.0000 (max t0=0.0000 t1=0.0000)
win_rate=0.50 (509.3s)
  [payoff] p0008 vs p0022 (66/196)...     step 100: alive=8 red_wins=0/0 wr_sofar=0.00
    step 200: alive=8 red_wins=0/0 wr_sofar=0.00
    step 300: alive=8 red_wins=0/0 wr_sofar=0.00
    step 400: alive=8 red_wins=0/0 wr_sofar=0.00
    [p0008 vs p0022] final-step illumination_progress: team0=0.0000 team1=0.0000 (max t0=0.0000 t1=0.0000)
win_rate=0.50 (506.8s)
  [payoff] p0008 vs p0023 (67/196)...     step 100: alive=8 red_wins=0/0 wr_sofar=0.00
    step 200: alive=8 red_wins=0/0 wr_sofar=0.00
    step 300: alive=8 red_wins=0/0 wr_sofar=0.00
    step 400: alive=8 red_wins=0/0 wr_sofar=0.00
    [p0008 vs p0023] final-step illumination_progress: team0=0.0000 team1=0.0000 (max t0=0.0000 t1=0.0000)
win_rate=0.50 (509.1s)
  [payoff] p0008 vs p0024 (68/196)...     step 100: alive=8 red_wins=0/0 wr_sofar=0.00
    step 200: alive=8 red_wins=0/0 wr_sofar=0.00
    step 300: alive=8 red_wins=0/0 wr_sofar=0.00
    step 400: alive=8 red_wins=0/0 wr_sofar=0.00
    [p0008 vs p0024] final-step illumination_progress: team0=0.0000 team1=0.0000 (max t0=0.0000 t1=0.0000)
win_rate=0.50 (508.6s)
  [payoff] p0008 vs p0027 (69/196)...     step 100: alive=8 red_wins=0/0 wr_sofar=0.00
    step 200: alive=8 red_wins=0/0 wr_sofar=0.00
    step 300: alive=8 red_wins=0/0 wr_sofar=0.00
    step 400: alive=8 red_wins=0/0 wr_sofar=0.00
    [p0008 vs p0027] final-step illumination_progress: team0=0.0000 team1=0.0000 (max t0=0.0000 t1=0.0000)
win_rate=0.50 (508.6s)
  [payoff] p0008 vs p0028 (70/196)...     step 100: alive=8 red_wins=0/0 wr_sofar=0.00
    step 200: alive=8 red_wins=0/0 wr_sofar=0.00
    step 300: alive=8 red_wins=0/0 wr_sofar=0.00
    step 400: alive=8 red_wins=0/0 wr_sofar=0.00
    [p0008 vs p0028] final-step illumination_progress: team0=0.0000 team1=0.0000 (max t0=0.0000 t1=0.0000)
win_rate=0.50 (506.5s)
  [payoff] p0012 vs p0016 (77/196)...     step 100: alive=8 red_wins=0/0 wr_sofar=0.00
    step 200: alive=8 red_wins=0/0 wr_sofar=0.00
    step 300: alive=8 red_wins=0/0 wr_sofar=0.00
    step 400: alive=8 red_wins=0/0 wr_sofar=0.00
    [p0012 vs p0016] final-step illumination_progress: team0=0.0000 team1=0.0000 (max t0=0.0000 t1=0.0000)
win_rate=0.50 (505.6s)
  [payoff] p0012 vs p0017 (78/196)...     step 100: alive=8 red_wins=0/0 wr_sofar=0.00
    step 200: alive=8 red_wins=0/0 wr_sofar=0.00
    step 300: alive=8 red_wins=0/0 wr_sofar=0.00
    step 400: alive=8 red_wins=0/0 wr_sofar=0.00
    [p0012 vs p0017] final-step illumination_progress: team0=0.0000 team1=0.0000 (max t0=0.0000 t1=0.0000)
win_rate=0.50 (508.0s)
  [payoff] p0012 vs p0018 (79/196)...     step 100: alive=8 red_wins=0/0 wr_sofar=0.00
    step 200: alive=8 red_wins=0/0 wr_sofar=0.00
    step 300: alive=8 red_wins=0/0 wr_sofar=0.00
    step 400: alive=8 red_wins=0/0 wr_sofar=0.00
    [p0012 vs p0018] final-step illumination_progress: team0=0.0000 team1=0.0000 (max t0=0.0000 t1=0.0000)
win_rate=0.50 (510.4s)
  [payoff] p0012 vs p0022 (80/196)...     step 100: alive=8 red_wins=0/0 wr_sofar=0.00
    step 200: alive=8 red_wins=0/0 wr_sofar=0.00
    step 300: alive=8 red_wins=0/0 wr_sofar=0.00
    step 400: alive=8 red_wins=0/0 wr_sofar=0.00
    [p0012 vs p0022] final-step illumination_progress: team0=0.0000 team1=0.0000 (max t0=0.0000 t1=0.0000)
win_rate=0.50 (505.3s)
  [payoff] p0012 vs p0023 (81/196)...     step 100: alive=8 red_wins=0/0 wr_sofar=0.00
    step 200: alive=8 red_wins=0/0 wr_sofar=0.00
    step 300: alive=8 red_wins=0/0 wr_sofar=0.00
    step 400: alive=8 red_wins=0/0 wr_sofar=0.00
    [p0012 vs p0023] final-step illumination_progress: team0=0.0000 team1=0.0000 (max t0=0.0000 t1=0.0000)
win_rate=0.50 (508.0s)
  [payoff] p0012 vs p0024 (82/196)...     step 100: alive=8 red_wins=0/0 wr_sofar=0.00
    step 200: alive=8 red_wins=0/0 wr_sofar=0.00
    step 300: alive=8 red_wins=0/0 wr_sofar=0.00
    step 400: alive=8 red_wins=0/0 wr_sofar=0.00
    [p0012 vs p0024] final-step illumination_progress: team0=0.0000 team1=0.0000 (max t0=0.0000 t1=0.0000)
win_rate=0.50 (506.9s)
  [payoff] p0012 vs p0027 (83/196)...     step 100: alive=8 red_wins=0/0 wr_sofar=0.00
    step 200: alive=8 red_wins=0/0 wr_sofar=0.00
    step 300: alive=8 red_wins=0/0 wr_sofar=0.00
    step 400: alive=8 red_wins=0/0 wr_sofar=0.00
    [p0012 vs p0027] final-step illumination_progress: team0=0.0000 team1=0.0000 (max t0=0.0000 t1=0.0000)
win_rate=0.50 (508.1s)
  [payoff] p0012 vs p0028 (84/196)...     step 100: alive=8 red_wins=0/0 wr_sofar=0.00
    step 200: alive=8 red_wins=0/0 wr_sofar=0.00
    step 300: alive=8 red_wins=0/0 wr_sofar=0.00
    step 400: alive=8 red_wins=0/0 wr_sofar=0.00
    [p0012 vs p0028] final-step illumination_progress: team0=0.0000 team1=0.0000 (max t0=0.0000 t1=0.0000)
win_rate=0.50 (510.8s)
  [payoff] p0013 vs p0016 (91/196)...     step 100: alive=8 red_wins=0/0 wr_sofar=0.00
    step 200: alive=8 red_wins=0/0 wr_sofar=0.00
    step 300: alive=8 red_wins=0/0 wr_sofar=0.00
    step 400: alive=8 red_wins=0/0 wr_sofar=0.00
    [p0013 vs p0016] final-step illumination_progress: team0=0.0000 team1=0.0000 (max t0=0.0000 t1=0.0000)
win_rate=0.50 (506.6s)
  [payoff] p0013 vs p0017 (92/196)...     step 100: alive=8 red_wins=0/0 wr_sofar=0.00
    step 200: alive=8 red_wins=0/0 wr_sofar=0.00
    step 300: alive=8 red_wins=0/0 wr_sofar=0.00
    step 400: alive=8 red_wins=0/0 wr_sofar=0.00
    [p0013 vs p0017] final-step illumination_progress: team0=0.0000 team1=0.0000 (max t0=0.0000 t1=0.0000)
win_rate=0.50 (510.4s)
  [payoff] p0013 vs p0018 (93/196)...     step 100: alive=8 red_wins=0/0 wr_sofar=0.00
    step 200: alive=8 red_wins=0/0 wr_sofar=0.00
    step 300: alive=8 red_wins=0/0 wr_sofar=0.00
    step 400: alive=8 red_wins=0/0 wr_sofar=0.00
    [p0013 vs p0018] final-step illumination_progress: team0=0.0000 team1=0.0000 (max t0=0.0000 t1=0.0000)
win_rate=0.50 (508.6s)
  [payoff] p0013 vs p0022 (94/196)...     step 100: alive=8 red_wins=0/0 wr_sofar=0.00
    step 200: alive=8 red_wins=0/0 wr_sofar=0.00
    step 300: alive=8 red_wins=0/0 wr_sofar=0.00
    step 400: alive=8 red_wins=0/0 wr_sofar=0.00
    [p0013 vs p0022] final-step illumination_progress: team0=0.0000 team1=0.0000 (max t0=0.0000 t1=0.0000)
win_rate=0.50 (508.5s)
  [payoff] p0013 vs p0023 (95/196)...     step 100: alive=8 red_wins=0/0 wr_sofar=0.00
    step 200: alive=8 red_wins=0/0 wr_sofar=0.00
    step 300: alive=8 red_wins=0/0 wr_sofar=0.00
    step 400: alive=8 red_wins=0/0 wr_sofar=0.00
    [p0013 vs p0023] final-step illumination_progress: team0=0.0000 team1=0.0000 (max t0=0.0000 t1=0.0000)
win_rate=0.50 (508.3s)
  [payoff] p0013 vs p0024 (96/196)...     step 100: alive=8 red_wins=0/0 wr_sofar=0.00
    step 200: alive=8 red_wins=0/0 wr_sofar=0.00
    step 300: alive=8 red_wins=0/0 wr_sofar=0.00
    step 400: alive=8 red_wins=0/0 wr_sofar=0.00
    [p0013 vs p0024] final-step illumination_progress: team0=0.0000 team1=0.0000 (max t0=0.0000 t1=0.0000)
win_rate=0.50 (510.1s)
  [payoff] p0013 vs p0027 (97/196)...     step 100: alive=8 red_wins=0/0 wr_sofar=0.00
    step 200: alive=8 red_wins=0/0 wr_sofar=0.00
    step 300: alive=8 red_wins=0/0 wr_sofar=0.00
    step 400: alive=8 red_wins=0/0 wr_sofar=0.00
    [p0013 vs p0027] final-step illumination_progress: team0=0.0000 team1=0.0000 (max t0=0.0000 t1=0.0000)
win_rate=0.50 (509.4s)
  [payoff] p0013 vs p0028 (98/196)...     step 100: alive=8 red_wins=0/0 wr_sofar=0.00
    step 200: alive=8 red_wins=0/0 wr_sofar=0.00
    step 300: alive=8 red_wins=0/0 wr_sofar=0.00
    step 400: alive=8 red_wins=0/0 wr_sofar=0.00
    [p0013 vs p0028] final-step illumination_progress: team0=0.0000 team1=0.0000 (max t0=0.0000 t1=0.0000)
win_rate=0.50 (510.2s)
  [payoff] p0014 vs p0003 (99/196)...     step 100: alive=8 red_wins=0/0 wr_sofar=0.00
    step 200: alive=8 red_wins=0/0 wr_sofar=0.00
    step 300: alive=8 red_wins=0/0 wr_sofar=0.00
    step 400: alive=8 red_wins=0/0 wr_sofar=0.00
    [p0014 vs p0003] final-step illumination_progress: team0=0.0208 team1=0.0000 (max t0=0.2500 t1=0.0000)
win_rate=0.56 (507.5s)
  [payoff] p0014 vs p0004 (100/196)...     step 100: alive=7 red_wins=1/1 wr_sofar=1.00
    step 200: alive=7 red_wins=1/1 wr_sofar=1.00
    step 300: alive=7 red_wins=1/1 wr_sofar=1.00
    step 400: alive=7 red_wins=1/1 wr_sofar=1.00
    [p0014 vs p0004] final-step illumination_progress: team0=0.0000 team1=0.0000 (max t0=0.0000 t1=0.0000)
win_rate=0.56 (117.0s)
  [payoff] p0014 vs p0005 (101/196)...     step 100: alive=8 red_wins=0/0 wr_sofar=0.00
    step 200: alive=8 red_wins=0/0 wr_sofar=0.00
    step 300: alive=8 red_wins=0/0 wr_sofar=0.00
    step 400: alive=8 red_wins=0/0 wr_sofar=0.00
    [p0014 vs p0005] final-step illumination_progress: team0=0.0000 team1=0.0000 (max t0=0.0000 t1=0.0000)
win_rate=0.50 (510.2s)
  [payoff] p0014 vs p0009 (102/196)...     step 100: alive=8 red_wins=0/0 wr_sofar=0.00
    step 200: alive=8 red_wins=0/0 wr_sofar=0.00
    step 300: alive=8 red_wins=0/0 wr_sofar=0.00
    step 400: alive=8 red_wins=0/0 wr_sofar=0.00
    [p0014 vs p0009] final-step illumination_progress: team0=0.0000 team1=0.0000 (max t0=0.0000 t1=0.0000)
win_rate=0.50 (510.0s)
  [payoff] p0014 vs p0010 (103/196)...     step 100: alive=8 red_wins=0/0 wr_sofar=0.00
    step 200: alive=8 red_wins=0/0 wr_sofar=0.00
    step 300: alive=8 red_wins=0/0 wr_sofar=0.00
    step 400: alive=8 red_wins=0/0 wr_sofar=0.00
    [p0014 vs p0010] final-step illumination_progress: team0=0.0042 team1=0.0000 (max t0=0.0500 t1=0.0000)
win_rate=0.56 (116.6s)
  [payoff] p0014 vs p0011 (104/196)...     step 100: alive=8 red_wins=0/0 wr_sofar=0.00
    step 200: alive=8 red_wins=0/0 wr_sofar=0.00
    step 300: alive=8 red_wins=0/0 wr_sofar=0.00
    step 400: alive=8 red_wins=0/0 wr_sofar=0.00
    [p0014 vs p0011] final-step illumination_progress: team0=0.0208 team1=0.0000 (max t0=0.2500 t1=0.0000)
win_rate=0.56 (508.6s)
  [payoff] p0014 vs p0016 (105/196)...     step 100: alive=8 red_wins=0/0 wr_sofar=0.00
    step 200: alive=8 red_wins=0/0 wr_sofar=0.00
    step 300: alive=8 red_wins=0/0 wr_sofar=0.00
    step 400: alive=8 red_wins=0/0 wr_sofar=0.00
    [p0014 vs p0016] final-step illumination_progress: team0=0.0000 team1=0.0000 (max t0=0.0000 t1=0.0000)
win_rate=0.50 (510.8s)
  [payoff] p0014 vs p0017 (106/196)...     step 100: alive=8 red_wins=0/0 wr_sofar=0.00
    step 200: alive=8 red_wins=0/0 wr_sofar=0.00
    step 300: alive=8 red_wins=0/0 wr_sofar=0.00
    step 400: alive=8 red_wins=0/0 wr_sofar=0.00
    [p0014 vs p0017] final-step illumination_progress: team0=0.0208 team1=0.0000 (max t0=0.2500 t1=0.0000)
win_rate=0.56 (509.3s)
  [payoff] p0014 vs p0018 (107/196)...     step 100: alive=7 red_wins=1/1 wr_sofar=1.00
    step 200: alive=7 red_wins=1/1 wr_sofar=1.00
    step 300: alive=7 red_wins=1/1 wr_sofar=1.00
    step 400: alive=7 red_wins=1/1 wr_sofar=1.00
    [p0014 vs p0018] final-step illumination_progress: team0=0.0042 team1=0.0000 (max t0=0.0500 t1=0.0000)
win_rate=0.62 (117.1s)
  [payoff] p0014 vs p0022 (108/196)...     step 100: alive=8 red_wins=0/0 wr_sofar=0.00
    step 200: alive=8 red_wins=0/0 wr_sofar=0.00
    step 300: alive=8 red_wins=0/0 wr_sofar=0.00
    step 400: alive=8 red_wins=0/0 wr_sofar=0.00
    [p0014 vs p0022] final-step illumination_progress: team0=0.0000 team1=0.0000 (max t0=0.0000 t1=0.0000)
win_rate=0.50 (509.5s)
  [payoff] p0014 vs p0023 (109/196)...     step 100: alive=7 red_wins=1/1 wr_sofar=1.00
    step 200: alive=7 red_wins=1/1 wr_sofar=1.00
    step 300: alive=7 red_wins=1/1 wr_sofar=1.00
    step 400: alive=7 red_wins=1/1 wr_sofar=1.00
    [p0014 vs p0023] final-step illumination_progress: team0=0.0000 team1=0.0000 (max t0=0.0000 t1=0.0000)
win_rate=0.56 (117.3s)
  [payoff] p0014 vs p0024 (110/196)...     step 100: alive=8 red_wins=0/0 wr_sofar=0.00
    step 200: alive=8 red_wins=0/0 wr_sofar=0.00
    step 300: alive=8 red_wins=0/0 wr_sofar=0.00
    step 400: alive=8 red_wins=0/0 wr_sofar=0.00
    [p0014 vs p0024] final-step illumination_progress: team0=0.0000 team1=0.0000 (max t0=0.0000 t1=0.0000)
win_rate=0.50 (507.3s)
  [payoff] p0014 vs p0027 (111/196)...     step 100: alive=8 red_wins=0/0 wr_sofar=0.00
    step 200: alive=8 red_wins=0/0 wr_sofar=0.00
    step 300: alive=8 red_wins=0/0 wr_sofar=0.00
    step 400: alive=8 red_wins=0/0 wr_sofar=0.00
    [p0014 vs p0027] final-step illumination_progress: team0=0.0000 team1=0.0000 (max t0=0.0000 t1=0.0000)
win_rate=0.50 (507.1s)
  [payoff] p0014 vs p0028 (112/196)...     step 100: alive=8 red_wins=0/0 wr_sofar=0.00
    step 200: alive=8 red_wins=0/0 wr_sofar=0.00
    step 300: alive=8 red_wins=0/0 wr_sofar=0.00
    step 400: alive=8 red_wins=0/0 wr_sofar=0.00
    [p0014 vs p0028] final-step illumination_progress: team0=0.0417 team1=0.0000 (max t0=0.2500 t1=0.0000)
win_rate=0.62 (507.9s)
  [payoff] p0015 vs p0003 (113/196)...     step 100: alive=8 red_wins=0/0 wr_sofar=0.00
    step 200: alive=8 red_wins=0/0 wr_sofar=0.00
    step 300: alive=8 red_wins=0/0 wr_sofar=0.00
    step 400: alive=8 red_wins=0/0 wr_sofar=0.00
    [p0015 vs p0003] final-step illumination_progress: team0=0.0000 team1=0.0000 (max t0=0.0000 t1=0.0000)
win_rate=0.50 (509.2s)
  [payoff] p0015 vs p0004 (114/196)...     step 100: alive=8 red_wins=0/0 wr_sofar=0.00
    step 200: alive=8 red_wins=0/0 wr_sofar=0.00
    step 300: alive=8 red_wins=0/0 wr_sofar=0.00
    step 400: alive=8 red_wins=0/0 wr_sofar=0.00
    [p0015 vs p0004] final-step illumination_progress: team0=0.0000 team1=0.0000 (max t0=0.0000 t1=0.0000)
win_rate=0.50 (507.3s)
  [payoff] p0015 vs p0005 (115/196)...     step 100: alive=8 red_wins=0/0 wr_sofar=0.00
    step 200: alive=8 red_wins=0/0 wr_sofar=0.00
    step 300: alive=8 red_wins=0/0 wr_sofar=0.00
    step 400: alive=8 red_wins=0/0 wr_sofar=0.00
    [p0015 vs p0005] final-step illumination_progress: team0=0.0000 team1=0.0000 (max t0=0.0000 t1=0.0000)
win_rate=0.50 (505.3s)
  [payoff] p0015 vs p0009 (116/196)...     step 100: alive=8 red_wins=0/0 wr_sofar=0.00
    step 200: alive=8 red_wins=0/0 wr_sofar=0.00
    step 300: alive=8 red_wins=0/0 wr_sofar=0.00
    step 400: alive=8 red_wins=0/0 wr_sofar=0.00
    [p0015 vs p0009] final-step illumination_progress: team0=0.0000 team1=0.0000 (max t0=0.0000 t1=0.0000)
win_rate=0.50 (511.0s)
  [payoff] p0015 vs p0010 (117/196)...     step 100: alive=8 red_wins=0/0 wr_sofar=0.00
    step 200: alive=8 red_wins=0/0 wr_sofar=0.00
    step 300: alive=8 red_wins=0/0 wr_sofar=0.00
    step 400: alive=8 red_wins=0/0 wr_sofar=0.00
    [p0015 vs p0010] final-step illumination_progress: team0=0.0000 team1=0.0000 (max t0=0.0000 t1=0.0000)
win_rate=0.50 (507.4s)
  [payoff] p0015 vs p0011 (118/196)...     step 100: alive=8 red_wins=0/0 wr_sofar=0.00
    step 200: alive=8 red_wins=0/0 wr_sofar=0.00
    step 300: alive=8 red_wins=0/0 wr_sofar=0.00
    step 400: alive=8 red_wins=0/0 wr_sofar=0.00
    [p0015 vs p0011] final-step illumination_progress: team0=0.0000 team1=0.0000 (max t0=0.0000 t1=0.0000)
win_rate=0.50 (509.7s)
  [payoff] p0015 vs p0016 (119/196)...     step 100: alive=8 red_wins=0/0 wr_sofar=0.00
    step 200: alive=8 red_wins=0/0 wr_sofar=0.00
    step 300: alive=8 red_wins=0/0 wr_sofar=0.00
    step 400: alive=8 red_wins=0/0 wr_sofar=0.00
    [p0015 vs p0016] final-step illumination_progress: team0=0.0000 team1=0.0000 (max t0=0.0000 t1=0.0000)
win_rate=0.50 (506.4s)
  [payoff] p0015 vs p0017 (120/196)...     step 100: alive=8 red_wins=0/0 wr_sofar=0.00
    step 200: alive=8 red_wins=0/0 wr_sofar=0.00
    step 300: alive=8 red_wins=0/0 wr_sofar=0.00
    step 400: alive=8 red_wins=0/0 wr_sofar=0.00
    [p0015 vs p0017] final-step illumination_progress: team0=0.0000 team1=0.0000 (max t0=0.0000 t1=0.0000)
win_rate=0.50 (506.5s)
  [payoff] p0015 vs p0018 (121/196)...     step 100: alive=8 red_wins=0/0 wr_sofar=0.00
    step 200: alive=8 red_wins=0/0 wr_sofar=0.00
    step 300: alive=8 red_wins=0/0 wr_sofar=0.00
    step 400: alive=8 red_wins=0/0 wr_sofar=0.00
    [p0015 vs p0018] final-step illumination_progress: team0=0.0000 team1=0.0000 (max t0=0.0000 t1=0.0000)
win_rate=0.50 (507.9s)
  [payoff] p0015 vs p0022 (122/196)...     step 100: alive=8 red_wins=0/0 wr_sofar=0.00
    step 200: alive=8 red_wins=0/0 wr_sofar=0.00
    step 300: alive=8 red_wins=0/0 wr_sofar=0.00
    step 400: alive=8 red_wins=0/0 wr_sofar=0.00
    [p0015 vs p0022] final-step illumination_progress: team0=0.0000 team1=0.0000 (max t0=0.0000 t1=0.0000)
win_rate=0.50 (509.8s)
  [payoff] p0015 vs p0023 (123/196)...     step 100: alive=8 red_wins=0/0 wr_sofar=0.00
    step 200: alive=8 red_wins=0/0 wr_sofar=0.00
    step 300: alive=8 red_wins=0/0 wr_sofar=0.00
    step 400: alive=8 red_wins=0/0 wr_sofar=0.00
    [p0015 vs p0023] final-step illumination_progress: team0=0.0000 team1=0.0000 (max t0=0.0000 t1=0.0000)
win_rate=0.50 (509.4s)
  [payoff] p0015 vs p0024 (124/196)...     step 100: alive=8 red_wins=0/0 wr_sofar=0.00
    step 200: alive=8 red_wins=0/0 wr_sofar=0.00
    step 300: alive=8 red_wins=0/0 wr_sofar=0.00
    step 400: alive=8 red_wins=0/0 wr_sofar=0.00
    [p0015 vs p0024] final-step illumination_progress: team0=0.0000 team1=0.0000 (max t0=0.0000 t1=0.0000)
win_rate=0.50 (510.0s)
  [payoff] p0015 vs p0027 (125/196)...     step 100: alive=8 red_wins=0/0 wr_sofar=0.00
    step 200: alive=8 red_wins=0/0 wr_sofar=0.00
    step 300: alive=8 red_wins=0/0 wr_sofar=0.00
    step 400: alive=8 red_wins=0/0 wr_sofar=0.00
    [p0015 vs p0027] final-step illumination_progress: team0=0.0000 team1=0.0000 (max t0=0.0000 t1=0.0000)
win_rate=0.50 (505.6s)
  [payoff] p0015 vs p0028 (126/196)...     step 100: alive=8 red_wins=0/0 wr_sofar=0.00
    step 200: alive=8 red_wins=0/0 wr_sofar=0.00
    step 300: alive=8 red_wins=0/0 wr_sofar=0.00
    step 400: alive=8 red_wins=0/0 wr_sofar=0.00
    [p0015 vs p0028] final-step illumination_progress: team0=0.0000 team1=0.0000 (max t0=0.0000 t1=0.0000)
win_rate=0.50 (508.4s)
  [payoff] p0019 vs p0003 (127/196)...     step 100: alive=7 red_wins=1/1 wr_sofar=1.00
    step 200: alive=7 red_wins=1/1 wr_sofar=1.00
    step 300: alive=7 red_wins=1/1 wr_sofar=1.00
    step 400: alive=7 red_wins=1/1 wr_sofar=1.00
    [p0019 vs p0003] final-step illumination_progress: team0=0.0000 team1=0.0000 (max t0=0.0000 t1=0.0000)
win_rate=0.56 (117.1s)
  [payoff] p0019 vs p0004 (128/196)...     step 100: alive=6 red_wins=2/2 wr_sofar=1.00
    step 200: alive=6 red_wins=2/2 wr_sofar=1.00
    step 300: alive=6 red_wins=2/2 wr_sofar=1.00
    step 400: alive=6 red_wins=2/2 wr_sofar=1.00
    [p0019 vs p0004] final-step illumination_progress: team0=0.0000 team1=0.0000 (max t0=0.0000 t1=0.0000)
win_rate=0.62 (116.9s)
  [payoff] p0019 vs p0005 (129/196)...     step 100: alive=8 red_wins=0/0 wr_sofar=0.00
    step 200: alive=8 red_wins=0/0 wr_sofar=0.00
    step 300: alive=8 red_wins=0/0 wr_sofar=0.00
    step 400: alive=8 red_wins=0/0 wr_sofar=0.00
    [p0019 vs p0005] final-step illumination_progress: team0=0.0000 team1=0.0000 (max t0=0.0000 t1=0.0000)
win_rate=0.50 (510.2s)
  [payoff] p0019 vs p0009 (130/196)...     step 100: alive=8 red_wins=0/0 wr_sofar=0.00
    step 200: alive=8 red_wins=0/0 wr_sofar=0.00
    step 300: alive=8 red_wins=0/0 wr_sofar=0.00
    step 400: alive=8 red_wins=0/0 wr_sofar=0.00
    [p0019 vs p0009] final-step illumination_progress: team0=0.0000 team1=0.0000 (max t0=0.0000 t1=0.0000)
win_rate=0.50 (508.5s)
  [payoff] p0019 vs p0010 (131/196)...     step 100: alive=8 red_wins=0/0 wr_sofar=0.00
    step 200: alive=8 red_wins=0/0 wr_sofar=0.00
    step 300: alive=8 red_wins=0/0 wr_sofar=0.00
    step 400: alive=8 red_wins=0/0 wr_sofar=0.00
    [p0019 vs p0010] final-step illumination_progress: team0=0.0000 team1=0.0000 (max t0=0.0000 t1=0.0000)
win_rate=0.50 (116.8s)
  [payoff] p0019 vs p0011 (132/196)...     step 100: alive=8 red_wins=0/0 wr_sofar=0.00
    step 200: alive=8 red_wins=0/0 wr_sofar=0.00
    step 300: alive=8 red_wins=0/0 wr_sofar=0.00
    step 400: alive=8 red_wins=0/0 wr_sofar=0.00
    [p0019 vs p0011] final-step illumination_progress: team0=0.0000 team1=0.0000 (max t0=0.0000 t1=0.0000)
win_rate=0.50 (507.1s)
  [payoff] p0019 vs p0016 (133/196)...     step 100: alive=6 red_wins=2/2 wr_sofar=1.00
    step 200: alive=6 red_wins=2/2 wr_sofar=1.00
    step 300: alive=6 red_wins=2/2 wr_sofar=1.00
    step 400: alive=6 red_wins=2/2 wr_sofar=1.00
    [p0019 vs p0016] final-step illumination_progress: team0=0.0000 team1=0.0000 (max t0=0.0000 t1=0.0000)
win_rate=0.62 (116.6s)
  [payoff] p0019 vs p0017 (134/196)...     step 100: alive=7 red_wins=1/1 wr_sofar=1.00
    step 200: alive=7 red_wins=1/1 wr_sofar=1.00
    step 300: alive=7 red_wins=1/1 wr_sofar=1.00
    step 400: alive=7 red_wins=1/1 wr_sofar=1.00
    [p0019 vs p0017] final-step illumination_progress: team0=0.0000 team1=0.0000 (max t0=0.0000 t1=0.0000)
win_rate=0.56 (117.2s)
  [payoff] p0019 vs p0018 (135/196)...     step 100: alive=8 red_wins=0/0 wr_sofar=0.00
    step 200: alive=8 red_wins=0/0 wr_sofar=0.00
    step 300: alive=8 red_wins=0/0 wr_sofar=0.00
    step 400: alive=8 red_wins=0/0 wr_sofar=0.00
    [p0019 vs p0018] final-step illumination_progress: team0=0.0000 team1=0.0000 (max t0=0.0000 t1=0.0000)
win_rate=0.50 (507.1s)
  [payoff] p0019 vs p0022 (136/196)...     step 100: alive=6 red_wins=2/2 wr_sofar=1.00
    step 200: alive=6 red_wins=2/2 wr_sofar=1.00
    step 300: alive=6 red_wins=2/2 wr_sofar=1.00
    step 400: alive=6 red_wins=2/2 wr_sofar=1.00
    [p0019 vs p0022] final-step illumination_progress: team0=0.0000 team1=0.0000 (max t0=0.0000 t1=0.0000)
win_rate=0.62 (117.2s)
  [payoff] p0019 vs p0023 (137/196)...     step 100: alive=7 red_wins=1/1 wr_sofar=1.00
    step 200: alive=7 red_wins=1/1 wr_sofar=1.00
    step 300: alive=7 red_wins=1/1 wr_sofar=1.00
    step 400: alive=7 red_wins=1/1 wr_sofar=1.00
    [p0019 vs p0023] final-step illumination_progress: team0=0.0083 team1=0.0000 (max t0=0.0500 t1=0.0000)
win_rate=0.62 (116.6s)
  [payoff] p0019 vs p0024 (138/196)...     step 100: alive=7 red_wins=1/1 wr_sofar=1.00
    step 200: alive=7 red_wins=1/1 wr_sofar=1.00
    step 300: alive=7 red_wins=1/1 wr_sofar=1.00
    step 400: alive=7 red_wins=1/1 wr_sofar=1.00
    [p0019 vs p0024] final-step illumination_progress: team0=0.0000 team1=0.0000 (max t0=0.0000 t1=0.0000)
win_rate=0.56 (116.4s)
  [payoff] p0019 vs p0027 (139/196)...     step 100: alive=8 red_wins=0/0 wr_sofar=0.00
    step 200: alive=8 red_wins=0/0 wr_sofar=0.00
    step 300: alive=8 red_wins=0/0 wr_sofar=0.00
    step 400: alive=8 red_wins=0/0 wr_sofar=0.00
    [p0019 vs p0027] final-step illumination_progress: team0=0.0000 team1=0.0000 (max t0=0.0000 t1=0.0000)
win_rate=0.50 (509.8s)
  [payoff] p0019 vs p0028 (140/196)...     step 100: alive=8 red_wins=0/0 wr_sofar=0.00
    step 200: alive=8 red_wins=0/0 wr_sofar=0.00
    step 300: alive=8 red_wins=0/0 wr_sofar=0.00
    step 400: alive=8 red_wins=0/0 wr_sofar=0.00
    [p0019 vs p0028] final-step illumination_progress: team0=0.0000 team1=0.0000 (max t0=0.0000 t1=0.0000)
win_rate=0.50 (505.3s)
  [payoff] p0020 vs p0003 (141/196)...     step 100: alive=8 red_wins=0/0 wr_sofar=0.00
    step 200: alive=8 red_wins=0/0 wr_sofar=0.00
    step 300: alive=8 red_wins=0/0 wr_sofar=0.00
    step 400: alive=8 red_wins=0/0 wr_sofar=0.00
    [p0020 vs p0003] final-step illumination_progress: team0=0.0000 team1=0.0000 (max t0=0.0000 t1=0.0000)
win_rate=0.50 (507.3s)
  [payoff] p0020 vs p0004 (142/196)...     step 100: alive=8 red_wins=0/0 wr_sofar=0.00
    step 200: alive=8 red_wins=0/0 wr_sofar=0.00
    step 300: alive=8 red_wins=0/0 wr_sofar=0.00
    step 400: alive=8 red_wins=0/0 wr_sofar=0.00
    [p0020 vs p0004] final-step illumination_progress: team0=0.0000 team1=0.0000 (max t0=0.0000 t1=0.0000)
win_rate=0.50 (509.4s)
  [payoff] p0020 vs p0005 (143/196)...     step 100: alive=8 red_wins=0/0 wr_sofar=0.00
    step 200: alive=8 red_wins=0/0 wr_sofar=0.00
    step 300: alive=8 red_wins=0/0 wr_sofar=0.00
    step 400: alive=8 red_wins=0/0 wr_sofar=0.00
    [p0020 vs p0005] final-step illumination_progress: team0=0.0000 team1=0.0000 (max t0=0.0000 t1=0.0000)
win_rate=0.50 (508.3s)
  [payoff] p0020 vs p0009 (144/196)...     step 100: alive=8 red_wins=0/0 wr_sofar=0.00
    step 200: alive=8 red_wins=0/0 wr_sofar=0.00
    step 300: alive=8 red_wins=0/0 wr_sofar=0.00
    step 400: alive=8 red_wins=0/0 wr_sofar=0.00
    [p0020 vs p0009] final-step illumination_progress: team0=0.0000 team1=0.0000 (max t0=0.0000 t1=0.0000)
win_rate=0.50 (508.9s)
  [payoff] p0020 vs p0010 (145/196)...     step 100: alive=8 red_wins=0/0 wr_sofar=0.00
    step 200: alive=8 red_wins=0/0 wr_sofar=0.00
    step 300: alive=8 red_wins=0/0 wr_sofar=0.00
    step 400: alive=8 red_wins=0/0 wr_sofar=0.00
    [p0020 vs p0010] final-step illumination_progress: team0=0.0000 team1=0.0000 (max t0=0.0000 t1=0.0000)
win_rate=0.50 (511.8s)
  [payoff] p0020 vs p0011 (146/196)...     step 100: alive=8 red_wins=0/0 wr_sofar=0.00
    step 200: alive=8 red_wins=0/0 wr_sofar=0.00
    step 300: alive=8 red_wins=0/0 wr_sofar=0.00
    step 400: alive=8 red_wins=0/0 wr_sofar=0.00
    [p0020 vs p0011] final-step illumination_progress: team0=0.0000 team1=0.0000 (max t0=0.0000 t1=0.0000)
win_rate=0.50 (508.1s)
  [payoff] p0020 vs p0016 (147/196)...     step 100: alive=8 red_wins=0/0 wr_sofar=0.00
    step 200: alive=8 red_wins=0/0 wr_sofar=0.00
    step 300: alive=8 red_wins=0/0 wr_sofar=0.00
    step 400: alive=8 red_wins=0/0 wr_sofar=0.00
    [p0020 vs p0016] final-step illumination_progress: team0=0.0000 team1=0.0000 (max t0=0.0000 t1=0.0000)
win_rate=0.50 (509.3s)
  [payoff] p0020 vs p0017 (148/196)...     step 100: alive=8 red_wins=0/0 wr_sofar=0.00
    step 200: alive=8 red_wins=0/0 wr_sofar=0.00
    step 300: alive=8 red_wins=0/0 wr_sofar=0.00
    step 400: alive=8 red_wins=0/0 wr_sofar=0.00
    [p0020 vs p0017] final-step illumination_progress: team0=0.0000 team1=0.0000 (max t0=0.0000 t1=0.0000)
win_rate=0.50 (509.6s)
  [payoff] p0020 vs p0018 (149/196)...     step 100: alive=8 red_wins=0/0 wr_sofar=0.00
    step 200: alive=8 red_wins=0/0 wr_sofar=0.00
    step 300: alive=8 red_wins=0/0 wr_sofar=0.00
    step 400: alive=8 red_wins=0/0 wr_sofar=0.00
    [p0020 vs p0018] final-step illumination_progress: team0=0.0000 team1=0.0000 (max t0=0.0000 t1=0.0000)
win_rate=0.50 (507.3s)
  [payoff] p0020 vs p0022 (150/196)...     step 100: alive=8 red_wins=0/0 wr_sofar=0.00
    step 200: alive=8 red_wins=0/0 wr_sofar=0.00
    step 300: alive=8 red_wins=0/0 wr_sofar=0.00
    step 400: alive=8 red_wins=0/0 wr_sofar=0.00
    [p0020 vs p0022] final-step illumination_progress: team0=0.0000 team1=0.0000 (max t0=0.0000 t1=0.0000)
win_rate=0.50 (508.4s)
  [payoff] p0020 vs p0023 (151/196)...     step 100: alive=8 red_wins=0/0 wr_sofar=0.00
    step 200: alive=8 red_wins=0/0 wr_sofar=0.00
    step 300: alive=8 red_wins=0/0 wr_sofar=0.00
    step 400: alive=8 red_wins=0/0 wr_sofar=0.00
    [p0020 vs p0023] final-step illumination_progress: team0=0.0000 team1=0.0000 (max t0=0.0000 t1=0.0000)
win_rate=0.50 (510.6s)
  [payoff] p0020 vs p0024 (152/196)...     step 100: alive=8 red_wins=0/0 wr_sofar=0.00
    step 200: alive=8 red_wins=0/0 wr_sofar=0.00
    step 300: alive=8 red_wins=0/0 wr_sofar=0.00
    step 400: alive=8 red_wins=0/0 wr_sofar=0.00
    [p0020 vs p0024] final-step illumination_progress: team0=0.0000 team1=0.0000 (max t0=0.0000 t1=0.0000)
win_rate=0.50 (509.8s)
  [payoff] p0020 vs p0027 (153/196)...     step 100: alive=8 red_wins=0/0 wr_sofar=0.00
    step 200: alive=8 red_wins=0/0 wr_sofar=0.00
    step 300: alive=8 red_wins=0/0 wr_sofar=0.00
    step 400: alive=8 red_wins=0/0 wr_sofar=0.00
    [p0020 vs p0027] final-step illumination_progress: team0=0.0000 team1=0.0000 (max t0=0.0000 t1=0.0000)
win_rate=0.50 (510.0s)
  [payoff] p0020 vs p0028 (154/196)...     step 100: alive=8 red_wins=0/0 wr_sofar=0.00
    step 200: alive=8 red_wins=0/0 wr_sofar=0.00
    step 300: alive=8 red_wins=0/0 wr_sofar=0.00
    step 400: alive=8 red_wins=0/0 wr_sofar=0.00
    [p0020 vs p0028] final-step illumination_progress: team0=0.0000 team1=0.0000 (max t0=0.0000 t1=0.0000)
win_rate=0.50 (506.5s)
  [payoff] p0021 vs p0003 (155/196)...     step 100: alive=8 red_wins=0/0 wr_sofar=0.00
    step 200: alive=8 red_wins=0/0 wr_sofar=0.00
    step 300: alive=8 red_wins=0/0 wr_sofar=0.00
    step 400: alive=8 red_wins=0/0 wr_sofar=0.00
    [p0021 vs p0003] final-step illumination_progress: team0=0.0000 team1=0.0000 (max t0=0.0000 t1=0.0000)
win_rate=0.50 (506.3s)
  [payoff] p0021 vs p0004 (156/196)...     step 100: alive=8 red_wins=0/0 wr_sofar=0.00
    step 200: alive=8 red_wins=0/0 wr_sofar=0.00
    step 300: alive=8 red_wins=0/0 wr_sofar=0.00
    step 400: alive=8 red_wins=0/0 wr_sofar=0.00
    [p0021 vs p0004] final-step illumination_progress: team0=0.0000 team1=0.0000 (max t0=0.0000 t1=0.0000)
win_rate=0.50 (509.5s)
  [payoff] p0021 vs p0005 (157/196)...     step 100: alive=8 red_wins=0/0 wr_sofar=0.00
    step 200: alive=8 red_wins=0/0 wr_sofar=0.00
    step 300: alive=8 red_wins=0/0 wr_sofar=0.00
    step 400: alive=8 red_wins=0/0 wr_sofar=0.00
    [p0021 vs p0005] final-step illumination_progress: team0=0.0000 team1=0.0000 (max t0=0.0000 t1=0.0000)
win_rate=0.50 (509.7s)
  [payoff] p0021 vs p0009 (158/196)...     step 100: alive=8 red_wins=0/0 wr_sofar=0.00
    step 200: alive=8 red_wins=0/0 wr_sofar=0.00
    step 300: alive=8 red_wins=0/0 wr_sofar=0.00
    step 400: alive=8 red_wins=0/0 wr_sofar=0.00
    [p0021 vs p0009] final-step illumination_progress: team0=0.0000 team1=0.0000 (max t0=0.0000 t1=0.0000)
win_rate=0.50 (505.9s)
  [payoff] p0021 vs p0010 (159/196)...     step 100: alive=8 red_wins=0/0 wr_sofar=0.00
    step 200: alive=8 red_wins=0/0 wr_sofar=0.00
    step 300: alive=8 red_wins=0/0 wr_sofar=0.00
    step 400: alive=8 red_wins=0/0 wr_sofar=0.00
    [p0021 vs p0010] final-step illumination_progress: team0=0.0000 team1=0.0000 (max t0=0.0000 t1=0.0000)
win_rate=0.50 (509.7s)
  [payoff] p0021 vs p0011 (160/196)...     step 100: alive=8 red_wins=0/0 wr_sofar=0.00
    step 200: alive=8 red_wins=0/0 wr_sofar=0.00
    step 300: alive=8 red_wins=0/0 wr_sofar=0.00
    step 400: alive=8 red_wins=0/0 wr_sofar=0.00
    [p0021 vs p0011] final-step illumination_progress: team0=0.0000 team1=0.0000 (max t0=0.0000 t1=0.0000)
win_rate=0.50 (506.7s)
  [payoff] p0021 vs p0016 (161/196)...     step 100: alive=8 red_wins=0/0 wr_sofar=0.00
    step 200: alive=8 red_wins=0/0 wr_sofar=0.00
    step 300: alive=8 red_wins=0/0 wr_sofar=0.00
    step 400: alive=8 red_wins=0/0 wr_sofar=0.00
    [p0021 vs p0016] final-step illumination_progress: team0=0.0000 team1=0.0000 (max t0=0.0000 t1=0.0000)
win_rate=0.50 (509.9s)
  [payoff] p0021 vs p0017 (162/196)...     step 100: alive=8 red_wins=0/0 wr_sofar=0.00
    step 200: alive=8 red_wins=0/0 wr_sofar=0.00
    step 300: alive=8 red_wins=0/0 wr_sofar=0.00
    step 400: alive=8 red_wins=0/0 wr_sofar=0.00
    [p0021 vs p0017] final-step illumination_progress: team0=0.0000 team1=0.0000 (max t0=0.0000 t1=0.0000)
win_rate=0.50 (507.3s)
  [payoff] p0021 vs p0018 (163/196)...     step 100: alive=8 red_wins=0/0 wr_sofar=0.00
    step 200: alive=8 red_wins=0/0 wr_sofar=0.00
    step 300: alive=8 red_wins=0/0 wr_sofar=0.00
    step 400: alive=8 red_wins=0/0 wr_sofar=0.00
    [p0021 vs p0018] final-step illumination_progress: team0=0.0000 team1=0.0000 (max t0=0.0000 t1=0.0000)
win_rate=0.50 (507.4s)
  [payoff] p0021 vs p0022 (164/196)...     step 100: alive=8 red_wins=0/0 wr_sofar=0.00
    step 200: alive=8 red_wins=0/0 wr_sofar=0.00
    step 300: alive=8 red_wins=0/0 wr_sofar=0.00
    step 400: alive=8 red_wins=0/0 wr_sofar=0.00
    [p0021 vs p0022] final-step illumination_progress: team0=0.0000 team1=0.0000 (max t0=0.0000 t1=0.0000)
win_rate=0.50 (505.0s)
  [payoff] p0021 vs p0023 (165/196)...     step 100: alive=8 red_wins=0/0 wr_sofar=0.00
    step 200: alive=8 red_wins=0/0 wr_sofar=0.00
    step 300: alive=8 red_wins=0/0 wr_sofar=0.00
    step 400: alive=8 red_wins=0/0 wr_sofar=0.00
    [p0021 vs p0023] final-step illumination_progress: team0=0.0000 team1=0.0000 (max t0=0.0000 t1=0.0000)
win_rate=0.50 (506.7s)
  [payoff] p0021 vs p0024 (166/196)...     step 100: alive=8 red_wins=0/0 wr_sofar=0.00
    step 200: alive=8 red_wins=0/0 wr_sofar=0.00
    step 300: alive=8 red_wins=0/0 wr_sofar=0.00
    step 400: alive=8 red_wins=0/0 wr_sofar=0.00
    [p0021 vs p0024] final-step illumination_progress: team0=0.0000 team1=0.0000 (max t0=0.0000 t1=0.0000)
win_rate=0.50 (509.1s)
  [payoff] p0021 vs p0027 (167/196)...     step 100: alive=8 red_wins=0/0 wr_sofar=0.00
    step 200: alive=8 red_wins=0/0 wr_sofar=0.00
    step 300: alive=8 red_wins=0/0 wr_sofar=0.00
    step 400: alive=8 red_wins=0/0 wr_sofar=0.00
    [p0021 vs p0027] final-step illumination_progress: team0=0.0000 team1=0.0000 (max t0=0.0000 t1=0.0000)
win_rate=0.50 (508.1s)
  [payoff] p0021 vs p0028 (168/196)...     step 100: alive=8 red_wins=0/0 wr_sofar=0.00
    step 200: alive=8 red_wins=0/0 wr_sofar=0.00
    step 300: alive=8 red_wins=0/0 wr_sofar=0.00
    step 400: alive=8 red_wins=0/0 wr_sofar=0.00
    [p0021 vs p0028] final-step illumination_progress: team0=0.0000 team1=0.0000 (max t0=0.0000 t1=0.0000)
win_rate=0.50 (509.1s)
  [payoff] p0025 vs p0003 (169/196)...     step 100: alive=8 red_wins=0/0 wr_sofar=0.00
    step 200: alive=8 red_wins=0/0 wr_sofar=0.00
    step 300: alive=8 red_wins=0/0 wr_sofar=0.00
    step 400: alive=8 red_wins=0/0 wr_sofar=0.00
    [p0025 vs p0003] final-step illumination_progress: team0=0.0000 team1=0.0000 (max t0=0.0000 t1=0.0000)
win_rate=0.50 (507.6s)
  [payoff] p0025 vs p0004 (170/196)...     step 100: alive=8 red_wins=0/0 wr_sofar=0.00
    step 200: alive=8 red_wins=0/0 wr_sofar=0.00
    step 300: alive=8 red_wins=0/0 wr_sofar=0.00
    step 400: alive=8 red_wins=0/0 wr_sofar=0.00
    [p0025 vs p0004] final-step illumination_progress: team0=0.0000 team1=0.0000 (max t0=0.0000 t1=0.0000)
win_rate=0.50 (507.7s)
  [payoff] p0025 vs p0005 (171/196)...     step 100: alive=8 red_wins=0/0 wr_sofar=0.00
    step 200: alive=8 red_wins=0/0 wr_sofar=0.00
    step 300: alive=8 red_wins=0/0 wr_sofar=0.00
    step 400: alive=8 red_wins=0/0 wr_sofar=0.00
    [p0025 vs p0005] final-step illumination_progress: team0=0.0000 team1=0.0000 (max t0=0.0000 t1=0.0000)
win_rate=0.50 (509.9s)
  [payoff] p0025 vs p0009 (172/196)...     step 100: alive=8 red_wins=0/0 wr_sofar=0.00
    step 200: alive=8 red_wins=0/0 wr_sofar=0.00
    step 300: alive=8 red_wins=0/0 wr_sofar=0.00
    step 400: alive=8 red_wins=0/0 wr_sofar=0.00
    [p0025 vs p0009] final-step illumination_progress: team0=0.0000 team1=0.0000 (max t0=0.0000 t1=0.0000)
win_rate=0.50 (507.6s)
  [payoff] p0025 vs p0010 (173/196)...     step 100: alive=8 red_wins=0/0 wr_sofar=0.00
    step 200: alive=8 red_wins=0/0 wr_sofar=0.00
    step 300: alive=8 red_wins=0/0 wr_sofar=0.00
    step 400: alive=8 red_wins=0/0 wr_sofar=0.00
    [p0025 vs p0010] final-step illumination_progress: team0=0.0000 team1=0.0000 (max t0=0.0000 t1=0.0000)
win_rate=0.50 (508.0s)
  [payoff] p0025 vs p0011 (174/196)...     step 100: alive=8 red_wins=0/0 wr_sofar=0.00
    step 200: alive=8 red_wins=0/0 wr_sofar=0.00
    step 300: alive=8 red_wins=0/0 wr_sofar=0.00
    step 400: alive=8 red_wins=0/0 wr_sofar=0.00
    [p0025 vs p0011] final-step illumination_progress: team0=0.0000 team1=0.0000 (max t0=0.0000 t1=0.0000)
win_rate=0.50 (507.7s)
  [payoff] p0025 vs p0016 (175/196)...     step 100: alive=8 red_wins=0/0 wr_sofar=0.00
    step 200: alive=8 red_wins=0/0 wr_sofar=0.00
    step 300: alive=8 red_wins=0/0 wr_sofar=0.00
    step 400: alive=8 red_wins=0/0 wr_sofar=0.00
    [p0025 vs p0016] final-step illumination_progress: team0=0.0000 team1=0.0000 (max t0=0.0000 t1=0.0000)
win_rate=0.50 (507.8s)
  [payoff] p0025 vs p0017 (176/196)...     step 100: alive=8 red_wins=0/0 wr_sofar=0.00
    step 200: alive=8 red_wins=0/0 wr_sofar=0.00
    step 300: alive=8 red_wins=0/0 wr_sofar=0.00
    step 400: alive=8 red_wins=0/0 wr_sofar=0.00
    [p0025 vs p0017] final-step illumination_progress: team0=0.0000 team1=0.0000 (max t0=0.0000 t1=0.0000)
win_rate=0.50 (505.5s)
  [payoff] p0025 vs p0018 (177/196)...     step 100: alive=8 red_wins=0/0 wr_sofar=0.00
    step 200: alive=8 red_wins=0/0 wr_sofar=0.00
    step 300: alive=8 red_wins=0/0 wr_sofar=0.00
    step 400: alive=8 red_wins=0/0 wr_sofar=0.00
    [p0025 vs p0018] final-step illumination_progress: team0=0.0000 team1=0.0000 (max t0=0.0000 t1=0.0000)
win_rate=0.50 (504.6s)
  [payoff] p0025 vs p0022 (178/196)...     step 100: alive=8 red_wins=0/0 wr_sofar=0.00
    step 200: alive=8 red_wins=0/0 wr_sofar=0.00
    step 300: alive=8 red_wins=0/0 wr_sofar=0.00
    step 400: alive=8 red_wins=0/0 wr_sofar=0.00
    [p0025 vs p0022] final-step illumination_progress: team0=0.0000 team1=0.0000 (max t0=0.0000 t1=0.0000)
win_rate=0.50 (509.6s)
  [payoff] p0025 vs p0023 (179/196)...     step 100: alive=8 red_wins=0/0 wr_sofar=0.00
    step 200: alive=8 red_wins=0/0 wr_sofar=0.00
    step 300: alive=8 red_wins=0/0 wr_sofar=0.00
    step 400: alive=8 red_wins=0/0 wr_sofar=0.00
    [p0025 vs p0023] final-step illumination_progress: team0=0.0000 team1=0.0000 (max t0=0.0000 t1=0.0000)
win_rate=0.50 (507.1s)
  [payoff] p0025 vs p0024 (180/196)...     step 100: alive=8 red_wins=0/0 wr_sofar=0.00
    step 200: alive=8 red_wins=0/0 wr_sofar=0.00
    step 300: alive=8 red_wins=0/0 wr_sofar=0.00
    step 400: alive=8 red_wins=0/0 wr_sofar=0.00
    [p0025 vs p0024] final-step illumination_progress: team0=0.0000 team1=0.0000 (max t0=0.0000 t1=0.0000)
win_rate=0.50 (509.0s)
  [payoff] p0025 vs p0027 (181/196)...     step 100: alive=8 red_wins=0/0 wr_sofar=0.00
    step 200: alive=8 red_wins=0/0 wr_sofar=0.00
    step 300: alive=8 red_wins=0/0 wr_sofar=0.00
    step 400: alive=8 red_wins=0/0 wr_sofar=0.00
    [p0025 vs p0027] final-step illumination_progress: team0=0.0000 team1=0.0000 (max t0=0.0000 t1=0.0000)
win_rate=0.50 (510.0s)
  [payoff] p0025 vs p0028 (182/196)...     step 100: alive=8 red_wins=0/0 wr_sofar=0.00
    step 200: alive=8 red_wins=0/0 wr_sofar=0.00
    step 300: alive=8 red_wins=0/0 wr_sofar=0.00
    step 400: alive=8 red_wins=0/0 wr_sofar=0.00
    [p0025 vs p0028] final-step illumination_progress: team0=0.0000 team1=0.0000 (max t0=0.0000 t1=0.0000)
win_rate=0.50 (511.4s)
  [payoff] p0026 vs p0003 (183/196)...     step 100: alive=8 red_wins=0/0 wr_sofar=0.00
    step 200: alive=8 red_wins=0/0 wr_sofar=0.00
    step 300: alive=8 red_wins=0/0 wr_sofar=0.00
    step 400: alive=8 red_wins=0/0 wr_sofar=0.00
    [p0026 vs p0003] final-step illumination_progress: team0=0.0000 team1=0.0000 (max t0=0.0000 t1=0.0000)
win_rate=0.50 (509.2s)
  [payoff] p0026 vs p0004 (184/196)...     step 100: alive=8 red_wins=0/0 wr_sofar=0.00
    step 200: alive=8 red_wins=0/0 wr_sofar=0.00
    step 300: alive=8 red_wins=0/0 wr_sofar=0.00
    step 400: alive=8 red_wins=0/0 wr_sofar=0.00
    [p0026 vs p0004] final-step illumination_progress: team0=0.0000 team1=0.0000 (max t0=0.0000 t1=0.0000)
win_rate=0.50 (507.5s)
  [payoff] p0026 vs p0005 (185/196)...     step 100: alive=8 red_wins=0/0 wr_sofar=0.00
    step 200: alive=8 red_wins=0/0 wr_sofar=0.00
    step 300: alive=8 red_wins=0/0 wr_sofar=0.00
    step 400: alive=8 red_wins=0/0 wr_sofar=0.00
    [p0026 vs p0005] final-step illumination_progress: team0=0.0000 team1=0.0000 (max t0=0.0000 t1=0.0000)
win_rate=0.50 (505.2s)
  [payoff] p0026 vs p0009 (186/196)...     step 100: alive=8 red_wins=0/0 wr_sofar=0.00
    step 200: alive=8 red_wins=0/0 wr_sofar=0.00
    step 300: alive=8 red_wins=0/0 wr_sofar=0.00
    step 400: alive=8 red_wins=0/0 wr_sofar=0.00
    [p0026 vs p0009] final-step illumination_progress: team0=0.0000 team1=0.0000 (max t0=0.0000 t1=0.0000)
win_rate=0.50 (508.7s)
  [payoff] p0026 vs p0010 (187/196)...     step 100: alive=8 red_wins=0/0 wr_sofar=0.00
    step 200: alive=8 red_wins=0/0 wr_sofar=0.00
    step 300: alive=8 red_wins=0/0 wr_sofar=0.00
    step 400: alive=8 red_wins=0/0 wr_sofar=0.00
    [p0026 vs p0010] final-step illumination_progress: team0=0.0000 team1=0.0000 (max t0=0.0000 t1=0.0000)
win_rate=0.50 (508.4s)
  [payoff] p0026 vs p0011 (188/196)...     step 100: alive=8 red_wins=0/0 wr_sofar=0.00
    step 200: alive=8 red_wins=0/0 wr_sofar=0.00
    step 300: alive=8 red_wins=0/0 wr_sofar=0.00
    step 400: alive=8 red_wins=0/0 wr_sofar=0.00
    [p0026 vs p0011] final-step illumination_progress: team0=0.0000 team1=0.0000 (max t0=0.0000 t1=0.0000)
win_rate=0.50 (505.1s)
  [payoff] p0026 vs p0016 (189/196)...     step 100: alive=8 red_wins=0/0 wr_sofar=0.00
    step 200: alive=8 red_wins=0/0 wr_sofar=0.00
    step 300: alive=8 red_wins=0/0 wr_sofar=0.00
    step 400: alive=8 red_wins=0/0 wr_sofar=0.00
    [p0026 vs p0016] final-step illumination_progress: team0=0.0000 team1=0.0000 (max t0=0.0000 t1=0.0000)
win_rate=0.50 (507.8s)
  [payoff] p0026 vs p0017 (190/196)...     step 100: alive=8 red_wins=0/0 wr_sofar=0.00
    step 200: alive=8 red_wins=0/0 wr_sofar=0.00
    step 300: alive=8 red_wins=0/0 wr_sofar=0.00
    step 400: alive=8 red_wins=0/0 wr_sofar=0.00
    [p0026 vs p0017] final-step illumination_progress: team0=0.0000 team1=0.0000 (max t0=0.0000 t1=0.0000)
win_rate=0.50 (510.6s)
  [payoff] p0026 vs p0018 (191/196)...     step 100: alive=8 red_wins=0/0 wr_sofar=0.00
    step 200: alive=8 red_wins=0/0 wr_sofar=0.00
    step 300: alive=8 red_wins=0/0 wr_sofar=0.00
    step 400: alive=8 red_wins=0/0 wr_sofar=0.00
    [p0026 vs p0018] final-step illumination_progress: team0=0.0000 team1=0.0000 (max t0=0.0000 t1=0.0000)
win_rate=0.50 (504.9s)
  [payoff] p0026 vs p0022 (192/196)...     step 100: alive=8 red_wins=0/0 wr_sofar=0.00
    step 200: alive=8 red_wins=0/0 wr_sofar=0.00
    step 300: alive=8 red_wins=0/0 wr_sofar=0.00
    step 400: alive=8 red_wins=0/0 wr_sofar=0.00
    [p0026 vs p0022] final-step illumination_progress: team0=0.0000 team1=0.0000 (max t0=0.0000 t1=0.0000)
win_rate=0.50 (507.2s)
  [payoff] p0026 vs p0023 (193/196)...     step 100: alive=8 red_wins=0/0 wr_sofar=0.00
    step 200: alive=8 red_wins=0/0 wr_sofar=0.00
    step 300: alive=8 red_wins=0/0 wr_sofar=0.00
    step 400: alive=8 red_wins=0/0 wr_sofar=0.00
    [p0026 vs p0023] final-step illumination_progress: team0=0.0000 team1=0.0000 (max t0=0.0000 t1=0.0000)
win_rate=0.50 (507.7s)
  [payoff] p0026 vs p0024 (194/196)...     step 100: alive=8 red_wins=0/0 wr_sofar=0.00
    step 200: alive=8 red_wins=0/0 wr_sofar=0.00
    step 300: alive=8 red_wins=0/0 wr_sofar=0.00
    step 400: alive=8 red_wins=0/0 wr_sofar=0.00
    [p0026 vs p0024] final-step illumination_progress: team0=0.0000 team1=0.0000 (max t0=0.0000 t1=0.0000)
win_rate=0.50 (508.9s)
  [payoff] p0026 vs p0027 (195/196)...     step 100: alive=8 red_wins=0/0 wr_sofar=0.00
    step 200: alive=8 red_wins=0/0 wr_sofar=0.00
    step 300: alive=8 red_wins=0/0 wr_sofar=0.00
    step 400: alive=8 red_wins=0/0 wr_sofar=0.00
    [p0026 vs p0027] final-step illumination_progress: team0=0.0000 team1=0.0000 (max t0=0.0000 t1=0.0000)
win_rate=0.50 (510.3s)
  [payoff] p0026 vs p0028 (196/196)...     step 100: alive=8 red_wins=0/0 wr_sofar=0.00
    step 200: alive=8 red_wins=0/0 wr_sofar=0.00
    step 300: alive=8 red_wins=0/0 wr_sofar=0.00
    step 400: alive=8 red_wins=0/0 wr_sofar=0.00
    [p0026 vs p0028] final-step illumination_progress: team0=0.0000 team1=0.0000 (max t0=0.0000 t1=0.0000)
win_rate=0.50 (509.1s)
  Team 0 sigma=[0.    0.    0.    0.077 0.    0.308 0.    0.615 0.    0.   ] NashConv=0.1827 H_task=1.386 effK=2.36
  Team 1 sigma=[0.    0.    0.058 0.019 0.    0.    0.    0.    0.308 0.    0.    0.615] NashConv=0.1615 H_task=1.386 effK=2.46
  Training main (team 0, p0000) against p0016...
      [PPO] main-t0 ep0 step27 cmd(pl=-0.0018 vl=1952986.9792 ent=2.4308) rad(pl=-0.0016 vl=3278031.2500 ent=328.0307)
      [PPO] main-t0 ep0 step69 cmd(pl=-0.0003 vl=1950372.9792 ent=2.4267) rad(pl=0.0003 vl=3132002.0000 ent=328.0394)
      [PPO] main-t0 ep0 step111 cmd(pl=-0.0004 vl=1877435.8125 ent=2.4270) rad(pl=0.0013 vl=3123450.0833 ent=328.0550)
      [PPO] main-t0 ep0 step153 cmd(pl=-0.0008 vl=1895597.6875 ent=2.4272) rad(pl=0.0001 vl=3097786.6250 ent=328.0699)
      [PPO] main-t0 ep0 step195 cmd(pl=-0.0007 vl=1896943.5625 ent=2.4245) rad(pl=0.0000 vl=3106290.5417 ent=328.0866)
      [PPO] main-t0 ep0 step237 cmd(pl=0.0007 vl=1888218.1875 ent=2.4229) rad(pl=-0.0021 vl=3108158.9583 ent=328.1334)
      [PPO] main-t0 ep0 step279 cmd(pl=-0.0007 vl=1851955.9167 ent=2.4234) rad(pl=0.0005 vl=3089521.6250 ent=328.1858)
      [PPO] main-t0 ep0 step321 cmd(pl=-0.0015 vl=1831491.1250 ent=2.4296) rad(pl=0.0002 vl=3051287.8750 ent=328.2278)
      [PPO] main-t0 ep0 step363 cmd(pl=-0.0001 vl=1877640.8750 ent=2.4352) rad(pl=0.0013 vl=3049031.2917 ent=328.2655)
      [PPO] main-t0 ep0 step405 cmd(pl=-0.0012 vl=1947990.9167 ent=2.4352) rad(pl=-0.0007 vl=3053426.7500 ent=328.3003)
      [PPO] main-t0 ep0 step447 cmd(pl=-0.0020 vl=1890642.4583 ent=2.4313) rad(pl=-0.0017 vl=3007317.0000 ent=328.3235)
      [PPO] main-t0 ep0 step489 cmd(pl=0.0002 vl=1797689.7917 ent=2.4269) rad(pl=-0.0010 vl=3024579.6250 ent=328.3309)
    ep 1/10  steps=500 timeout  wr=0.00  avg_r=18846.9776
      [PPO] main-t0 ep1 step32 cmd(pl=-0.0000 vl=1915768.9792 ent=2.4295) rad(pl=-0.0006 vl=2906265.1667 ent=328.3503)
      [PPO] main-t0 ep1 step74 cmd(pl=-0.0003 vl=1882399.0417 ent=2.4293) rad(pl=-0.0016 vl=2882108.1667 ent=328.3897)
      [PPO] main-t0 ep1 step116 cmd(pl=-0.0015 vl=1985091.8125 ent=2.4267) rad(pl=-0.0002 vl=2886323.2083 ent=328.4131)
      [PPO] main-t0 ep1 step158 cmd(pl=-0.0023 vl=1794208.9375 ent=2.4257) rad(pl=0.0006 vl=2849838.3750 ent=328.4375)
      [PPO] main-t0 ep1 step200 cmd(pl=-0.0003 vl=1840015.8958 ent=2.4240) rad(pl=-0.0031 vl=2845095.5417 ent=328.4709)
      [PPO] main-t0 ep1 step242 cmd(pl=-0.0023 vl=1939316.5417 ent=2.4252) rad(pl=0.0004 vl=2883555.0417 ent=328.4814)
      [PPO] main-t0 ep1 step284 cmd(pl=-0.0012 vl=1793884.4792 ent=2.4276) rad(pl=0.0002 vl=2843483.0833 ent=328.5041)
      [PPO] main-t0 ep1 step326 cmd(pl=-0.0007 vl=1796448.5625 ent=2.4301) rad(pl=-0.0014 vl=2812961.9167 ent=328.5555)
      [PPO] main-t0 ep1 step368 cmd(pl=-0.0003 vl=1839136.7917 ent=2.4349) rad(pl=-0.0007 vl=2817948.5417 ent=328.6023)
      [PPO] main-t0 ep1 step410 cmd(pl=-0.0019 vl=1701678.5833 ent=2.4412) rad(pl=-0.0027 vl=2769178.0833 ent=328.6306)
      [PPO] main-t0 ep1 step452 cmd(pl=-0.0006 vl=1816777.8333 ent=2.4489) rad(pl=-0.0006 vl=2758207.4167 ent=328.6548)
      [PPO] main-t0 ep1 step494 cmd(pl=-0.0007 vl=1831889.4375 ent=2.4504) rad(pl=0.0004 vl=2692388.5833 ent=328.6792)
    ep 2/10  steps=500 timeout  wr=0.00  avg_r=18738.6756
      [PPO] main-t0 ep2 step37 cmd(pl=-0.0002 vl=1736776.0625 ent=2.4545) rad(pl=-0.0009 vl=2642066.3333 ent=328.7095)
      [PPO] main-t0 ep2 step79 cmd(pl=-0.0029 vl=1818956.6250 ent=2.4535) rad(pl=-0.0022 vl=2589591.6667 ent=328.7263)
      [PPO] main-t0 ep2 step121 cmd(pl=-0.0026 vl=1754621.9375 ent=2.4441) rad(pl=-0.0045 vl=2539852.4167 ent=328.7484)
      [PPO] main-t0 ep2 step163 cmd(pl=0.0012 vl=1794316.2500 ent=2.4384) rad(pl=-0.0018 vl=2517911.0417 ent=328.7716)
      [PPO] main-t0 ep2 step205 cmd(pl=0.0009 vl=1819426.2083 ent=2.4381) rad(pl=-0.0020 vl=2501387.4583 ent=328.7846)
      [PPO] main-t0 ep2 step247 cmd(pl=-0.0009 vl=1739609.4375 ent=2.4386) rad(pl=0.0017 vl=2469915.4583 ent=328.8206)
      [PPO] main-t0 ep2 step289 cmd(pl=-0.0007 vl=1820729.8958 ent=2.4405) rad(pl=-0.0020 vl=2495354.4583 ent=328.8864)
      [PPO] main-t0 ep2 step331 cmd(pl=0.0006 vl=1827868.5833 ent=2.4457) rad(pl=-0.0016 vl=2508144.2500 ent=328.9301)
      [PPO] main-t0 ep2 step373 cmd(pl=-0.0003 vl=1815982.2292 ent=2.4482) rad(pl=-0.0002 vl=2519537.3750 ent=328.9423)
      [PPO] main-t0 ep2 step415 cmd(pl=-0.0018 vl=1818440.9583 ent=2.4536) rad(pl=0.0000 vl=2530552.9583 ent=328.9787)
      [PPO] main-t0 ep2 step457 cmd(pl=-0.0015 vl=1808664.6250 ent=2.4598) rad(pl=0.0011 vl=2550736.2500 ent=329.0190)
      [PPO] main-t0 ep2 step499 cmd(pl=-0.0002 vl=1865651.9792 ent=2.4640) rad(pl=-0.0002 vl=2562544.7917 ent=329.0407)
    ep 3/10  steps=500 timeout  wr=0.00  avg_r=18703.3293
  Training main (team 0, p0000) against p0004...
      [PPO] main-t0 ep0 step42 cmd(pl=0.0000 vl=1760473.2292 ent=2.4603) rad(pl=-0.0018 vl=3211633.0000 ent=329.0761)
      [PPO] main-t0 ep0 step84 cmd(pl=-0.0008 vl=1805231.4167 ent=2.4615) rad(pl=0.0020 vl=3256237.6667 ent=329.1324)
      [PPO] main-t0 ep0 step126 cmd(pl=-0.0015 vl=1832397.2292 ent=2.4665) rad(pl=0.0005 vl=3274791.6250 ent=329.1682)
      [PPO] main-t0 ep0 step168 cmd(pl=-0.0008 vl=1813169.8125 ent=2.4708) rad(pl=-0.0009 vl=3286235.6250 ent=329.1947)
      [PPO] main-t0 ep0 step210 cmd(pl=-0.0006 vl=1851146.0625 ent=2.4738) rad(pl=-0.0003 vl=3290604.8333 ent=329.2317)
      [PPO] main-t0 ep0 step252 cmd(pl=-0.0009 vl=1802141.8750 ent=2.4757) rad(pl=-0.0036 vl=3280941.4583 ent=329.2753)
      [PPO] main-t0 ep0 step294 cmd(pl=-0.0022 vl=1884348.6667 ent=2.4775) rad(pl=-0.0020 vl=3274411.5833 ent=329.3297)
      [PPO] main-t0 ep0 step336 cmd(pl=-0.0010 vl=1773053.7083 ent=2.4796) rad(pl=-0.0037 vl=3269142.3333 ent=329.3636)
      [PPO] main-t0 ep0 step378 cmd(pl=-0.0008 vl=1773851.3125 ent=2.4861) rad(pl=-0.0009 vl=3221142.5417 ent=329.3834)
      [PPO] main-t0 ep0 step420 cmd(pl=-0.0018 vl=1892517.4375 ent=2.4916) rad(pl=-0.0020 vl=3207954.7083 ent=329.4111)
      [PPO] main-t0 ep0 step462 cmd(pl=-0.0013 vl=1818471.7500 ent=2.4918) rad(pl=-0.0016 vl=3162004.6667 ent=329.4442)
    ep 1/10  steps=500 timeout  wr=0.00  avg_r=18623.4673
      [PPO] main-t0 ep1 step5 cmd(pl=-0.0004 vl=1772331.7083 ent=2.4937) rad(pl=-0.0007 vl=3125316.9167 ent=329.4880)
      [PPO] main-t0 ep1 step47 cmd(pl=-0.0012 vl=1855462.6667 ent=2.4878) rad(pl=-0.0016 vl=3146880.8333 ent=329.4932)
      [PPO] main-t0 ep1 step89 cmd(pl=-0.0033 vl=1792744.1667 ent=2.4864) rad(pl=-0.0010 vl=3095183.5000 ent=329.5246)
      [PPO] main-t0 ep1 step131 cmd(pl=-0.0012 vl=1762108.3125 ent=2.4871) rad(pl=0.0007 vl=3043780.9167 ent=329.5808)
      [PPO] main-t0 ep1 step173 cmd(pl=-0.0033 vl=1794311.2708 ent=2.4925) rad(pl=-0.0018 vl=2990557.1667 ent=329.6260)
      [PPO] main-t0 ep1 step215 cmd(pl=-0.0009 vl=1737166.7708 ent=2.4999) rad(pl=-0.0007 vl=2918553.7500 ent=329.6517)
      [PPO] main-t0 ep1 step257 cmd(pl=-0.0006 vl=1786883.8125 ent=2.5050) rad(pl=-0.0017 vl=2863997.3333 ent=329.6860)
      [PPO] main-t0 ep1 step299 cmd(pl=-0.0003 vl=1753159.5417 ent=2.5104) rad(pl=-0.0000 vl=2801757.7083 ent=329.7304)
      [PPO] main-t0 ep1 step341 cmd(pl=-0.0032 vl=1756371.0417 ent=2.5132) rad(pl=-0.0036 vl=2746995.2500 ent=329.7583)
      [PPO] main-t0 ep1 step383 cmd(pl=-0.0003 vl=1747699.0000 ent=2.5161) rad(pl=-0.0023 vl=2704570.0833 ent=329.7630)
      [PPO] main-t0 ep1 step425 cmd(pl=0.0005 vl=1701462.3750 ent=2.5158) rad(pl=-0.0017 vl=2660744.2083 ent=329.7535)
      [PPO] main-t0 ep1 step467 cmd(pl=-0.0008 vl=1706483.9792 ent=2.5119) rad(pl=-0.0026 vl=2638268.5833 ent=329.7650)
    ep 2/10  steps=500 timeout  wr=0.00  avg_r=18321.8805
      [PPO] main-t0 ep2 step10 cmd(pl=-0.0022 vl=1660916.5417 ent=2.5088) rad(pl=-0.0003 vl=2716708.8750 ent=329.7909)
      [PPO] main-t0 ep2 step52 cmd(pl=-0.0006 vl=1661287.9792 ent=2.5063) rad(pl=-0.0004 vl=3120285.5000 ent=329.8389)
      [PPO] main-t0 ep2 step94 cmd(pl=-0.0019 vl=1663265.2292 ent=2.5064) rad(pl=0.0033 vl=3110902.9167 ent=329.8878)
      [PPO] main-t0 ep2 step136 cmd(pl=-0.0039 vl=1634915.6667 ent=2.5113) rad(pl=-0.0010 vl=3123010.7917 ent=329.9425)
      [PPO] main-t0 ep2 step178 cmd(pl=-0.0030 vl=1720517.2708 ent=2.5156) rad(pl=0.0056 vl=3135200.0417 ent=329.9834)
      [PPO] main-t0 ep2 step220 cmd(pl=0.0022 vl=1654791.6042 ent=2.5137) rad(pl=-0.0019 vl=3114033.9167 ent=330.0458)
      [PPO] main-t0 ep2 step262 cmd(pl=-0.0010 vl=1686794.9375 ent=2.5119) rad(pl=-0.0021 vl=3090555.9167 ent=330.0883)
      [PPO] main-t0 ep2 step304 cmd(pl=-0.0014 vl=1704353.1875 ent=2.5116) rad(pl=-0.0009 vl=3076294.3333 ent=330.0968)
      [PPO] main-t0 ep2 step346 cmd(pl=0.0002 vl=1645363.1250 ent=2.5116) rad(pl=-0.0009 vl=3039011.7500 ent=330.1144)
      [PPO] main-t0 ep2 step388 cmd(pl=-0.0009 vl=1668556.6250 ent=2.5108) rad(pl=-0.0053 vl=2989628.3333 ent=330.1437)
      [PPO] main-t0 ep2 step430 cmd(pl=-0.0035 vl=1724514.9583 ent=2.5114) rad(pl=-0.0003 vl=2947622.9167 ent=330.1633)
      [PPO] main-t0 ep2 step472 cmd(pl=-0.0005 vl=1652423.4792 ent=2.5033) rad(pl=-0.0019 vl=2918257.0000 ent=330.1951)
    ep 3/10  steps=500 timeout  wr=0.00  avg_r=18127.5673
  Training main (team 0, p0000) against self...
      [PPO] main-t0 ep0 step15 cmd(pl=-0.0014 vl=1603731.5000 ent=2.4987) rad(pl=-0.0023 vl=2874764.1667 ent=330.2330)
      [PPO] main-t0 ep0 step57 cmd(pl=-0.0015 vl=1661928.1250 ent=2.4970) rad(pl=-0.0003 vl=2794423.7083 ent=330.2516)
      [PPO] main-t0 ep0 step99 cmd(pl=-0.0023 vl=1673497.1042 ent=2.4979) rad(pl=-0.0014 vl=2781361.6250 ent=330.2736)
      [PPO] main-t0 ep0 step141 cmd(pl=-0.0022 vl=1729736.7292 ent=2.4989) rad(pl=-0.0016 vl=2823950.0000 ent=330.2932)
      [PPO] main-t0 ep0 step183 cmd(pl=0.0007 vl=1736625.9792 ent=2.4999) rad(pl=0.0014 vl=2874225.2083 ent=330.3038)
      [PPO] main-t0 ep0 step225 cmd(pl=-0.0018 vl=1769745.6667 ent=2.4991) rad(pl=0.0002 vl=2944930.1667 ent=330.3054)
      [PPO] main-t0 ep0 step267 cmd(pl=-0.0014 vl=1818462.6458 ent=2.5007) rad(pl=0.0017 vl=3033044.3750 ent=330.3308)
      [PPO] main-t0 ep0 step309 cmd(pl=-0.0020 vl=1723088.4167 ent=2.5016) rad(pl=0.0045 vl=3105060.0000 ent=330.3775)
      [PPO] main-t0 ep0 step351 cmd(pl=-0.0001 vl=1774373.0208 ent=2.5034) rad(pl=0.0078 vl=3166621.0000 ent=330.3950)
      [PPO] main-t0 ep0 step393 cmd(pl=-0.0010 vl=1865682.6250 ent=2.5046) rad(pl=0.0023 vl=3178853.4583 ent=330.4419)
      [PPO] main-t0 ep0 step435 cmd(pl=-0.0006 vl=1819002.6667 ent=2.5069) rad(pl=0.0012 vl=3170612.0417 ent=330.5009)
      [PPO] main-t0 ep0 step477 cmd(pl=-0.0022 vl=1837089.1667 ent=2.5080) rad(pl=-0.0006 vl=3139679.7083 ent=330.5574)
    ep 1/10  steps=500 timeout  wr=0.00  avg_r=18684.0488
      [PPO] main-t0 ep1 step20 cmd(pl=0.0017 vl=1804874.6250 ent=2.5098) rad(pl=-0.0003 vl=3526012.3750 ent=330.6347)
      [PPO] main-t0 ep1 step62 cmd(pl=-0.0005 vl=1830994.1250 ent=2.5096) rad(pl=-0.0062 vl=4038633.7917 ent=330.7077)
      [PPO] main-t0 ep1 step104 cmd(pl=-0.0005 vl=1825795.8333 ent=2.5122) rad(pl=-0.0008 vl=4049007.7083 ent=330.7755)
      [PPO] main-t0 ep1 step146 cmd(pl=-0.0032 vl=1814406.3958 ent=2.5145) rad(pl=0.0020 vl=4057076.2083 ent=330.8293)
      [PPO] main-t0 ep1 step188 cmd(pl=0.0004 vl=1880216.5208 ent=2.5150) rad(pl=-0.0012 vl=4044219.7083 ent=330.8792)
      [PPO] main-t0 ep1 step230 cmd(pl=-0.0002 vl=1810430.5833 ent=2.5140) rad(pl=-0.0025 vl=4048895.3333 ent=330.9252)
      [PPO] main-t0 ep1 step272 cmd(pl=-0.0017 vl=1845963.1875 ent=2.5118) rad(pl=0.0058 vl=4084471.8750 ent=330.9547)
      [PPO] main-t0 ep1 step314 cmd(pl=-0.0004 vl=1875782.1250 ent=2.5119) rad(pl=-0.0007 vl=4132230.9167 ent=331.0268)
      [PPO] main-t0 ep1 step356 cmd(pl=-0.0006 vl=1845622.3750 ent=2.5138) rad(pl=0.0035 vl=4124239.8333 ent=331.0787)
      [PPO] main-t0 ep1 step398 cmd(pl=-0.0022 vl=1910749.7917 ent=2.5148) rad(pl=-0.0022 vl=4083058.0417 ent=331.1275)
      [PPO] main-t0 ep1 step440 cmd(pl=0.0001 vl=1823214.4583 ent=2.5162) rad(pl=0.0049 vl=4057750.7083 ent=331.1853)
      [PPO] main-t0 ep1 step482 cmd(pl=-0.0028 vl=1831331.0625 ent=2.5152) rad(pl=0.0007 vl=4017473.5417 ent=331.2489)
    ep 2/10  steps=500 timeout  wr=0.00  avg_r=18700.0557
      [PPO] main-t0 ep2 step25 cmd(pl=-0.0040 vl=1872312.5208 ent=2.5195) rad(pl=-0.0019 vl=3005134.6667 ent=331.3182)
      [PPO] main-t0 ep2 step67 cmd(pl=-0.0016 vl=1843309.2917 ent=2.5270) rad(pl=-0.0005 vl=2208218.3333 ent=331.3720)
      [PPO] main-t0 ep2 step109 cmd(pl=0.0012 vl=1798390.4792 ent=2.5311) rad(pl=0.0021 vl=2178833.3333 ent=331.4068)
      [PPO] main-t0 ep2 step151 cmd(pl=-0.0031 vl=1812748.2708 ent=2.5354) rad(pl=-0.0036 vl=2137536.6667 ent=331.4396)
      [PPO] main-t0 ep2 step193 cmd(pl=-0.0008 vl=1741731.8958 ent=2.5350) rad(pl=-0.0005 vl=2087785.7292 ent=331.4529)
      [PPO] main-t0 ep2 step235 cmd(pl=-0.0021 vl=1806543.0833 ent=2.5371) rad(pl=-0.0036 vl=2059145.8958 ent=331.4759)
      [PPO] main-t0 ep2 step277 cmd(pl=-0.0014 vl=1782594.9167 ent=2.5380) rad(pl=-0.0001 vl=2038299.8750 ent=331.4932)
      [PPO] main-t0 ep2 step319 cmd(pl=-0.0048 vl=1707186.6458 ent=2.5379) rad(pl=-0.0035 vl=2020494.0000 ent=331.5338)
      [PPO] main-t0 ep2 step361 cmd(pl=-0.0039 vl=1779104.2708 ent=2.5352) rad(pl=-0.0038 vl=2010706.8333 ent=331.5771)
      [PPO] main-t0 ep2 step403 cmd(pl=0.0021 vl=1780900.7917 ent=2.5278) rad(pl=-0.0039 vl=2020771.5625 ent=331.5886)
      [PPO] main-t0 ep2 step445 cmd(pl=-0.0022 vl=1836487.4375 ent=2.5255) rad(pl=0.0003 vl=2046769.8958 ent=331.6175)
      [PPO] main-t0 ep2 step487 cmd(pl=-0.0009 vl=1783959.6042 ent=2.5261) rad(pl=0.0020 vl=2047575.1042 ent=331.6634)
    ep 3/10  steps=500 timeout  wr=0.00  avg_r=18604.1739
  Training league_exploiter (team 0, p0002) against p0009...
      [PPO] leag-t0 ep0 step43 cmd(pl=-0.0000 vl=2239656.1458 ent=2.2951) rad(pl=-0.0014 vl=6802158.1667 ent=333.5871)
      [PPO] leag-t0 ep0 step85 cmd(pl=-0.0005 vl=2219178.5833 ent=2.2957) rad(pl=0.0012 vl=6791309.0833 ent=333.6393)
      [PPO] leag-t0 ep0 step127 cmd(pl=-0.0002 vl=2211969.1458 ent=2.2938) rad(pl=0.0043 vl=6820101.0000 ent=333.6877)
      [PPO] leag-t0 ep0 step169 cmd(pl=-0.0001 vl=2193449.1250 ent=2.2955) rad(pl=0.0037 vl=6801823.0000 ent=333.7372)
      [PPO] leag-t0 ep0 step211 cmd(pl=-0.0013 vl=2236883.2708 ent=2.2974) rad(pl=-0.0010 vl=6788179.5000 ent=333.7902)
      [PPO] leag-t0 ep0 step253 cmd(pl=-0.0008 vl=2234919.4167 ent=2.3000) rad(pl=0.0003 vl=6758938.7500 ent=333.8373)
      [PPO] leag-t0 ep0 step295 cmd(pl=-0.0013 vl=2297916.9167 ent=2.3064) rad(pl=-0.0032 vl=6752795.9167 ent=333.8880)
      [PPO] leag-t0 ep0 step337 cmd(pl=-0.0004 vl=2371163.1667 ent=2.3093) rad(pl=0.0007 vl=6722540.6667 ent=333.9370)
      [PPO] leag-t0 ep0 step379 cmd(pl=-0.0002 vl=2228046.8125 ent=2.3102) rad(pl=0.0006 vl=6731560.6667 ent=333.9884)
      [PPO] leag-t0 ep0 step421 cmd(pl=-0.0002 vl=2360252.2917 ent=2.3143) rad(pl=0.0016 vl=6672582.4167 ent=334.0478)
      [PPO] leag-t0 ep0 step463 cmd(pl=-0.0005 vl=2217324.8542 ent=2.3115) rad(pl=0.0008 vl=6597487.1667 ent=334.1084)
    ep 1/10  steps=500 timeout  wr=0.00  avg_r=21121.0837
      [PPO] leag-t0 ep1 step6 cmd(pl=0.0003 vl=2298032.7083 ent=2.3102) rad(pl=-0.0013 vl=6530439.2500 ent=334.1652)
      [PPO] leag-t0 ep1 step48 cmd(pl=-0.0018 vl=2322761.0417 ent=2.3140) rad(pl=-0.0061 vl=5924467.5833 ent=334.2165)
      [PPO] leag-t0 ep1 step90 cmd(pl=-0.0002 vl=2349298.3750 ent=2.3155) rad(pl=0.0040 vl=6017882.1667 ent=334.2537)
      [PPO] leag-t0 ep1 step132 cmd(pl=-0.0007 vl=2431766.0000 ent=2.3179) rad(pl=-0.0019 vl=5922975.5000 ent=334.2978)
      [PPO] leag-t0 ep1 step174 cmd(pl=-0.0005 vl=2328258.2083 ent=2.3194) rad(pl=0.0037 vl=5952821.8333 ent=334.3427)
      [PPO] leag-t0 ep1 step216 cmd(pl=-0.0001 vl=2368809.5208 ent=2.3131) rad(pl=-0.0029 vl=5909825.0000 ent=334.3930)
      [PPO] leag-t0 ep1 step258 cmd(pl=-0.0003 vl=2280778.7917 ent=2.3106) rad(pl=0.0012 vl=5905245.4167 ent=334.4379)
      [PPO] leag-t0 ep1 step300 cmd(pl=-0.0007 vl=2291516.8333 ent=2.3077) rad(pl=-0.0035 vl=5857922.8333 ent=334.4900)
      [PPO] leag-t0 ep1 step342 cmd(pl=-0.0002 vl=2292623.2500 ent=2.3047) rad(pl=0.0016 vl=5837818.8333 ent=334.5352)
      [PPO] leag-t0 ep1 step384 cmd(pl=-0.0002 vl=2352733.0000 ent=2.3034) rad(pl=0.0008 vl=5819167.5833 ent=334.5794)
      [PPO] leag-t0 ep1 step426 cmd(pl=-0.0004 vl=2258743.8750 ent=2.3019) rad(pl=0.0023 vl=5804771.0000 ent=334.6172)
      [PPO] leag-t0 ep1 step468 cmd(pl=-0.0009 vl=2258699.8542 ent=2.3027) rad(pl=-0.0010 vl=5765795.2500 ent=334.6610)
    ep 2/10  steps=500 timeout  wr=0.00  avg_r=21061.1122
      [PPO] leag-t0 ep2 step11 cmd(pl=-0.0015 vl=2510447.7917 ent=2.3001) rad(pl=-0.0009 vl=5460522.5833 ent=334.7140)
      [PPO] leag-t0 ep2 step53 cmd(pl=-0.0005 vl=2528558.1667 ent=2.2960) rad(pl=0.0033 vl=4420741.8333 ent=334.7574)
      [PPO] leag-t0 ep2 step95 cmd(pl=-0.0008 vl=2450512.6250 ent=2.2926) rad(pl=0.0019 vl=4434218.0833 ent=334.8012)
      [PPO] leag-t0 ep2 step137 cmd(pl=-0.0006 vl=2395556.2500 ent=2.2950) rad(pl=0.0025 vl=4498052.9167 ent=334.8514)
      [PPO] leag-t0 ep2 step179 cmd(pl=-0.0009 vl=2376528.7917 ent=2.2945) rad(pl=0.0054 vl=4535868.7500 ent=334.9026)
      [PPO] leag-t0 ep2 step221 cmd(pl=-0.0005 vl=2421162.1667 ent=2.3002) rad(pl=-0.0001 vl=4541434.5833 ent=334.9524)
      [PPO] leag-t0 ep2 step263 cmd(pl=0.0005 vl=2432562.5000 ent=2.3038) rad(pl=0.0017 vl=4587716.0833 ent=334.9998)
      [PPO] leag-t0 ep2 step305 cmd(pl=-0.0011 vl=2432837.7500 ent=2.3052) rad(pl=0.0031 vl=4619327.5833 ent=335.0510)
      [PPO] leag-t0 ep2 step347 cmd(pl=-0.0008 vl=2422354.6667 ent=2.3025) rad(pl=0.0006 vl=4561045.4167 ent=335.1044)
      [PPO] leag-t0 ep2 step389 cmd(pl=-0.0001 vl=2415853.2083 ent=2.2988) rad(pl=-0.0063 vl=4505835.4167 ent=335.1449)
      [PPO] leag-t0 ep2 step431 cmd(pl=0.0002 vl=2394047.5417 ent=2.2941) rad(pl=0.0010 vl=4488195.6667 ent=335.1517)
      [PPO] leag-t0 ep2 step473 cmd(pl=0.0002 vl=2389873.9167 ent=2.2939) rad(pl=0.0003 vl=4468319.3333 ent=335.1730)
    ep 3/10  steps=500 timeout  wr=0.00  avg_r=21123.5942
      [PPO] leag-t0 ep3 step16 cmd(pl=-0.0008 vl=2148920.5833 ent=2.2966) rad(pl=-0.0003 vl=4887702.1667 ent=335.2093)
      [PPO] leag-t0 ep3 step58 cmd(pl=0.0002 vl=2220630.6875 ent=2.2976) rad(pl=-0.0015 vl=5760525.4167 ent=335.2555)
      [PPO] leag-t0 ep3 step100 cmd(pl=-0.0006 vl=2242366.8125 ent=2.2985) rad(pl=0.0005 vl=5723312.5833 ent=335.3042)
      [PPO] leag-t0 ep3 step142 cmd(pl=-0.0007 vl=2268323.5417 ent=2.3007) rad(pl=-0.0008 vl=5678024.0000 ent=335.3500)
      [PPO] leag-t0 ep3 step184 cmd(pl=-0.0004 vl=2177851.6458 ent=2.2984) rad(pl=-0.0010 vl=5597161.6667 ent=335.3951)
      [PPO] leag-t0 ep3 step226 cmd(pl=-0.0003 vl=2170134.6458 ent=2.2972) rad(pl=-0.0047 vl=5585133.0000 ent=335.4371)
      [PPO] leag-t0 ep3 step268 cmd(pl=-0.0007 vl=2266730.1250 ent=2.3007) rad(pl=-0.0012 vl=5610375.5000 ent=335.4606)
      [PPO] leag-t0 ep3 step310 cmd(pl=-0.0002 vl=2238634.0833 ent=2.3054) rad(pl=0.0002 vl=5655251.4167 ent=335.4889)
      [PPO] leag-t0 ep3 step352 cmd(pl=-0.0005 vl=2276429.2917 ent=2.3086) rad(pl=0.0024 vl=5642016.1667 ent=335.5299)
      [PPO] leag-t0 ep3 step394 cmd(pl=-0.0006 vl=2271645.0208 ent=2.3121) rad(pl=-0.0025 vl=5655086.7500 ent=335.5742)
      [PPO] leag-t0 ep3 step436 cmd(pl=-0.0019 vl=2342157.4792 ent=2.3172) rad(pl=-0.0015 vl=5610565.2500 ent=335.6059)
      [PPO] leag-t0 ep3 step478 cmd(pl=-0.0000 vl=2414873.9583 ent=2.3129) rad(pl=-0.0014 vl=5626927.1667 ent=335.6319)
    ep 4/10  steps=500 timeout  wr=0.00  avg_r=21132.9131
      [PPO] leag-t0 ep4 step21 cmd(pl=-0.0008 vl=2515928.5417 ent=2.3080) rad(pl=0.0002 vl=4785936.0833 ent=335.6719)
      [PPO] leag-t0 ep4 step63 cmd(pl=-0.0013 vl=2567259.7917 ent=2.3024) rad(pl=0.0027 vl=3830556.1667 ent=335.7150)
      [PPO] leag-t0 ep4 step105 cmd(pl=-0.0008 vl=2422861.1667 ent=2.2988) rad(pl=0.0033 vl=3915723.9583 ent=335.7578)
      [PPO] leag-t0 ep4 step147 cmd(pl=-0.0014 vl=2410292.3750 ent=2.2953) rad(pl=0.0002 vl=3894745.9167 ent=335.8048)
      [PPO] leag-t0 ep4 step189 cmd(pl=-0.0010 vl=2428534.9583 ent=2.2916) rad(pl=-0.0014 vl=3857894.8750 ent=335.8545)
      [PPO] leag-t0 ep4 step231 cmd(pl=-0.0012 vl=2457879.1667 ent=2.2898) rad(pl=-0.0003 vl=3837397.8333 ent=335.9074)
      [PPO] leag-t0 ep4 step273 cmd(pl=-0.0006 vl=2423798.2083 ent=2.2875) rad(pl=-0.0026 vl=3821764.7083 ent=335.9537)
      [PPO] leag-t0 ep4 step315 cmd(pl=-0.0001 vl=2530545.4167 ent=2.2876) rad(pl=0.0014 vl=3823707.2917 ent=335.9959)
      [PPO] leag-t0 ep4 step357 cmd(pl=-0.0009 vl=2589933.6667 ent=2.2824) rad(pl=0.0003 vl=3838552.3750 ent=336.0423)
      [PPO] leag-t0 ep4 step399 cmd(pl=-0.0010 vl=2462124.9167 ent=2.2746) rad(pl=-0.0005 vl=3834567.7917 ent=336.0953)
      [PPO] leag-t0 ep4 step441 cmd(pl=-0.0009 vl=2418139.2500 ent=2.2703) rad(pl=-0.0012 vl=3808103.2500 ent=336.1386)
      [PPO] leag-t0 ep4 step483 cmd(pl=-0.0003 vl=2340898.2083 ent=2.2735) rad(pl=-0.0024 vl=3761264.2500 ent=336.1877)
    ep 5/10  steps=500 timeout  wr=0.00  avg_r=21200.1638
    ── ep 5/10  wr=0.00  avg_r=21200.1638
      [PPO] leag-t0 ep5 step26 cmd(pl=-0.0002 vl=2545011.8542 ent=2.2715) rad(pl=-0.0008 vl=4331551.2500 ent=336.2271)
      [PPO] leag-t0 ep5 step68 cmd(pl=-0.0004 vl=2494432.2083 ent=2.2712) rad(pl=-0.0015 vl=4777288.2500 ent=336.2599)
      [PPO] leag-t0 ep5 step110 cmd(pl=-0.0007 vl=2492090.9167 ent=2.2770) rad(pl=-0.0008 vl=4767686.4167 ent=336.2870)
      [PPO] leag-t0 ep5 step152 cmd(pl=-0.0006 vl=2507787.2917 ent=2.2775) rad(pl=0.0000 vl=4738150.6667 ent=336.3149)
      [PPO] leag-t0 ep5 step194 cmd(pl=-0.0004 vl=2491086.6667 ent=2.2764) rad(pl=-0.0018 vl=4739007.0000 ent=336.3546)
      [PPO] leag-t0 ep5 step236 cmd(pl=-0.0013 vl=2466175.0000 ent=2.2724) rad(pl=0.0030 vl=4729424.9167 ent=336.3959)
      [PPO] leag-t0 ep5 step278 cmd(pl=-0.0012 vl=2459858.9583 ent=2.2687) rad(pl=0.0013 vl=4704814.8333 ent=336.4472)
      [PPO] leag-t0 ep5 step320 cmd(pl=-0.0004 vl=2533920.2500 ent=2.2619) rad(pl=0.0009 vl=4717623.0000 ent=336.4991)
      [PPO] leag-t0 ep5 step362 cmd(pl=-0.0024 vl=2420214.6667 ent=2.2569) rad(pl=-0.0002 vl=4720892.7500 ent=336.5408)
      [PPO] leag-t0 ep5 step404 cmd(pl=-0.0009 vl=2440051.6250 ent=2.2592) rad(pl=0.0004 vl=4727496.5833 ent=336.5676)
      [PPO] leag-t0 ep5 step446 cmd(pl=-0.0002 vl=2398678.8333 ent=2.2599) rad(pl=-0.0030 vl=4742459.4167 ent=336.6016)
      [PPO] leag-t0 ep5 step488 cmd(pl=-0.0011 vl=2453588.0833 ent=2.2687) rad(pl=0.0026 vl=4779763.9167 ent=336.6506)
    ep 6/10  steps=500 timeout  wr=0.00  avg_r=21277.9862
      [PPO] leag-t0 ep6 step31 cmd(pl=-0.0003 vl=2331049.9583 ent=2.2807) rad(pl=-0.0001 vl=5247877.7500 ent=336.7016)
      [PPO] leag-t0 ep6 step73 cmd(pl=-0.0015 vl=2237862.1250 ent=2.2929) rad(pl=-0.0003 vl=5449619.3333 ent=336.7504)
      [PPO] leag-t0 ep6 step115 cmd(pl=-0.0004 vl=2416777.8750 ent=2.3048) rad(pl=0.0010 vl=5384799.0000 ent=336.8063)
      [PPO] leag-t0 ep6 step157 cmd(pl=0.0001 vl=2396575.0417 ent=2.3137) rad(pl=0.0039 vl=5376741.9167 ent=336.8705)
      [PPO] leag-t0 ep6 step199 cmd(pl=-0.0007 vl=2417154.1250 ent=2.3181) rad(pl=-0.0082 vl=5302337.3333 ent=336.9285)
      [PPO] leag-t0 ep6 step241 cmd(pl=-0.0012 vl=2443574.0000 ent=2.3210) rad(pl=-0.0013 vl=5342021.6667 ent=336.9501)
      [PPO] leag-t0 ep6 step283 cmd(pl=-0.0005 vl=2419734.0833 ent=2.3251) rad(pl=-0.0004 vl=5241762.8333 ent=336.9743)
      [PPO] leag-t0 ep6 step325 cmd(pl=-0.0017 vl=2423272.6250 ent=2.3262) rad(pl=-0.0001 vl=5224977.4167 ent=337.0101)
      [PPO] leag-t0 ep6 step367 cmd(pl=0.0001 vl=2400950.0833 ent=2.3218) rad(pl=-0.0008 vl=5200189.8333 ent=337.0685)
      [PPO] leag-t0 ep6 step409 cmd(pl=0.0000 vl=2476788.4167 ent=2.3238) rad(pl=0.0045 vl=5243865.9167 ent=337.1253)
      [PPO] leag-t0 ep6 step451 cmd(pl=-0.0009 vl=2386010.2500 ent=2.3256) rad(pl=0.0015 vl=5175038.5000 ent=337.1976)
      [PPO] leag-t0 ep6 step493 cmd(pl=-0.0003 vl=2386209.2500 ent=2.3259) rad(pl=0.0011 vl=5110267.5000 ent=337.2583)
    ep 7/10  steps=500 timeout  wr=0.00  avg_r=21308.3778
      [PPO] leag-t0 ep7 step36 cmd(pl=-0.0006 vl=2564441.5000 ent=2.3259) rad(pl=-0.0017 vl=5116284.8333 ent=337.3090)
      [PPO] leag-t0 ep7 step78 cmd(pl=-0.0002 vl=2545581.2917 ent=2.3271) rad(pl=-0.0019 vl=5114751.6667 ent=337.3586)
      [PPO] leag-t0 ep7 step120 cmd(pl=-0.0005 vl=2396613.2083 ent=2.3252) rad(pl=-0.0017 vl=5093300.4167 ent=337.4058)
      [PPO] leag-t0 ep7 step162 cmd(pl=-0.0013 vl=2402152.1667 ent=2.3305) rad(pl=0.0015 vl=5057383.7500 ent=337.4380)
      [PPO] leag-t0 ep7 step204 cmd(pl=-0.0015 vl=2467663.4167 ent=2.3345) rad(pl=-0.0003 vl=5047908.0833 ent=337.4786)
      [PPO] leag-t0 ep7 step246 cmd(pl=-0.0005 vl=2458259.7500 ent=2.3352) rad(pl=0.0066 vl=5051282.1667 ent=337.5270)
      [PPO] leag-t0 ep7 step288 cmd(pl=-0.0010 vl=2343317.6667 ent=2.3355) rad(pl=-0.0014 vl=5055367.6667 ent=337.5783)
      [PPO] leag-t0 ep7 step330 cmd(pl=-0.0003 vl=2390059.1042 ent=2.3361) rad(pl=-0.0048 vl=5061923.0000 ent=337.6187)
      [PPO] leag-t0 ep7 step372 cmd(pl=-0.0007 vl=2435961.0833 ent=2.3422) rad(pl=0.0018 vl=5051061.5000 ent=337.6255)
      [PPO] leag-t0 ep7 step414 cmd(pl=0.0001 vl=2379934.7083 ent=2.3420) rad(pl=-0.0015 vl=5046079.0000 ent=337.6632)
      [PPO] leag-t0 ep7 step456 cmd(pl=-0.0002 vl=2433352.3750 ent=2.3465) rad(pl=0.0043 vl=5041024.5833 ent=337.7130)
      [PPO] leag-t0 ep7 step498 cmd(pl=-0.0004 vl=2439909.7500 ent=2.3438) rad(pl=-0.0046 vl=5044165.5833 ent=337.7743)
    ep 8/10  steps=500 timeout  wr=0.00  avg_r=21329.6791
      [PPO] leag-t0 ep8 step41 cmd(pl=-0.0010 vl=2287082.5417 ent=2.3519) rad(pl=-0.0015 vl=6586414.7500 ent=337.8417)
      [PPO] leag-t0 ep8 step83 cmd(pl=0.0003 vl=2317432.9375 ent=2.3515) rad(pl=0.0022 vl=6708511.2500 ent=337.9003)
      [PPO] leag-t0 ep8 step125 cmd(pl=-0.0002 vl=2313428.5417 ent=2.3517) rad(pl=-0.0072 vl=6618935.3333 ent=337.9263)
      [PPO] leag-t0 ep8 step167 cmd(pl=-0.0004 vl=2289141.2917 ent=2.3525) rad(pl=-0.0000 vl=6597351.7500 ent=337.9250)
      [PPO] leag-t0 ep8 step209 cmd(pl=-0.0003 vl=2279947.8333 ent=2.3508) rad(pl=-0.0006 vl=6548401.4167 ent=337.9619)
      [PPO] leag-t0 ep8 step251 cmd(pl=-0.0005 vl=2243643.0417 ent=2.3511) rad(pl=-0.0012 vl=6522336.3333 ent=338.0106)
      [PPO] leag-t0 ep8 step293 cmd(pl=-0.0007 vl=2335214.2500 ent=2.3503) rad(pl=-0.0003 vl=6479668.8333 ent=338.0450)
      [PPO] leag-t0 ep8 step335 cmd(pl=0.0000 vl=2352027.6458 ent=2.3544) rad(pl=-0.0021 vl=6478100.4167 ent=338.0900)
      [PPO] leag-t0 ep8 step377 cmd(pl=-0.0001 vl=2229504.5625 ent=2.3543) rad(pl=-0.0030 vl=6427152.6667 ent=338.1382)
      [PPO] leag-t0 ep8 step419 cmd(pl=0.0001 vl=2360829.8333 ent=2.3602) rad(pl=0.0017 vl=6482284.0833 ent=338.1862)
      [PPO] leag-t0 ep8 step461 cmd(pl=-0.0005 vl=2357022.8333 ent=2.3614) rad(pl=-0.0014 vl=6376639.0833 ent=338.2547)
    ep 9/10  steps=500 timeout  wr=0.00  avg_r=21305.1757
      [PPO] leag-t0 ep9 step4 cmd(pl=-0.0005 vl=2482167.2500 ent=2.3608) rad(pl=-0.0000 vl=6275018.0833 ent=338.3054)
      [PPO] leag-t0 ep9 step46 cmd(pl=-0.0004 vl=2395324.5833 ent=2.3493) rad(pl=-0.0015 vl=4072437.8750 ent=338.3636)
      [PPO] leag-t0 ep9 step88 cmd(pl=-0.0012 vl=2402356.7917 ent=2.3484) rad(pl=-0.0049 vl=4049557.7500 ent=338.3925)
      [PPO] leag-t0 ep9 step130 cmd(pl=-0.0004 vl=2380011.6250 ent=2.3482) rad(pl=0.0022 vl=4078363.5417 ent=338.3948)
      [PPO] leag-t0 ep9 step172 cmd(pl=-0.0018 vl=2422587.5833 ent=2.3510) rad(pl=-0.0013 vl=4091278.1667 ent=338.4191)
      [PPO] leag-t0 ep9 step214 cmd(pl=-0.0011 vl=2415944.3333 ent=2.3561) rad(pl=0.0009 vl=4080826.9583 ent=338.4472)
      [PPO] leag-t0 ep9 step256 cmd(pl=-0.0004 vl=2420689.5000 ent=2.3597) rad(pl=-0.0059 vl=4074145.9583 ent=338.4857)
      [PPO] leag-t0 ep9 step298 cmd(pl=-0.0001 vl=2381232.1250 ent=2.3631) rad(pl=-0.0007 vl=4044880.7083 ent=338.5334)
      [PPO] leag-t0 ep9 step340 cmd(pl=-0.0006 vl=2420633.2917 ent=2.3674) rad(pl=-0.0004 vl=4027415.4583 ent=338.5708)
      [PPO] leag-t0 ep9 step382 cmd(pl=-0.0013 vl=2374476.5833 ent=2.3725) rad(pl=-0.0010 vl=4003485.6250 ent=338.6128)
      [PPO] leag-t0 ep9 step424 cmd(pl=-0.0007 vl=2398718.0833 ent=2.3771) rad(pl=0.0003 vl=3947560.7917 ent=338.6574)
      [PPO] leag-t0 ep9 step466 cmd(pl=0.0003 vl=2359985.8333 ent=2.3706) rad(pl=-0.0009 vl=3914800.7500 ent=338.6904)
    ep 10/10  steps=500 timeout  wr=0.00  avg_r=21281.8360
    ── ep 10/10  wr=0.00  avg_r=21281.8360
  Training main (team 1, p0003) against self...
      [PPO] main-t1 ep0 step5 cmd(pl=0.0061 vl=557305.0833 ent=2.3731) rad(pl=0.3370 vl=3964162.5417 ent=330.1352)
      [PPO] main-t1 ep0 step47 cmd(pl=-0.0001 vl=1251297.3333 ent=2.3745) rad(pl=-0.0065 vl=5180032.5833 ent=330.1722)
      [PPO] main-t1 ep0 step89 cmd(pl=-0.0001 vl=1165511.9375 ent=2.3750) rad(pl=0.0054 vl=5027708.6667 ent=330.2118)
      [PPO] main-t1 ep0 step131 cmd(pl=0.0002 vl=1214183.2708 ent=2.3748) rad(pl=-0.0019 vl=5074384.1667 ent=330.2507)
      [PPO] main-t1 ep0 step173 cmd(pl=-0.0001 vl=1195286.5833 ent=2.3756) rad(pl=-0.0000 vl=5009765.9167 ent=330.2844)
      [PPO] main-t1 ep0 step215 cmd(pl=-0.0001 vl=1197540.9792 ent=2.3756) rad(pl=-0.0002 vl=5017046.5000 ent=330.3183)
      [PPO] main-t1 ep0 step257 cmd(pl=-0.0002 vl=1153297.4792 ent=2.3758) rad(pl=-0.0009 vl=4983667.6667 ent=330.3539)
      [PPO] main-t1 ep0 step299 cmd(pl=-0.0001 vl=1264437.0417 ent=2.3765) rad(pl=-0.0050 vl=5004703.6667 ent=330.3880)
      [PPO] main-t1 ep0 step341 cmd(pl=-0.0001 vl=1251204.7500 ent=2.3765) rad(pl=-0.0007 vl=4940437.9167 ent=330.4146)
      [PPO] main-t1 ep0 step383 cmd(pl=-0.0001 vl=1212737.5208 ent=2.3769) rad(pl=0.0014 vl=4960294.6667 ent=330.4380)
      [PPO] main-t1 ep0 step425 cmd(pl=-0.0001 vl=1353860.8125 ent=2.3774) rad(pl=0.0048 vl=4939549.8333 ent=330.4644)
      [PPO] main-t1 ep0 step467 cmd(pl=-0.0001 vl=1247367.6667 ent=2.3770) rad(pl=0.0006 vl=4878798.5833 ent=330.4920)
    ep 1/10  steps=500 timeout  wr=0.00  avg_r=19288.1996
      [PPO] main-t1 ep1 step10 cmd(pl=-0.0000 vl=1195675.1458 ent=2.3770) rad(pl=-0.0006 vl=4855681.5833 ent=330.5184)
      [PPO] main-t1 ep1 step52 cmd(pl=-0.0001 vl=1362739.3125 ent=2.3793) rad(pl=0.0003 vl=4957479.5833 ent=330.5462)
      [PPO] main-t1 ep1 step94 cmd(pl=-0.0001 vl=1290156.1250 ent=2.3790) rad(pl=-0.0005 vl=4884243.6667 ent=330.5796)
      [PPO] main-t1 ep1 step136 cmd(pl=-0.0001 vl=1392876.4792 ent=2.3803) rad(pl=0.0004 vl=4883380.2500 ent=330.6135)
      [PPO] main-t1 ep1 step178 cmd(pl=-0.0000 vl=1284189.8333 ent=2.3799) rad(pl=-0.0014 vl=4866901.7500 ent=330.6495)
      [PPO] main-t1 ep1 step220 cmd(pl=-0.0002 vl=1405140.9792 ent=2.3801) rad(pl=-0.0018 vl=4848725.4167 ent=330.6740)
      [PPO] main-t1 ep1 step262 cmd(pl=-0.0001 vl=1425381.7500 ent=2.3808) rad(pl=-0.0035 vl=4822435.6667 ent=330.7029)
      [PPO] main-t1 ep1 step304 cmd(pl=-0.0001 vl=1429574.7292 ent=2.3814) rad(pl=0.0008 vl=4810537.5833 ent=330.7389)
      [PPO] main-t1 ep1 step346 cmd(pl=-0.0001 vl=1449481.0625 ent=2.3816) rad(pl=0.0003 vl=4789594.5833 ent=330.7646)
      [PPO] main-t1 ep1 step388 cmd(pl=-0.0001 vl=1501969.6667 ent=2.3819) rad(pl=-0.0023 vl=4774999.9167 ent=330.7930)
      [PPO] main-t1 ep1 step430 cmd(pl=-0.0002 vl=1565700.2083 ent=2.3817) rad(pl=-0.0010 vl=4802864.9167 ent=330.8182)
      [PPO] main-t1 ep1 step472 cmd(pl=-0.0001 vl=1565006.7500 ent=2.3817) rad(pl=0.0013 vl=4705173.4167 ent=330.8456)
    ep 2/10  steps=500 timeout  wr=0.00  avg_r=19251.4627
      [PPO] main-t1 ep2 step15 cmd(pl=-0.0002 vl=1535162.2500 ent=2.3796) rad(pl=-0.0006 vl=4322592.6250 ent=330.8778)
      [PPO] main-t1 ep2 step57 cmd(pl=-0.0002 vl=1584780.6042 ent=2.3772) rad(pl=-0.0017 vl=3479778.2083 ent=330.8978)
      [PPO] main-t1 ep2 step99 cmd(pl=-0.0002 vl=1646551.5000 ent=2.3767) rad(pl=0.0010 vl=3490301.2083 ent=330.9148)
      [PPO] main-t1 ep2 step141 cmd(pl=-0.0000 vl=1664678.2917 ent=2.3776) rad(pl=-0.0001 vl=3442920.9167 ent=330.9331)
      [PPO] main-t1 ep2 step183 cmd(pl=-0.0002 vl=1653810.5625 ent=2.3781) rad(pl=-0.0007 vl=3416273.9167 ent=330.9497)
      [PPO] main-t1 ep2 step225 cmd(pl=-0.0005 vl=1785897.9583 ent=2.3776) rad(pl=-0.0022 vl=3439815.9167 ent=330.9695)
      [PPO] main-t1 ep2 step267 cmd(pl=0.0003 vl=1708919.2708 ent=2.3768) rad(pl=-0.0008 vl=3383039.5833 ent=330.9861)
      [PPO] main-t1 ep2 step309 cmd(pl=-0.0000 vl=1896461.2917 ent=2.3777) rad(pl=-0.0006 vl=3447312.2083 ent=330.9999)
      [PPO] main-t1 ep2 step351 cmd(pl=-0.0003 vl=1814099.7708 ent=2.3784) rad(pl=0.0007 vl=3396834.1667 ent=331.0251)
      [PPO] main-t1 ep2 step393 cmd(pl=-0.0002 vl=1953869.4792 ent=2.3796) rad(pl=0.0012 vl=3405899.7083 ent=331.0534)
      [PPO] main-t1 ep2 step435 cmd(pl=-0.0004 vl=1825284.8333 ent=2.3802) rad(pl=0.0011 vl=3394205.3750 ent=331.0883)
      [PPO] main-t1 ep2 step477 cmd(pl=-0.0006 vl=1831690.3958 ent=2.3834) rad(pl=-0.0000 vl=3382316.3333 ent=331.1254)
    ep 3/10  steps=500 timeout  wr=0.00  avg_r=19353.4570
  Training main (team 1, p0003) against p0014...
      [PPO] main-t1 ep0 step20 cmd(pl=0.0967 vl=2432018.1667 ent=2.3904) rad(pl=0.2084 vl=3606994.5417 ent=331.1767)
      [PPO] main-t1 ep0 step62 cmd(pl=0.1822 vl=2378905.1667 ent=2.3944) rad(pl=0.3140 vl=4080060.6667 ent=331.2870)
      [PPO] main-t1 ep0 step104 cmd(pl=0.1985 vl=2288057.2500 ent=2.3964) rad(pl=0.3609 vl=4072869.3750 ent=331.3709)
      [PPO] main-t1 ep0 step146 cmd(pl=0.1673 vl=2261156.8125 ent=2.3972) rad(pl=0.3426 vl=3991657.3750 ent=331.4574)
      [PPO] main-t1 ep0 step188 cmd(pl=0.2466 vl=1997473.4583 ent=2.3981) rad(pl=0.3433 vl=4019689.3750 ent=331.5308)
      [PPO] main-t1 ep0 step230 cmd(pl=0.2148 vl=1804099.1667 ent=2.3986) rad(pl=0.3535 vl=4039348.7083 ent=331.5878)
      [PPO] main-t1 ep0 step272 cmd(pl=0.1487 vl=1676458.2917 ent=2.3991) rad(pl=0.3403 vl=4016599.4167 ent=331.6358)
      [PPO] main-t1 ep0 step314 cmd(pl=0.1981 vl=1685199.1458 ent=2.4005) rad(pl=0.3240 vl=3915974.3750 ent=331.6688)
      [PPO] main-t1 ep0 step356 cmd(pl=0.1973 vl=1570903.8750 ent=2.3997) rad(pl=0.3509 vl=3951568.1250 ent=331.6962)
      [PPO] main-t1 ep0 step398 cmd(pl=0.2494 vl=1495941.3333 ent=2.3999) rad(pl=0.3315 vl=3941301.0000 ent=331.7271)
      [PPO] main-t1 ep0 step440 cmd(pl=0.2057 vl=1390217.0000 ent=2.4002) rad(pl=0.3339 vl=3913172.0833 ent=331.7424)
      [PPO] main-t1 ep0 step482 cmd(pl=0.2399 vl=1292956.6458 ent=2.4002) rad(pl=0.3104 vl=3925860.2500 ent=331.7467)
    ep 1/10  steps=500 timeout  wr=0.00  avg_r=19410.3463
      [PPO] main-t1 ep1 step25 cmd(pl=0.1883 vl=1158375.2917 ent=2.4000) rad(pl=0.2801 vl=3838148.1667 ent=331.7526)
      [PPO] main-t1 ep1 step67 cmd(pl=0.2154 vl=1123294.8229 ent=2.4011) rad(pl=0.3378 vl=3795600.3750 ent=331.7742)
      [PPO] main-t1 ep1 step109 cmd(pl=0.1673 vl=1136380.2917 ent=2.4015) rad(pl=0.3977 vl=3850075.8333 ent=331.7961)
      [PPO] main-t1 ep1 step151 cmd(pl=0.1747 vl=1038962.7396 ent=2.4020) rad(pl=0.3704 vl=3816895.3333 ent=331.8418)
      [PPO] main-t1 ep1 step193 cmd(pl=0.1741 vl=1097954.8854 ent=2.4035) rad(pl=0.3322 vl=3810059.0417 ent=331.8886)
      [PPO] main-t1 ep1 step235 cmd(pl=0.2344 vl=997886.3229 ent=2.4035) rad(pl=0.3431 vl=3776275.6250 ent=331.9220)
      [PPO] main-t1 ep1 step277 cmd(pl=0.1585 vl=991553.1354 ent=2.4050) rad(pl=0.3471 vl=3750667.3333 ent=331.9549)
      [PPO] main-t1 ep1 step319 cmd(pl=0.1405 vl=997247.2500 ent=2.4067) rad(pl=0.3399 vl=3732881.2083 ent=331.9887)
      [PPO] main-t1 ep1 step361 cmd(pl=0.0982 vl=1029734.1146 ent=2.4093) rad(pl=0.3393 vl=3764621.4167 ent=332.0233)
      [PPO] main-t1 ep1 step403 cmd(pl=0.0916 vl=1045700.8229 ent=2.4088) rad(pl=0.3384 vl=3764668.2917 ent=332.0495)
      [PPO] main-t1 ep1 step445 cmd(pl=0.0624 vl=947493.4688 ent=2.4119) rad(pl=0.3511 vl=3711280.8333 ent=332.0759)
      [PPO] main-t1 ep1 step487 cmd(pl=0.0119 vl=1008236.0833 ent=2.4204) rad(pl=0.3461 vl=3726795.8333 ent=332.1098)
    ep 2/10  steps=500 timeout  wr=0.00  avg_r=19306.0096
      [PPO] main-t1 ep2 step30 cmd(pl=0.0335 vl=1046966.7292 ent=2.4299) rad(pl=0.2706 vl=3113200.2917 ent=332.1370)
      [PPO] main-t1 ep2 step72 cmd(pl=0.0038 vl=954543.8958 ent=2.4368) rad(pl=0.3112 vl=2874621.1250 ent=332.1598)
      [PPO] main-t1 ep2 step114 cmd(pl=0.0318 vl=1014828.9792 ent=2.4377) rad(pl=0.3245 vl=2853537.0833 ent=332.1795)
      [PPO] main-t1 ep2 step156 cmd(pl=0.0189 vl=960680.5833 ent=2.4369) rad(pl=0.3246 vl=2844966.6667 ent=332.2047)
      [PPO] main-t1 ep2 step198 cmd(pl=0.0140 vl=911173.0000 ent=2.4357) rad(pl=0.3027 vl=2853685.0000 ent=332.2215)
      [PPO] main-t1 ep2 step240 cmd(pl=0.0022 vl=956008.3750 ent=2.4299) rad(pl=0.3232 vl=2846639.0000 ent=332.2326)
      [PPO] main-t1 ep2 step282 cmd(pl=0.0144 vl=906067.9479 ent=2.4288) rad(pl=0.3249 vl=2816901.0417 ent=332.2514)
      [PPO] main-t1 ep2 step324 cmd(pl=0.0147 vl=932895.2500 ent=2.4329) rad(pl=0.2982 vl=2820969.6250 ent=332.2776)
      [PPO] main-t1 ep2 step366 cmd(pl=0.0052 vl=945604.4062 ent=2.4381) rad(pl=0.3242 vl=2806501.7083 ent=332.3007)
      [PPO] main-t1 ep2 step408 cmd(pl=0.0069 vl=965962.0104 ent=2.4390) rad(pl=0.3095 vl=2798016.1250 ent=332.3325)
      [PPO] main-t1 ep2 step450 cmd(pl=0.0043 vl=888966.1979 ent=2.4388) rad(pl=0.3094 vl=2763314.2917 ent=332.3584)
      [PPO] main-t1 ep2 step492 cmd(pl=-0.0019 vl=939857.2396 ent=2.4417) rad(pl=0.2979 vl=2757974.3333 ent=332.3747)
    ep 3/10  steps=500 timeout  wr=0.00  avg_r=19308.2970
  Training main (team 1, p0003) against p0002...
      [PPO] main-t1 ep0 step35 cmd(pl=0.2696 vl=1531506.2083 ent=2.4465) rad(pl=7.8790 vl=3323366.9583 ent=332.3981)
      [PPO] main-t1 ep0 step77 cmd(pl=0.1799 vl=1608411.2917 ent=2.4478) rad(pl=1.8179 vl=3282001.3750 ent=331.3477)
      [PPO] main-t1 ep0 step119 cmd(pl=0.2232 vl=1548055.1667 ent=2.4488) rad(pl=0.3796 vl=3268345.3333 ent=329.1955)
      [PPO] main-t1 ep0 step161 cmd(pl=0.2435 vl=1596263.5625 ent=2.4468) rad(pl=0.3864 vl=3283140.7917 ent=327.6452)
      [PPO] main-t1 ep0 step203 cmd(pl=0.2663 vl=1530000.3542 ent=2.4463) rad(pl=0.3813 vl=3236281.0833 ent=326.8348)
      [PPO] main-t1 ep0 step245 cmd(pl=0.2042 vl=1467757.5000 ent=2.4445) rad(pl=0.3737 vl=3254403.6667 ent=326.5288)
      [PPO] main-t1 ep0 step287 cmd(pl=0.1697 vl=1426605.5625 ent=2.4424) rad(pl=0.3797 vl=3237235.8750 ent=326.5274)
      [PPO] main-t1 ep0 step329 cmd(pl=0.1553 vl=1327072.4375 ent=2.4407) rad(pl=0.3810 vl=3195117.1667 ent=326.6898)
      [PPO] main-t1 ep0 step371 cmd(pl=0.1677 vl=1429827.1042 ent=2.4408) rad(pl=0.3792 vl=3225612.7083 ent=326.9295)
      [PPO] main-t1 ep0 step413 cmd(pl=0.1459 vl=1387004.3750 ent=2.4376) rad(pl=0.3748 vl=3186247.8750 ent=327.1969)
      [PPO] main-t1 ep0 step455 cmd(pl=0.1068 vl=1361301.1875 ent=2.4334) rad(pl=0.3921 vl=3154570.1250 ent=327.4674)
      [PPO] main-t1 ep0 step497 cmd(pl=0.0649 vl=1342928.6667 ent=2.4269) rad(pl=0.3801 vl=3142432.8750 ent=327.7092)
    ep 1/10  steps=500 timeout  wr=0.00  avg_r=20452.8577
      [PPO] main-t1 ep1 step40 cmd(pl=0.0453 vl=1656921.4583 ent=2.4168) rad(pl=0.3623 vl=6055430.5833 ent=327.9623)
      [PPO] main-t1 ep1 step82 cmd(pl=0.0292 vl=1642505.7292 ent=2.4147) rad(pl=0.3582 vl=6232791.9167 ent=328.2340)
      [PPO] main-t1 ep1 step124 cmd(pl=0.0078 vl=1527030.0000 ent=2.4129) rad(pl=0.3617 vl=6196006.1667 ent=328.5292)
      [PPO] main-t1 ep1 step166 cmd(pl=0.0380 vl=1543838.0625 ent=2.4117) rad(pl=0.3622 vl=6207758.8333 ent=328.8287)
      [PPO] main-t1 ep1 step208 cmd(pl=0.0327 vl=1504223.8750 ent=2.4105) rad(pl=0.3610 vl=6169645.5833 ent=329.1237)
      [PPO] main-t1 ep1 step250 cmd(pl=0.0190 vl=1397125.5417 ent=2.4090) rad(pl=0.3831 vl=6139965.0833 ent=329.4129)
      [PPO] main-t1 ep1 step292 cmd(pl=0.0106 vl=1435016.0833 ent=2.4080) rad(pl=0.3592 vl=6109496.3333 ent=329.6907)
      [PPO] main-t1 ep1 step334 cmd(pl=0.0171 vl=1451778.1667 ent=2.4044) rad(pl=0.3610 vl=6091219.9167 ent=329.9487)
      [PPO] main-t1 ep1 step376 cmd(pl=0.0242 vl=1416857.2708 ent=2.4006) rad(pl=0.3582 vl=6064886.4167 ent=330.1929)
      [PPO] main-t1 ep1 step418 cmd(pl=0.0104 vl=1453598.0417 ent=2.3975) rad(pl=0.3583 vl=6045306.0000 ent=330.4275)
      [PPO] main-t1 ep1 step460 cmd(pl=0.0331 vl=1460414.8542 ent=2.3948) rad(pl=0.3603 vl=6028552.5000 ent=330.6464)
    ep 2/10  steps=500 timeout  wr=0.00  avg_r=20490.0018
      [PPO] main-t1 ep2 step3 cmd(pl=0.0041 vl=1451357.3542 ent=2.3910) rad(pl=0.3459 vl=5893267.7500 ent=330.8452)
      [PPO] main-t1 ep2 step45 cmd(pl=-0.0041 vl=1451825.7708 ent=2.3947) rad(pl=0.3294 vl=4521797.6667 ent=331.0306)
      [PPO] main-t1 ep2 step87 cmd(pl=0.0005 vl=1374358.9375 ent=2.3936) rad(pl=0.3307 vl=4473717.9167 ent=331.2011)
      [PPO] main-t1 ep2 step129 cmd(pl=0.0052 vl=1460953.7500 ent=2.3913) rad(pl=0.3294 vl=4490645.0833 ent=331.3554)
      [PPO] main-t1 ep2 step171 cmd(pl=0.0129 vl=1446135.7708 ent=2.3906) rad(pl=0.3761 vl=4502062.5000 ent=331.4986)
      [PPO] main-t1 ep2 step213 cmd(pl=0.0148 vl=1497765.8750 ent=2.3909) rad(pl=0.3326 vl=4501778.5833 ent=331.6356)
      [PPO] main-t1 ep2 step255 cmd(pl=-0.0014 vl=1438829.7917 ent=2.3908) rad(pl=0.3312 vl=4463135.1667 ent=331.7620)
      [PPO] main-t1 ep2 step297 cmd(pl=0.0033 vl=1401264.9792 ent=2.3915) rad(pl=0.3304 vl=4422161.5000 ent=331.8783)
      [PPO] main-t1 ep2 step339 cmd(pl=-0.0010 vl=1428786.2500 ent=2.3921) rad(pl=0.3324 vl=4408725.3333 ent=331.9897)
      [PPO] main-t1 ep2 step381 cmd(pl=0.0036 vl=1438226.7917 ent=2.3919) rad(pl=0.4176 vl=4399946.2500 ent=332.0943)
      [PPO] main-t1 ep2 step423 cmd(pl=0.0066 vl=1437557.1250 ent=2.3929) rad(pl=0.3302 vl=4451018.9167 ent=332.1886)
      [PPO] main-t1 ep2 step465 cmd(pl=0.0154 vl=1403675.9583 ent=2.3946) rad(pl=0.3308 vl=4412448.3333 ent=332.2809)
    ep 3/10  steps=500 timeout  wr=0.00  avg_r=20473.7386
  Training main_exploiter (team 1, p0004) against p0029...
      [PPO] main-t1 ep0 step43 cmd(pl=0.2013 vl=1386423.5833 ent=2.4025) rad(pl=0.2515 vl=2684233.0000 ent=335.7111)
      [PPO] main-t1 ep0 step85 cmd(pl=0.2020 vl=1319709.2917 ent=2.4048) rad(pl=0.3226 vl=2659880.2500 ent=335.7599)
      [PPO] main-t1 ep0 step127 cmd(pl=0.1698 vl=1397655.7083 ent=2.4035) rad(pl=0.3211 vl=2676397.9583 ent=335.8082)
      [PPO] main-t1 ep0 step169 cmd(pl=0.2234 vl=1291748.3542 ent=2.4045) rad(pl=0.3189 vl=2652870.7917 ent=335.8557)
      [PPO] main-t1 ep0 step211 cmd(pl=0.1623 vl=1237293.7708 ent=2.4046) rad(pl=0.3202 vl=2650991.0833 ent=335.9017)
      [PPO] main-t1 ep0 step253 cmd(pl=0.1880 vl=1149308.9896 ent=2.4050) rad(pl=0.3207 vl=2639295.9583 ent=335.9484)
      [PPO] main-t1 ep0 step295 cmd(pl=0.1723 vl=1102330.0833 ent=2.4053) rad(pl=0.3205 vl=2632219.7917 ent=335.9957)
      [PPO] main-t1 ep0 step337 cmd(pl=0.2116 vl=1109240.0208 ent=2.4062) rad(pl=0.3205 vl=2617101.2083 ent=336.0434)
      [PPO] main-t1 ep0 step379 cmd(pl=0.1764 vl=1006837.4688 ent=2.4059) rad(pl=0.3224 vl=2592821.3333 ent=336.0912)
      [PPO] main-t1 ep0 step421 cmd(pl=0.1868 vl=995189.1562 ent=2.4058) rad(pl=0.3194 vl=2600528.7500 ent=336.1393)
      [PPO] main-t1 ep0 step463 cmd(pl=0.1313 vl=983951.3021 ent=2.4061) rad(pl=0.3206 vl=2599153.2917 ent=336.1875)
    ep 1/10  steps=500 timeout  wr=0.00  avg_r=19201.5397
      [PPO] main-t1 ep1 step6 cmd(pl=0.2064 vl=960535.6354 ent=2.4068) rad(pl=0.2661 vl=2512764.7917 ent=336.2365)
      [PPO] main-t1 ep1 step48 cmd(pl=0.1707 vl=957166.3229 ent=2.4048) rad(pl=0.3600 vl=2862932.2500 ent=336.2873)
      [PPO] main-t1 ep1 step90 cmd(pl=0.2681 vl=939582.3750 ent=2.4067) rad(pl=0.3608 vl=2829890.4583 ent=336.3408)
      [PPO] main-t1 ep1 step132 cmd(pl=0.1180 vl=954382.1562 ent=2.4107) rad(pl=0.3603 vl=2818331.9167 ent=336.3965)
      [PPO] main-t1 ep1 step174 cmd(pl=0.1053 vl=941151.0729 ent=2.4135) rad(pl=0.3616 vl=2800482.0000 ent=336.4536)
      [PPO] main-t1 ep1 step216 cmd(pl=0.0402 vl=938173.6771 ent=2.4153) rad(pl=0.3601 vl=2824585.0833 ent=336.5114)
      [PPO] main-t1 ep1 step258 cmd(pl=0.0066 vl=949806.8229 ent=2.4185) rad(pl=0.3613 vl=2793548.7500 ent=336.5699)
      [PPO] main-t1 ep1 step300 cmd(pl=0.0101 vl=989266.5833 ent=2.4225) rad(pl=0.3593 vl=2799225.7083 ent=336.6291)
      [PPO] main-t1 ep1 step342 cmd(pl=0.0251 vl=951309.2708 ent=2.4226) rad(pl=0.3624 vl=2776689.8333 ent=336.6886)
      [PPO] main-t1 ep1 step384 cmd(pl=0.0125 vl=923850.7292 ent=2.4232) rad(pl=0.3610 vl=2767878.5000 ent=336.7486)
      [PPO] main-t1 ep1 step426 cmd(pl=0.0137 vl=917942.2500 ent=2.4264) rad(pl=0.3608 vl=2763316.4583 ent=336.8092)
      [PPO] main-t1 ep1 step468 cmd(pl=0.0104 vl=942823.8958 ent=2.4328) rad(pl=0.3600 vl=2761231.2500 ent=336.8700)
    ep 2/10  steps=500 timeout  wr=0.00  avg_r=19200.3514
      [PPO] main-t1 ep2 step11 cmd(pl=-0.0020 vl=969271.1146 ent=2.4364) rad(pl=0.2921 vl=2500478.9583 ent=336.9311)
      [PPO] main-t1 ep2 step53 cmd(pl=0.0104 vl=920839.1562 ent=2.4411) rad(pl=0.3598 vl=1615154.4792 ent=336.9919)
      [PPO] main-t1 ep2 step95 cmd(pl=0.0089 vl=885268.1667 ent=2.4428) rad(pl=0.3613 vl=1602883.0417 ent=337.0517)
      [PPO] main-t1 ep2 step137 cmd(pl=0.0002 vl=918755.5521 ent=2.4457) rad(pl=0.3602 vl=1593972.2917 ent=337.1110)
      [PPO] main-t1 ep2 step179 cmd(pl=0.0050 vl=950167.8646 ent=2.4474) rad(pl=0.3602 vl=1605661.2292 ent=337.1703)
      [PPO] main-t1 ep2 step221 cmd(pl=0.0012 vl=905937.2292 ent=2.4474) rad(pl=0.3596 vl=1586577.6667 ent=337.2295)
      [PPO] main-t1 ep2 step263 cmd(pl=0.0094 vl=927230.1562 ent=2.4480) rad(pl=0.3597 vl=1585891.8750 ent=337.2889)
      [PPO] main-t1 ep2 step305 cmd(pl=0.0041 vl=957918.0521 ent=2.4467) rad(pl=0.3604 vl=1574708.7917 ent=337.3485)
      [PPO] main-t1 ep2 step347 cmd(pl=-0.0042 vl=998947.9896 ent=2.4411) rad(pl=0.3614 vl=1574823.4375 ent=337.4081)
      [PPO] main-t1 ep2 step389 cmd(pl=0.0004 vl=909441.5104 ent=2.4370) rad(pl=0.3601 vl=1536270.2917 ent=337.4682)
      [PPO] main-t1 ep2 step431 cmd(pl=-0.0034 vl=941401.9688 ent=2.4375) rad(pl=0.3603 vl=1568186.5000 ent=337.5289)
      [PPO] main-t1 ep2 step473 cmd(pl=0.0057 vl=933555.8542 ent=2.4397) rad(pl=0.3613 vl=1551368.3750 ent=337.5898)
    ep 3/10  steps=500 timeout  wr=0.00  avg_r=19184.9802
      [PPO] main-t1 ep3 step16 cmd(pl=0.0004 vl=899403.4271 ent=2.4433) rad(pl=0.3010 vl=1608220.8542 ent=337.6514)
      [PPO] main-t1 ep3 step58 cmd(pl=0.0034 vl=911257.0417 ent=2.4475) rad(pl=0.3958 vl=1868906.9375 ent=337.7140)
      [PPO] main-t1 ep3 step100 cmd(pl=-0.0058 vl=993418.2396 ent=2.4496) rad(pl=0.3890 vl=1886445.2083 ent=337.7767)
      [PPO] main-t1 ep3 step142 cmd(pl=-0.0036 vl=976046.4062 ent=2.4504) rad(pl=0.3907 vl=1857580.9375 ent=337.8391)
      [PPO] main-t1 ep3 step184 cmd(pl=0.0078 vl=956663.1042 ent=2.4469) rad(pl=0.3933 vl=1871096.3542 ent=337.9018)
      [PPO] main-t1 ep3 step226 cmd(pl=0.0110 vl=905120.1354 ent=2.4453) rad(pl=0.3962 vl=1822026.9167 ent=337.9645)
      [PPO] main-t1 ep3 step268 cmd(pl=-0.0007 vl=943308.3854 ent=2.4440) rad(pl=0.3923 vl=1828331.9375 ent=338.0277)
      [PPO] main-t1 ep3 step310 cmd(pl=0.0060 vl=935452.7812 ent=2.4443) rad(pl=0.3937 vl=1816951.8542 ent=338.0913)
      [PPO] main-t1 ep3 step352 cmd(pl=0.0016 vl=990523.8750 ent=2.4450) rad(pl=0.3880 vl=1816017.5833 ent=338.1554)
      [PPO] main-t1 ep3 step394 cmd(pl=-0.0007 vl=926780.0938 ent=2.4453) rad(pl=0.3935 vl=1788902.7083 ent=338.2198)
      [PPO] main-t1 ep3 step436 cmd(pl=0.0044 vl=966351.0938 ent=2.4448) rad(pl=0.3905 vl=1802747.3333 ent=338.2847)
      [PPO] main-t1 ep3 step478 cmd(pl=0.0023 vl=920150.7396 ent=2.4454) rad(pl=0.3935 vl=1771853.7708 ent=338.3498)
    ep 4/10  steps=500 timeout  wr=0.00  avg_r=19218.9290
      [PPO] main-t1 ep4 step21 cmd(pl=0.0047 vl=941136.6562 ent=2.4472) rad(pl=0.2995 vl=2239983.9167 ent=338.4159)
      [PPO] main-t1 ep4 step63 cmd(pl=0.0091 vl=903581.4792 ent=2.4490) rad(pl=0.3562 vl=2838432.5417 ent=338.4851)
      [PPO] main-t1 ep4 step105 cmd(pl=-0.0016 vl=956454.9896 ent=2.4477) rad(pl=0.3550 vl=2857186.4583 ent=338.5568)
      [PPO] main-t1 ep4 step147 cmd(pl=-0.0000 vl=962320.2396 ent=2.4482) rad(pl=0.3547 vl=2850457.5000 ent=338.6301)
      [PPO] main-t1 ep4 step189 cmd(pl=-0.0003 vl=929607.8854 ent=2.4526) rad(pl=0.3554 vl=2855201.9583 ent=338.7043)
      [PPO] main-t1 ep4 step231 cmd(pl=-0.0008 vl=965228.9062 ent=2.4573) rad(pl=0.3554 vl=2843292.0000 ent=338.7791)
      [PPO] main-t1 ep4 step273 cmd(pl=-0.0064 vl=994228.6250 ent=2.4583) rad(pl=0.3538 vl=2830147.7500 ent=338.8544)
      [PPO] main-t1 ep4 step315 cmd(pl=0.0048 vl=954191.3750 ent=2.4584) rad(pl=0.3559 vl=2804280.5000 ent=338.9304)
      [PPO] main-t1 ep4 step357 cmd(pl=-0.0047 vl=972756.7917 ent=2.4559) rad(pl=0.3539 vl=2820828.2083 ent=339.0069)
      [PPO] main-t1 ep4 step399 cmd(pl=-0.0006 vl=921234.4792 ent=2.4550) rad(pl=0.3565 vl=2789353.4167 ent=339.0839)
      [PPO] main-t1 ep4 step441 cmd(pl=0.0036 vl=924139.4062 ent=2.4576) rad(pl=0.3561 vl=2778924.6250 ent=339.1614)
      [PPO] main-t1 ep4 step483 cmd(pl=0.0054 vl=939343.7083 ent=2.4647) rad(pl=0.3561 vl=2760221.8750 ent=339.2395)
    ep 5/10  steps=500 timeout  wr=0.00  avg_r=19166.7221
    ── ep 5/10  wr=0.00  avg_r=19166.7221
      [PPO] main-t1 ep5 step26 cmd(pl=0.0002 vl=960863.0833 ent=2.4718) rad(pl=0.2693 vl=2997807.7500 ent=339.3177)
      [PPO] main-t1 ep5 step68 cmd(pl=0.0035 vl=928570.7083 ent=2.4771) rad(pl=0.3831 vl=3187142.3333 ent=339.3943)
      [PPO] main-t1 ep5 step110 cmd(pl=0.0026 vl=889674.5104 ent=2.4819) rad(pl=0.3825 vl=3165610.7917 ent=339.4685)
      [PPO] main-t1 ep5 step152 cmd(pl=-0.0016 vl=961551.1667 ent=2.4845) rad(pl=0.3817 vl=3181432.2083 ent=339.5414)
      [PPO] main-t1 ep5 step194 cmd(pl=-0.0004 vl=1022867.3229 ent=2.4842) rad(pl=0.3798 vl=3167866.2083 ent=339.6136)
      [PPO] main-t1 ep5 step236 cmd(pl=-0.0022 vl=995174.8021 ent=2.4811) rad(pl=0.3791 vl=3153264.0000 ent=339.6856)
      [PPO] main-t1 ep5 step278 cmd(pl=0.0012 vl=947159.3021 ent=2.4792) rad(pl=0.3842 vl=3139895.4167 ent=339.7576)
      [PPO] main-t1 ep5 step320 cmd(pl=-0.0027 vl=971089.5312 ent=2.4786) rad(pl=0.3805 vl=3154667.9583 ent=339.8299)
      [PPO] main-t1 ep5 step362 cmd(pl=0.0087 vl=970189.7396 ent=2.4796) rad(pl=0.3807 vl=3100875.2917 ent=339.9024)
      [PPO] main-t1 ep5 step404 cmd(pl=-0.0013 vl=966057.9375 ent=2.4784) rad(pl=0.3811 vl=3099523.2500 ent=339.9753)
      [PPO] main-t1 ep5 step446 cmd(pl=0.0056 vl=940344.2188 ent=2.4788) rad(pl=0.3832 vl=3103399.5000 ent=340.0486)
      [PPO] main-t1 ep5 step488 cmd(pl=0.0006 vl=970129.1250 ent=2.4803) rad(pl=0.3820 vl=3092981.3750 ent=340.1221)
    ep 6/10  steps=500 timeout  wr=0.00  avg_r=19155.2193
      [PPO] main-t1 ep6 step31 cmd(pl=0.0005 vl=1011306.5833 ent=2.4798) rad(pl=0.3036 vl=2073588.1250 ent=340.1962)
      [PPO] main-t1 ep6 step73 cmd(pl=-0.0070 vl=1028451.3958 ent=2.4795) rad(pl=0.3897 vl=1650094.3125 ent=340.2717)
      [PPO] main-t1 ep6 step115 cmd(pl=-0.0067 vl=986075.2812 ent=2.4772) rad(pl=0.3909 vl=1631335.3333 ent=340.3489)
      [PPO] main-t1 ep6 step157 cmd(pl=0.0015 vl=964925.9792 ent=2.4739) rad(pl=0.3909 vl=1618410.3542 ent=340.4274)
      [PPO] main-t1 ep6 step199 cmd(pl=-0.0060 vl=946408.2500 ent=2.4747) rad(pl=0.3910 vl=1621744.3750 ent=340.5070)
      [PPO] main-t1 ep6 step241 cmd(pl=0.0047 vl=979418.4479 ent=2.4761) rad(pl=0.3907 vl=1631881.3750 ent=340.5872)
      [PPO] main-t1 ep6 step283 cmd(pl=0.0005 vl=922433.3958 ent=2.4789) rad(pl=0.3909 vl=1608044.8750 ent=340.6677)
      [PPO] main-t1 ep6 step325 cmd(pl=0.0003 vl=927948.1458 ent=2.4805) rad(pl=0.3906 vl=1584978.0208 ent=340.7490)
      [PPO] main-t1 ep6 step367 cmd(pl=-0.0019 vl=965934.3750 ent=2.4809) rad(pl=0.3913 vl=1593454.7500 ent=340.8310)
      [PPO] main-t1 ep6 step409 cmd(pl=-0.0046 vl=974241.9167 ent=2.4791) rad(pl=0.3903 vl=1581161.9167 ent=340.9137)
      [PPO] main-t1 ep6 step451 cmd(pl=-0.0045 vl=915804.6875 ent=2.4717) rad(pl=0.3905 vl=1582914.6667 ent=340.9967)
      [PPO] main-t1 ep6 step493 cmd(pl=-0.0072 vl=960572.0833 ent=2.4718) rad(pl=0.3917 vl=1591346.0000 ent=341.0800)
    ep 7/10  steps=500 timeout  wr=0.00  avg_r=19163.5543
      [PPO] main-t1 ep7 step36 cmd(pl=-0.0017 vl=946090.4062 ent=2.4781) rad(pl=0.3242 vl=1805228.6458 ent=341.1630)
      [PPO] main-t1 ep7 step78 cmd(pl=0.0029 vl=973545.7188 ent=2.4787) rad(pl=0.4119 vl=1861452.4583 ent=341.2442)
      [PPO] main-t1 ep7 step120 cmd(pl=0.0042 vl=927514.5521 ent=2.4789) rad(pl=0.4113 vl=1845477.5833 ent=341.3238)
      [PPO] main-t1 ep7 step162 cmd(pl=0.0000 vl=975205.5312 ent=2.4787) rad(pl=0.4124 vl=1839431.1250 ent=341.4027)
      [PPO] main-t1 ep7 step204 cmd(pl=0.0068 vl=1010994.0000 ent=2.4708) rad(pl=0.4138 vl=1852322.0000 ent=341.4813)
      [PPO] main-t1 ep7 step246 cmd(pl=0.0100 vl=910387.5104 ent=2.4671) rad(pl=0.4090 vl=1825771.2083 ent=341.5599)
      [PPO] main-t1 ep7 step288 cmd(pl=0.0024 vl=963670.9167 ent=2.4643) rad(pl=0.4108 vl=1821723.6667 ent=341.6388)
      [PPO] main-t1 ep7 step330 cmd(pl=0.0030 vl=926100.2917 ent=2.4648) rad(pl=0.4099 vl=1814750.6250 ent=341.7181)
      [PPO] main-t1 ep7 step372 cmd(pl=-0.0068 vl=966858.9792 ent=2.4695) rad(pl=0.4133 vl=1822896.7917 ent=341.7976)
      [PPO] main-t1 ep7 step414 cmd(pl=0.0083 vl=958511.7708 ent=2.4768) rad(pl=0.4129 vl=1808461.9792 ent=341.8774)
      [PPO] main-t1 ep7 step456 cmd(pl=0.0102 vl=917188.2083 ent=2.4845) rad(pl=0.4098 vl=1800524.7083 ent=341.9576)
      [PPO] main-t1 ep7 step498 cmd(pl=-0.0013 vl=938480.3750 ent=2.4869) rad(pl=0.4122 vl=1781424.2292 ent=342.0382)
    ep 8/10  steps=500 timeout  wr=0.00  avg_r=19198.7977
      [PPO] main-t1 ep8 step41 cmd(pl=0.0049 vl=958984.6875 ent=2.4809) rad(pl=0.2894 vl=3259873.8750 ent=342.1180)
      [PPO] main-t1 ep8 step83 cmd(pl=0.0222 vl=904815.6979 ent=2.4793) rad(pl=0.3269 vl=3341166.7917 ent=342.1928)
      [PPO] main-t1 ep8 step125 cmd(pl=-0.0062 vl=957429.2292 ent=2.4815) rad(pl=0.3274 vl=3300719.0833 ent=342.2637)
      [PPO] main-t1 ep8 step167 cmd(pl=0.0032 vl=896056.0625 ent=2.4878) rad(pl=0.3269 vl=3290903.3750 ent=342.3328)
      [PPO] main-t1 ep8 step209 cmd(pl=0.0094 vl=1021304.7604 ent=2.4921) rad(pl=0.3287 vl=3294820.0417 ent=342.4010)
      [PPO] main-t1 ep8 step251 cmd(pl=0.0110 vl=1019769.0000 ent=2.4904) rad(pl=0.3295 vl=3321918.9167 ent=342.4688)
      [PPO] main-t1 ep8 step293 cmd(pl=0.0082 vl=944493.6875 ent=2.4875) rad(pl=0.3260 vl=3237859.4167 ent=342.5365)
      [PPO] main-t1 ep8 step335 cmd(pl=0.0009 vl=1024580.9792 ent=2.4851) rad(pl=0.3283 vl=3284176.7500 ent=342.6045)
      [PPO] main-t1 ep8 step377 cmd(pl=0.0044 vl=935353.6354 ent=2.4851) rad(pl=0.3267 vl=3275371.4167 ent=342.6725)
      [PPO] main-t1 ep8 step419 cmd(pl=-0.0030 vl=967134.6771 ent=2.4835) rad(pl=0.3290 vl=3250485.2917 ent=342.7406)
      [PPO] main-t1 ep8 step461 cmd(pl=-0.0007 vl=938268.4271 ent=2.4831) rad(pl=0.3263 vl=3205461.4583 ent=342.8091)
    ep 9/10  steps=500 timeout  wr=0.00  avg_r=19223.2940
      [PPO] main-t1 ep9 step4 cmd(pl=0.0005 vl=970787.7083 ent=2.4798) rad(pl=0.2847 vl=2881999.9583 ent=342.8785)
      [PPO] main-t1 ep9 step46 cmd(pl=0.0159 vl=935208.5938 ent=2.4832) rad(pl=0.4001 vl=1366396.9167 ent=342.9510)
      [PPO] main-t1 ep9 step88 cmd(pl=0.0054 vl=959435.1042 ent=2.4828) rad(pl=0.3970 vl=1345000.4792 ent=343.0291)
      [PPO] main-t1 ep9 step130 cmd(pl=-0.0002 vl=951312.6771 ent=2.4825) rad(pl=0.3994 vl=1367248.1042 ent=343.1115)
      [PPO] main-t1 ep9 step172 cmd(pl=0.0026 vl=889779.0729 ent=2.4834) rad(pl=0.4034 vl=1340511.9375 ent=343.1960)
      [PPO] main-t1 ep9 step214 cmd(pl=-0.0015 vl=910381.4896 ent=2.4855) rad(pl=0.4008 vl=1332300.2917 ent=343.2820)
      [PPO] main-t1 ep9 step256 cmd(pl=-0.0040 vl=906666.7396 ent=2.4880) rad(pl=0.4024 vl=1340674.9583 ent=343.3690)
      [PPO] main-t1 ep9 step298 cmd(pl=-0.0004 vl=971722.8542 ent=2.4881) rad(pl=0.3967 vl=1336124.5000 ent=343.4566)
      [PPO] main-t1 ep9 step340 cmd(pl=-0.0018 vl=972193.1458 ent=2.4883) rad(pl=0.3977 vl=1341080.5625 ent=343.5445)
      [PPO] main-t1 ep9 step382 cmd(pl=0.0053 vl=926836.8854 ent=2.4887) rad(pl=0.4003 vl=1299863.7500 ent=343.6328)
      [PPO] main-t1 ep9 step424 cmd(pl=-0.0002 vl=922386.0104 ent=2.4888) rad(pl=0.4006 vl=1291250.1458 ent=343.7222)
      [PPO] main-t1 ep9 step466 cmd(pl=0.0004 vl=899494.9271 ent=2.4895) rad(pl=0.4023 vl=1288922.8750 ent=343.8124)
    ep 10/10  steps=500 timeout  wr=0.00  avg_r=19221.3190
    ── ep 10/10  wr=0.00  avg_r=19221.3190
  Training league_exploiter (team 1, p0005) against p0000...
      [PPO] leag-t1 ep0 step43 cmd(pl=0.1939 vl=1071086.4583 ent=2.3987) rad(pl=0.3065 vl=4419005.3333 ent=331.7106)
      [PPO] leag-t1 ep0 step85 cmd(pl=0.4319 vl=1126416.6458 ent=2.3972) rad(pl=0.2903 vl=4450459.0000 ent=331.7622)
      [PPO] leag-t1 ep0 step127 cmd(pl=0.1497 vl=1142671.1250 ent=2.3967) rad(pl=0.2772 vl=4459404.5000 ent=331.8063)
      [PPO] leag-t1 ep0 step169 cmd(pl=0.2866 vl=1134432.8958 ent=2.3967) rad(pl=0.3499 vl=4456058.6667 ent=331.8342)
      [PPO] leag-t1 ep0 step211 cmd(pl=0.1777 vl=1036875.7812 ent=2.3979) rad(pl=0.3083 vl=4374253.5833 ent=331.8793)
      [PPO] leag-t1 ep0 step253 cmd(pl=0.2737 vl=1054255.5938 ent=2.3983) rad(pl=0.2763 vl=4412682.3333 ent=331.9170)
      [PPO] leag-t1 ep0 step295 cmd(pl=0.1643 vl=956285.8333 ent=2.3991) rad(pl=0.4176 vl=4373510.5000 ent=331.9577)
      [PPO] leag-t1 ep0 step337 cmd(pl=0.3128 vl=1000316.3021 ent=2.4007) rad(pl=0.3257 vl=4347659.6667 ent=332.0370)
      [PPO] leag-t1 ep0 step379 cmd(pl=0.1785 vl=948185.2604 ent=2.4013) rad(pl=0.3101 vl=4357999.8333 ent=332.1064)
      [PPO] leag-t1 ep0 step421 cmd(pl=0.2033 vl=870569.7812 ent=2.4037) rad(pl=0.2902 vl=4269168.5833 ent=332.1584)
      [PPO] leag-t1 ep0 step463 cmd(pl=0.2173 vl=897181.1979 ent=2.4102) rad(pl=0.3355 vl=4307211.4167 ent=332.2005)
    ep 1/10  steps=500 timeout  wr=0.00  avg_r=19493.3412
      [PPO] leag-t1 ep1 step6 cmd(pl=0.1334 vl=832688.0521 ent=2.4165) rad(pl=0.2979 vl=4220981.4167 ent=332.2445)
      [PPO] leag-t1 ep1 step48 cmd(pl=0.0982 vl=991649.3438 ent=2.4212) rad(pl=0.3194 vl=5055642.4167 ent=332.2867)
      [PPO] leag-t1 ep1 step90 cmd(pl=0.0956 vl=1001646.0729 ent=2.4260) rad(pl=0.3202 vl=5068450.7500 ent=332.3153)
      [PPO] leag-t1 ep1 step132 cmd(pl=0.0319 vl=963233.8750 ent=2.4284) rad(pl=0.3293 vl=5048339.3333 ent=332.3375)
      [PPO] leag-t1 ep1 step174 cmd(pl=0.0533 vl=985892.8646 ent=2.4310) rad(pl=0.3280 vl=5031804.0833 ent=332.3658)
      [PPO] leag-t1 ep1 step216 cmd(pl=0.0152 vl=986959.8125 ent=2.4326) rad(pl=0.5004 vl=5021941.9167 ent=332.4216)
      [PPO] leag-t1 ep1 step258 cmd(pl=0.0153 vl=1007442.2188 ent=2.4343) rad(pl=0.3203 vl=5014163.5833 ent=332.5446)
      [PPO] leag-t1 ep1 step300 cmd(pl=0.0029 vl=1001005.2604 ent=2.4332) rad(pl=0.3599 vl=4992271.0833 ent=332.6336)
      [PPO] leag-t1 ep1 step342 cmd(pl=0.0030 vl=964920.2083 ent=2.4316) rad(pl=0.3507 vl=5036851.4167 ent=332.7048)
      [PPO] leag-t1 ep1 step384 cmd(pl=0.0069 vl=961414.3438 ent=2.4321) rad(pl=0.3461 vl=4959450.2500 ent=332.7568)
      [PPO] leag-t1 ep1 step426 cmd(pl=0.0034 vl=976879.9583 ent=2.4329) rad(pl=0.3567 vl=4972490.0833 ent=332.8013)
      [PPO] leag-t1 ep1 step468 cmd(pl=0.0054 vl=941270.6042 ent=2.4350) rad(pl=0.3373 vl=4924623.0833 ent=332.8504)
    ep 2/10  steps=500 timeout  wr=0.00  avg_r=19369.3771
      [PPO] leag-t1 ep2 step11 cmd(pl=0.0065 vl=979750.7396 ent=2.4332) rad(pl=0.3092 vl=4763464.1667 ent=332.8887)
      [PPO] leag-t1 ep2 step53 cmd(pl=0.0041 vl=886158.7604 ent=2.4339) rad(pl=0.3665 vl=4393953.4167 ent=332.9314)
      [PPO] leag-t1 ep2 step95 cmd(pl=0.0048 vl=906559.2188 ent=2.4388) rad(pl=0.3811 vl=4384652.1667 ent=332.9679)
      [PPO] leag-t1 ep2 step137 cmd(pl=0.0112 vl=984371.8646 ent=2.4438) rad(pl=0.3782 vl=4342271.2500 ent=333.0017)
      [PPO] leag-t1 ep2 step179 cmd(pl=0.0011 vl=915919.6250 ent=2.4466) rad(pl=0.3590 vl=4296544.8333 ent=333.0276)
      [PPO] leag-t1 ep2 step221 cmd(pl=0.0024 vl=977041.7083 ent=2.4452) rad(pl=0.3487 vl=4351393.1667 ent=333.0419)
      [PPO] leag-t1 ep2 step263 cmd(pl=0.0080 vl=913626.2188 ent=2.4456) rad(pl=0.3721 vl=4298366.7500 ent=333.0496)
      [PPO] leag-t1 ep2 step305 cmd(pl=-0.0046 vl=974462.0104 ent=2.4495) rad(pl=0.3762 vl=4337126.0833 ent=333.0637)
      [PPO] leag-t1 ep2 step347 cmd(pl=0.0140 vl=907542.6562 ent=2.4528) rad(pl=0.4125 vl=4241421.5000 ent=333.0954)
      [PPO] leag-t1 ep2 step389 cmd(pl=-0.0078 vl=914670.0521 ent=2.4529) rad(pl=0.3615 vl=4262427.5000 ent=333.1477)
      [PPO] leag-t1 ep2 step431 cmd(pl=0.0055 vl=911925.8229 ent=2.4536) rad(pl=0.3829 vl=4227448.2500 ent=333.1854)
      [PPO] leag-t1 ep2 step473 cmd(pl=-0.0068 vl=886101.3125 ent=2.4562) rad(pl=0.3814 vl=4192318.5833 ent=333.2183)
    ep 3/10  steps=500 timeout  wr=0.00  avg_r=19404.6361
      [PPO] leag-t1 ep3 step16 cmd(pl=0.0072 vl=877738.0625 ent=2.4567) rad(pl=0.3134 vl=4231908.8333 ent=333.2476)
      [PPO] leag-t1 ep3 step58 cmd(pl=0.0020 vl=901708.7500 ent=2.4570) rad(pl=0.3365 vl=4345963.5000 ent=333.2743)
      [PPO] leag-t1 ep3 step100 cmd(pl=0.0017 vl=953647.5104 ent=2.4586) rad(pl=0.3249 vl=4324257.8333 ent=333.2907)
      [PPO] leag-t1 ep3 step142 cmd(pl=-0.0053 vl=928662.2396 ent=2.4572) rad(pl=0.3424 vl=4301931.4583 ent=333.2938)
      [PPO] leag-t1 ep3 step184 cmd(pl=-0.0036 vl=995964.2188 ent=2.4522) rad(pl=0.3374 vl=4309278.1667 ent=333.2938)
      [PPO] leag-t1 ep3 step226 cmd(pl=0.0014 vl=928247.1458 ent=2.4487) rad(pl=0.3321 vl=4261599.6667 ent=333.2936)
      [PPO] leag-t1 ep3 step268 cmd(pl=0.0018 vl=909404.3750 ent=2.4472) rad(pl=0.3243 vl=4256850.2500 ent=333.2977)
      [PPO] leag-t1 ep3 step310 cmd(pl=-0.0024 vl=922748.8646 ent=2.4537) rad(pl=0.3430 vl=4224115.2917 ent=333.2984)
      [PPO] leag-t1 ep3 step352 cmd(pl=0.0005 vl=923434.9688 ent=2.4589) rad(pl=0.3587 vl=4266118.0833 ent=333.3043)
      [PPO] leag-t1 ep3 step394 cmd(pl=-0.0013 vl=935689.8646 ent=2.4614) rad(pl=0.3471 vl=4232560.5000 ent=333.3266)
      [PPO] leag-t1 ep3 step436 cmd(pl=-0.0004 vl=927967.7500 ent=2.4626) rad(pl=0.3289 vl=4198461.1250 ent=333.3467)
      [PPO] leag-t1 ep3 step478 cmd(pl=0.0068 vl=947466.6042 ent=2.4631) rad(pl=0.3880 vl=4202672.1667 ent=333.3585)
    ep 4/10  steps=500 timeout  wr=0.00  avg_r=19350.8487
      [PPO] leag-t1 ep4 step21 cmd(pl=-0.0005 vl=918432.0625 ent=2.4659) rad(pl=0.3153 vl=4241572.8750 ent=333.3932)
      [PPO] leag-t1 ep4 step63 cmd(pl=-0.0002 vl=948563.0625 ent=2.4699) rad(pl=0.3749 vl=4537647.5833 ent=333.4234)
      [PPO] leag-t1 ep4 step105 cmd(pl=-0.0005 vl=977091.4583 ent=2.4718) rad(pl=0.4291 vl=4570148.0833 ent=333.4626)
      [PPO] leag-t1 ep4 step147 cmd(pl=0.0041 vl=946445.9479 ent=2.4695) rad(pl=0.3607 vl=4571729.9167 ent=333.5305)
      [PPO] leag-t1 ep4 step189 cmd(pl=-0.0013 vl=969010.8229 ent=2.4668) rad(pl=0.3961 vl=4554975.3333 ent=333.5848)
      [PPO] leag-t1 ep4 step231 cmd(pl=0.0008 vl=935631.7604 ent=2.4630) rad(pl=0.3728 vl=4481609.1667 ent=333.6418)
      [PPO] leag-t1 ep4 step273 cmd(pl=-0.0093 vl=944892.9375 ent=2.4621) rad(pl=0.3764 vl=4528497.1667 ent=333.6899)
      [PPO] leag-t1 ep4 step315 cmd(pl=0.0010 vl=944468.2500 ent=2.4648) rad(pl=0.3790 vl=4445411.5000 ent=333.7347)
      [PPO] leag-t1 ep4 step357 cmd(pl=0.0027 vl=956960.1875 ent=2.4638) rad(pl=0.3555 vl=4414760.2500 ent=333.7718)
      [PPO] leag-t1 ep4 step399 cmd(pl=0.0055 vl=893029.5417 ent=2.4637) rad(pl=0.3736 vl=4401730.5833 ent=333.7949)
      [PPO] leag-t1 ep4 step441 cmd(pl=0.0049 vl=949932.5000 ent=2.4629) rad(pl=0.3701 vl=4416978.4167 ent=333.8152)
      [PPO] leag-t1 ep4 step483 cmd(pl=-0.0033 vl=905855.3646 ent=2.4641) rad(pl=0.3770 vl=4360802.2500 ent=333.8388)
    ep 5/10  steps=500 timeout  wr=0.00  avg_r=19345.6631
    ── ep 5/10  wr=0.00  avg_r=19345.6631
      [PPO] leag-t1 ep5 step26 cmd(pl=0.0014 vl=992338.5417 ent=2.4684) rad(pl=0.2905 vl=4070049.9167 ent=333.8678)
      [PPO] leag-t1 ep5 step68 cmd(pl=-0.0039 vl=964981.1771 ent=2.4690) rad(pl=0.3457 vl=3904949.6250 ent=333.8973)
      [PPO] leag-t1 ep5 step110 cmd(pl=0.0065 vl=921518.6979 ent=2.4638) rad(pl=0.3596 vl=3885166.0417 ent=333.9225)
      [PPO] leag-t1 ep5 step152 cmd(pl=-0.0063 vl=933603.6146 ent=2.4603) rad(pl=0.3549 vl=3852247.5000 ent=333.9497)
      [PPO] leag-t1 ep5 step194 cmd(pl=0.0001 vl=881983.7500 ent=2.4608) rad(pl=0.3527 vl=3849841.8750 ent=333.9800)
      [PPO] leag-t1 ep5 step236 cmd(pl=-0.0053 vl=910432.4583 ent=2.4653) rad(pl=0.3488 vl=3853835.0417 ent=334.0070)
      [PPO] leag-t1 ep5 step278 cmd(pl=-0.0004 vl=917828.1458 ent=2.4678) rad(pl=0.3581 vl=3780609.9167 ent=334.0304)
      [PPO] leag-t1 ep5 step320 cmd(pl=0.0008 vl=900031.4062 ent=2.4658) rad(pl=0.3499 vl=3800704.9167 ent=334.0553)
      [PPO] leag-t1 ep5 step362 cmd(pl=-0.0007 vl=984000.8750 ent=2.4667) rad(pl=0.3624 vl=3783671.7083 ent=334.0819)
      [PPO] leag-t1 ep5 step404 cmd(pl=0.0059 vl=890876.3125 ent=2.4678) rad(pl=0.3569 vl=3777076.4583 ent=334.1169)
      [PPO] leag-t1 ep5 step446 cmd(pl=0.0002 vl=926277.3646 ent=2.4692) rad(pl=0.3542 vl=3790210.9167 ent=334.1512)
      [PPO] leag-t1 ep5 step488 cmd(pl=-0.0001 vl=915500.0104 ent=2.4715) rad(pl=0.3724 vl=3749863.2500 ent=334.1933)
    ep 6/10  steps=500 timeout  wr=0.00  avg_r=19305.7430
      [PPO] leag-t1 ep6 step31 cmd(pl=-0.0015 vl=900831.6875 ent=2.4702) rad(pl=0.2696 vl=4660717.7500 ent=334.2494)
      [PPO] leag-t1 ep6 step73 cmd(pl=0.0049 vl=1023088.9062 ent=2.4708) rad(pl=0.3574 vl=5129753.1667 ent=334.2901)
      [PPO] leag-t1 ep6 step115 cmd(pl=0.0000 vl=974581.1875 ent=2.4728) rad(pl=0.3642 vl=5134654.6667 ent=334.3162)
      [PPO] leag-t1 ep6 step157 cmd(pl=0.0072 vl=1050142.8542 ent=2.4730) rad(pl=0.3712 vl=5169168.4167 ent=334.3452)
      [PPO] leag-t1 ep6 step199 cmd(pl=0.0015 vl=983888.9062 ent=2.4714) rad(pl=0.3677 vl=5106943.4167 ent=334.3878)
      [PPO] leag-t1 ep6 step241 cmd(pl=-0.0039 vl=936749.6771 ent=2.4698) rad(pl=0.3647 vl=5056224.0000 ent=334.4319)
      [PPO] leag-t1 ep6 step283 cmd(pl=-0.0000 vl=996416.4583 ent=2.4667) rad(pl=0.3621 vl=5096235.7500 ent=334.4655)
      [PPO] leag-t1 ep6 step325 cmd(pl=-0.0058 vl=980965.7396 ent=2.4631) rad(pl=0.3644 vl=5055135.2500 ent=334.4926)
      [PPO] leag-t1 ep6 step367 cmd(pl=-0.0007 vl=1010401.4583 ent=2.4628) rad(pl=0.3730 vl=5109019.8333 ent=334.5188)
      [PPO] leag-t1 ep6 step409 cmd(pl=0.0024 vl=930549.3021 ent=2.4647) rad(pl=0.3723 vl=5040643.0000 ent=334.5519)
      [PPO] leag-t1 ep6 step451 cmd(pl=0.0038 vl=933517.1458 ent=2.4651) rad(pl=0.3690 vl=5005626.8333 ent=334.5891)
      [PPO] leag-t1 ep6 step493 cmd(pl=0.0007 vl=1013289.4271 ent=2.4661) rad(pl=0.3643 vl=5016621.7500 ent=334.6253)
    ep 7/10  steps=500 timeout  wr=0.00  avg_r=19283.6563
      [PPO] leag-t1 ep7 step36 cmd(pl=0.0097 vl=944234.2083 ent=2.4638) rad(pl=0.2846 vl=3683071.2500 ent=334.6555)
      [PPO] leag-t1 ep7 step78 cmd(pl=0.0001 vl=950432.9062 ent=2.4628) rad(pl=0.3841 vl=3420293.8333 ent=334.6807)
      [PPO] leag-t1 ep7 step120 cmd(pl=-0.0014 vl=940543.9167 ent=2.4665) rad(pl=0.3944 vl=3397783.0417 ent=334.7045)
      [PPO] leag-t1 ep7 step162 cmd(pl=-0.0036 vl=919180.5521 ent=2.4677) rad(pl=0.3924 vl=3356030.7500 ent=334.7316)
      [PPO] leag-t1 ep7 step204 cmd(pl=-0.0009 vl=890911.3750 ent=2.4749) rad(pl=0.3957 vl=3387511.3333 ent=334.7598)
      [PPO] leag-t1 ep7 step246 cmd(pl=0.0012 vl=949512.9688 ent=2.4772) rad(pl=0.3878 vl=3370259.7083 ent=334.7885)
      [PPO] leag-t1 ep7 step288 cmd(pl=0.0020 vl=976242.1250 ent=2.4829) rad(pl=0.3844 vl=3373590.5000 ent=334.8162)
      [PPO] leag-t1 ep7 step330 cmd(pl=0.0048 vl=922896.6771 ent=2.4821) rad(pl=0.3984 vl=3338296.1667 ent=334.8441)
      [PPO] leag-t1 ep7 step372 cmd(pl=-0.0043 vl=943222.6146 ent=2.4791) rad(pl=0.3915 vl=3345376.2917 ent=334.8778)
      [PPO] leag-t1 ep7 step414 cmd(pl=-0.0055 vl=924169.9271 ent=2.4812) rad(pl=0.3883 vl=3304332.1250 ent=334.9092)
      [PPO] leag-t1 ep7 step456 cmd(pl=-0.0051 vl=903336.0312 ent=2.4806) rad(pl=0.3894 vl=3272712.5833 ent=334.9371)
      [PPO] leag-t1 ep7 step498 cmd(pl=0.0071 vl=920624.2083 ent=2.4844) rad(pl=0.3919 vl=3304684.2917 ent=334.9656)
    ep 8/10  steps=500 timeout  wr=0.00  avg_r=19262.5242
      [PPO] leag-t1 ep8 step41 cmd(pl=-0.0002 vl=956974.3125 ent=2.4854) rad(pl=0.3190 vl=4090964.0000 ent=334.9949)
      [PPO] leag-t1 ep8 step83 cmd(pl=-0.0008 vl=893772.5729 ent=2.4870) rad(pl=0.3884 vl=4086645.8750 ent=335.0285)
      [PPO] leag-t1 ep8 step125 cmd(pl=-0.0037 vl=949691.6354 ent=2.4910) rad(pl=0.3895 vl=4076130.1250 ent=335.0610)
      [PPO] leag-t1 ep8 step167 cmd(pl=0.0036 vl=940204.3125 ent=2.4946) rad(pl=0.3968 vl=4068996.5000 ent=335.0925)
      [PPO] leag-t1 ep8 step209 cmd(pl=0.0012 vl=1022878.2708 ent=2.4931) rad(pl=0.3863 vl=4109490.6250 ent=335.1279)
      [PPO] leag-t1 ep8 step251 cmd(pl=0.0035 vl=956850.7708 ent=2.4927) rad(pl=0.3948 vl=4041033.9583 ent=335.1617)
      [PPO] leag-t1 ep8 step293 cmd(pl=-0.0020 vl=929301.2604 ent=2.4901) rad(pl=0.3948 vl=4038522.1667 ent=335.1973)
      [PPO] leag-t1 ep8 step335 cmd(pl=0.0091 vl=891002.1667 ent=2.4945) rad(pl=0.3946 vl=3987776.2083 ent=335.2319)
      [PPO] leag-t1 ep8 step377 cmd(pl=0.0025 vl=963020.6875 ent=2.4977) rad(pl=0.3934 vl=4038354.0000 ent=335.2664)
      [PPO] leag-t1 ep8 step419 cmd(pl=0.0026 vl=928029.8229 ent=2.4977) rad(pl=0.3920 vl=4000471.8333 ent=335.3005)
      [PPO] leag-t1 ep8 step461 cmd(pl=0.0027 vl=954248.4167 ent=2.4935) rad(pl=0.3976 vl=3987277.7500 ent=335.3352)
    ep 9/10  steps=500 timeout  wr=0.00  avg_r=19262.6841
      [PPO] leag-t1 ep9 step4 cmd(pl=0.0056 vl=937302.5104 ent=2.4919) rad(pl=0.3259 vl=3906457.5417 ent=335.3745)
      [PPO] leag-t1 ep9 step46 cmd(pl=-0.0027 vl=973708.9375 ent=2.4930) rad(pl=0.3756 vl=3547618.7083 ent=335.4146)
      [PPO] leag-t1 ep9 step88 cmd(pl=0.0058 vl=896494.8646 ent=2.4930) rad(pl=0.3762 vl=3508723.1250 ent=335.4542)
      [PPO] leag-t1 ep9 step130 cmd(pl=0.0011 vl=945303.7917 ent=2.4941) rad(pl=0.3752 vl=3481144.2500 ent=335.4923)
      [PPO] leag-t1 ep9 step172 cmd(pl=0.0079 vl=966580.6875 ent=2.4933) rad(pl=0.3752 vl=3507411.0417 ent=335.5289)
      [PPO] leag-t1 ep9 step214 cmd(pl=0.0068 vl=921112.0625 ent=2.4946) rad(pl=0.3775 vl=3498365.5417 ent=335.5655)
      [PPO] leag-t1 ep9 step256 cmd(pl=0.0040 vl=928288.1875 ent=2.4953) rad(pl=0.3794 vl=3465609.9583 ent=335.6044)
      [PPO] leag-t1 ep9 step298 cmd(pl=-0.0009 vl=975581.3542 ent=2.4944) rad(pl=0.3746 vl=3427767.7500 ent=335.6476)
      [PPO] leag-t1 ep9 step340 cmd(pl=-0.0061 vl=944448.0938 ent=2.4934) rad(pl=0.3774 vl=3423634.4583 ent=335.6903)
      [PPO] leag-t1 ep9 step382 cmd(pl=0.0094 vl=967746.1354 ent=2.4925) rad(pl=0.3783 vl=3410243.2917 ent=335.7348)
      [PPO] leag-t1 ep9 step424 cmd(pl=0.0044 vl=886239.5104 ent=2.4922) rad(pl=0.3782 vl=3370121.3750 ent=335.7789)
      [PPO] leag-t1 ep9 step466 cmd(pl=-0.0091 vl=972044.5312 ent=2.4901) rad(pl=0.3748 vl=3362128.4583 ent=335.8216)
    ep 10/10  steps=500 timeout  wr=0.00  avg_r=19262.7417
    ── ep 10/10  wr=0.00  avg_r=19262.7417
  Training main (team 0, p0006) against p0005...
      [PPO] main-t0 ep0 step30 cmd(pl=-0.0033 vl=1836147.8542 ent=2.5297) rad(pl=-0.0021 vl=1415627.3125 ent=331.7179)
      [PPO] main-t0 ep0 step72 cmd(pl=0.0011 vl=1883084.2500 ent=2.5335) rad(pl=-0.0022 vl=1182864.6875 ent=331.7479)
      [PPO] main-t0 ep0 step114 cmd(pl=-0.0015 vl=1794840.6875 ent=2.5333) rad(pl=-0.0012 vl=1201986.6250 ent=331.7479)
      [PPO] main-t0 ep0 step156 cmd(pl=-0.0024 vl=1817304.7708 ent=2.5384) rad(pl=0.0039 vl=1205341.5417 ent=331.7626)
      [PPO] main-t0 ep0 step198 cmd(pl=-0.0009 vl=1828856.9583 ent=2.5386) rad(pl=-0.0008 vl=1211094.3958 ent=331.8199)
      [PPO] main-t0 ep0 step240 cmd(pl=-0.0015 vl=1843497.6250 ent=2.5354) rad(pl=0.0037 vl=1208688.0000 ent=331.8848)
      [PPO] main-t0 ep0 step282 cmd(pl=-0.0007 vl=1891213.4375 ent=2.5300) rad(pl=-0.0026 vl=1209624.0833 ent=331.9294)
      [PPO] main-t0 ep0 step324 cmd(pl=-0.0007 vl=1761460.6250 ent=2.5259) rad(pl=0.0009 vl=1205473.9167 ent=331.9426)
      [PPO] main-t0 ep0 step366 cmd(pl=-0.0019 vl=1826794.7292 ent=2.5242) rad(pl=-0.0052 vl=1206191.8333 ent=331.9812)
      [PPO] main-t0 ep0 step408 cmd(pl=-0.0006 vl=1861802.7708 ent=2.5261) rad(pl=0.0016 vl=1225328.3542 ent=332.0473)
      [PPO] main-t0 ep0 step450 cmd(pl=-0.0077 vl=1894395.5208 ent=2.5266) rad(pl=-0.0022 vl=1244341.0000 ent=332.0981)
      [PPO] main-t0 ep0 step492 cmd(pl=0.0018 vl=1947591.0000 ent=2.5231) rad(pl=0.0023 vl=1258121.5208 ent=332.1385)
    ep 1/10  steps=500 timeout  wr=0.00  avg_r=18988.2596
      [PPO] main-t0 ep1 step35 cmd(pl=-0.0010 vl=1926415.4583 ent=2.5162) rad(pl=0.0014 vl=2644489.7500 ent=332.1836)
      [PPO] main-t0 ep1 step77 cmd(pl=-0.0020 vl=1834788.9792 ent=2.5094) rad(pl=-0.0028 vl=2958046.5000 ent=332.2402)
      [PPO] main-t0 ep1 step119 cmd(pl=0.0005 vl=1913038.7917 ent=2.5087) rad(pl=0.0010 vl=3005865.7500 ent=332.2998)
      [PPO] main-t0 ep1 step161 cmd(pl=-0.0020 vl=1986450.5000 ent=2.5093) rad(pl=0.0035 vl=3052749.1250 ent=332.3538)
      [PPO] main-t0 ep1 step203 cmd(pl=0.0003 vl=1931283.0625 ent=2.5043) rad(pl=0.0021 vl=3101289.7917 ent=332.4072)
      [PPO] main-t0 ep1 step245 cmd(pl=-0.0018 vl=1964694.9167 ent=2.5014) rad(pl=0.0056 vl=3142471.9167 ent=332.4741)
      [PPO] main-t0 ep1 step287 cmd(pl=-0.0001 vl=1977067.8750 ent=2.5005) rad(pl=0.0018 vl=3149209.7083 ent=332.5336)
      [PPO] main-t0 ep1 step329 cmd(pl=-0.0015 vl=1917177.1458 ent=2.4972) rad(pl=-0.0006 vl=3104837.9167 ent=332.5901)
      [PPO] main-t0 ep1 step371 cmd(pl=-0.0006 vl=1925300.4167 ent=2.4894) rad(pl=-0.0026 vl=3073156.4167 ent=332.6281)
      [PPO] main-t0 ep1 step413 cmd(pl=-0.0002 vl=1967504.9583 ent=2.4884) rad(pl=0.0019 vl=3093291.4583 ent=332.6569)
      [PPO] main-t0 ep1 step455 cmd(pl=-0.0033 vl=1916948.1667 ent=2.4911) rad(pl=0.0006 vl=3099033.5417 ent=332.7059)
      [PPO] main-t0 ep1 step497 cmd(pl=-0.0021 vl=1997821.7917 ent=2.4889) rad(pl=-0.0009 vl=3074993.3750 ent=332.7547)
    ep 2/10  steps=500 timeout  wr=0.00  avg_r=19239.4618
  Training main (team 0, p0006) against self...
      [PPO] main-t0 ep0 step40 cmd(pl=-0.0016 vl=2006422.6250 ent=2.4819) rad(pl=-0.0017 vl=2405586.1667 ent=332.8018)
      [PPO] main-t0 ep0 step82 cmd(pl=0.0001 vl=2018110.5625 ent=2.4786) rad(pl=-0.0005 vl=2377526.2083 ent=332.8515)
      [PPO] main-t0 ep0 step124 cmd(pl=0.0018 vl=1985225.8542 ent=2.4770) rad(pl=0.0006 vl=2354996.8750 ent=332.8851)
      [PPO] main-t0 ep0 step166 cmd(pl=-0.0011 vl=1968050.0625 ent=2.4755) rad(pl=-0.0040 vl=2360840.2500 ent=332.9154)
      [PPO] main-t0 ep0 step208 cmd(pl=-0.0025 vl=2086492.7292 ent=2.4749) rad(pl=0.0047 vl=2397672.8333 ent=332.9285)
      [PPO] main-t0 ep0 step250 cmd(pl=-0.0003 vl=2044815.4792 ent=2.4745) rad(pl=0.0024 vl=2435452.1250 ent=332.9639)
      [PPO] main-t0 ep0 step292 cmd(pl=-0.0007 vl=2018535.0625 ent=2.4741) rad(pl=0.0025 vl=2450020.8750 ent=333.0184)
      [PPO] main-t0 ep0 step334 cmd(pl=-0.0019 vl=1977628.4167 ent=2.4730) rad(pl=-0.0006 vl=2424160.2083 ent=333.0716)
      [PPO] main-t0 ep0 step376 cmd(pl=0.0007 vl=2045777.4375 ent=2.4777) rad(pl=-0.0057 vl=2420471.3333 ent=333.1336)
      [PPO] main-t0 ep0 step418 cmd(pl=-0.0004 vl=2070775.3750 ent=2.4830) rad(pl=0.0024 vl=2418547.5417 ent=333.1702)
      [PPO] main-t0 ep0 step460 cmd(pl=0.0000 vl=2049079.0625 ent=2.4839) rad(pl=-0.0014 vl=2371470.2500 ent=333.1983)
    ep 1/10  steps=500 timeout  wr=0.00  avg_r=19635.0754
      [PPO] main-t0 ep1 step3 cmd(pl=0.0001 vl=1961567.0208 ent=2.4813) rad(pl=-0.0005 vl=2364248.0417 ent=333.2348)
      [PPO] main-t0 ep1 step45 cmd(pl=0.0001 vl=2000788.4583 ent=2.4809) rad(pl=-0.0018 vl=2433024.7917 ent=333.2793)
      [PPO] main-t0 ep1 step87 cmd(pl=-0.0017 vl=2056122.7500 ent=2.4763) rad(pl=-0.0003 vl=2438173.2917 ent=333.3301)
      [PPO] main-t0 ep1 step129 cmd(pl=-0.0017 vl=1969875.4792 ent=2.4783) rad(pl=0.0027 vl=2425777.9583 ent=333.3650)
      [PPO] main-t0 ep1 step171 cmd(pl=0.0011 vl=2073459.9375 ent=2.4766) rad(pl=0.0014 vl=2424512.8333 ent=333.4160)
      [PPO] main-t0 ep1 step213 cmd(pl=-0.0007 vl=1959841.2500 ent=2.4735) rad(pl=0.0034 vl=2413843.0000 ent=333.4842)
      [PPO] main-t0 ep1 step255 cmd(pl=-0.0019 vl=2006062.8542 ent=2.4728) rad(pl=0.0039 vl=2406720.7917 ent=333.5580)
      [PPO] main-t0 ep1 step297 cmd(pl=-0.0019 vl=1936924.3125 ent=2.4737) rad(pl=0.0007 vl=2410360.5000 ent=333.6188)
      [PPO] main-t0 ep1 step339 cmd(pl=-0.0012 vl=1986370.8333 ent=2.4811) rad(pl=0.0022 vl=2408497.6250 ent=333.6697)
      [PPO] main-t0 ep1 step381 cmd(pl=0.0009 vl=1984687.1458 ent=2.4879) rad(pl=-0.0004 vl=2403380.1250 ent=333.7181)
      [PPO] main-t0 ep1 step423 cmd(pl=-0.0030 vl=1896384.0417 ent=2.5007) rad(pl=-0.0014 vl=2368386.0417 ent=333.7610)
      [PPO] main-t0 ep1 step465 cmd(pl=-0.0019 vl=2016234.5000 ent=2.5040) rad(pl=-0.0035 vl=2324937.5833 ent=333.8022)
    ep 2/10  steps=500 timeout  wr=0.00  avg_r=19588.7995
  Training main (team 0, p0006) against p0024...
      [PPO] main-t0 ep0 step8 cmd(pl=-0.0012 vl=1897000.2500 ent=2.5062) rad(pl=-0.0016 vl=2294901.2500 ent=333.8336)
      [PPO] main-t0 ep0 step50 cmd(pl=-0.0018 vl=1893817.3542 ent=2.5039) rad(pl=-0.0004 vl=2386071.2083 ent=333.8653)
      [PPO] main-t0 ep0 step92 cmd(pl=-0.0018 vl=1880874.6042 ent=2.5177) rad(pl=-0.0021 vl=2379544.5833 ent=333.8900)
      [PPO] main-t0 ep0 step134 cmd(pl=0.0022 vl=1889516.7500 ent=2.5271) rad(pl=-0.0006 vl=2375469.8333 ent=333.9081)
      [PPO] main-t0 ep0 step176 cmd(pl=-0.0011 vl=1839681.9375 ent=2.5288) rad(pl=-0.0020 vl=2340912.5833 ent=333.9512)
      [PPO] main-t0 ep0 step218 cmd(pl=-0.0020 vl=1905920.2917 ent=2.5291) rad(pl=-0.0019 vl=2324547.2917 ent=334.0081)
      [PPO] main-t0 ep0 step260 cmd(pl=-0.0027 vl=1870298.8958 ent=2.5303) rad(pl=0.0036 vl=2289979.2917 ent=334.0450)
      [PPO] main-t0 ep0 step302 cmd(pl=-0.0027 vl=1824272.3333 ent=2.5381) rad(pl=-0.0070 vl=2262144.7917 ent=334.1023)
      [PPO] main-t0 ep0 step344 cmd(pl=-0.0013 vl=1867372.1875 ent=2.5467) rad(pl=-0.0012 vl=2224044.3750 ent=334.1212)
      [PPO] main-t0 ep0 step386 cmd(pl=-0.0023 vl=1918191.4583 ent=2.5478) rad(pl=-0.0018 vl=2212593.0833 ent=334.1339)
      [PPO] main-t0 ep0 step428 cmd(pl=-0.0005 vl=1963835.2708 ent=2.5451) rad(pl=-0.0009 vl=2201631.1667 ent=334.1639)
      [PPO] main-t0 ep0 step470 cmd(pl=-0.0022 vl=1975191.8333 ent=2.5422) rad(pl=0.0015 vl=2223818.9792 ent=334.2096)
    ep 1/10  steps=500 timeout  wr=0.00  avg_r=19231.4300
      [PPO] main-t0 ep1 step13 cmd(pl=-0.0000 vl=1866843.8542 ent=2.5434) rad(pl=-0.0003 vl=2257859.8333 ent=334.2661)
      [PPO] main-t0 ep1 step55 cmd(pl=-0.0037 vl=1878667.6250 ent=2.5459) rad(pl=-0.0023 vl=2375774.7917 ent=334.3246)
      [PPO] main-t0 ep1 step97 cmd(pl=-0.0005 vl=1949598.5417 ent=2.5463) rad(pl=0.0005 vl=2368349.9167 ent=334.3660)
      [PPO] main-t0 ep1 step139 cmd(pl=0.0003 vl=1998940.1458 ent=2.5451) rad(pl=0.0019 vl=2382995.1250 ent=334.4069)
      [PPO] main-t0 ep1 step181 cmd(pl=-0.0015 vl=1947243.6875 ent=2.5424) rad(pl=-0.0017 vl=2380957.1667 ent=334.4388)
      [PPO] main-t0 ep1 step223 cmd(pl=-0.0022 vl=1906726.0833 ent=2.5430) rad(pl=-0.0004 vl=2387169.0833 ent=334.4714)
      [PPO] main-t0 ep1 step265 cmd(pl=0.0002 vl=1951134.5417 ent=2.5457) rad(pl=-0.0007 vl=2356908.2083 ent=334.5024)
      [PPO] main-t0 ep1 step307 cmd(pl=0.0014 vl=1975872.5000 ent=2.5460) rad(pl=0.0011 vl=2347116.1667 ent=334.5318)
      [PPO] main-t0 ep1 step349 cmd(pl=-0.0005 vl=1925989.0625 ent=2.5436) rad(pl=-0.0060 vl=2294414.7917 ent=334.5628)
      [PPO] main-t0 ep1 step391 cmd(pl=0.0000 vl=1896309.5417 ent=2.5418) rad(pl=-0.0030 vl=2293779.7500 ent=334.5863)
      [PPO] main-t0 ep1 step433 cmd(pl=-0.0008 vl=1886001.5417 ent=2.5426) rad(pl=-0.0013 vl=2258507.7500 ent=334.6140)
      [PPO] main-t0 ep1 step475 cmd(pl=-0.0039 vl=1870204.8542 ent=2.5468) rad(pl=-0.0003 vl=2247726.2083 ent=334.6625)
    ep 2/10  steps=500 timeout  wr=0.00  avg_r=19224.8576
  Training main (team 0, p0006) against p0028...
      [PPO] main-t0 ep0 step18 cmd(pl=0.0000 vl=1918562.5208 ent=2.5579) rad(pl=-0.0029 vl=2040130.3958 ent=334.7288)
      [PPO] main-t0 ep0 step60 cmd(pl=-0.0013 vl=1878283.0625 ent=2.5610) rad(pl=-0.0024 vl=1845917.5000 ent=334.7861)
      [PPO] main-t0 ep0 step102 cmd(pl=-0.0008 vl=1870070.9167 ent=2.5623) rad(pl=-0.0035 vl=1794276.0208 ent=334.8168)
      [PPO] main-t0 ep0 step144 cmd(pl=-0.0004 vl=1896345.8542 ent=2.5626) rad(pl=-0.0016 vl=1793357.7708 ent=334.8197)
      [PPO] main-t0 ep0 step186 cmd(pl=-0.0010 vl=1858260.8958 ent=2.5634) rad(pl=-0.0028 vl=1736821.9792 ent=334.8443)
      [PPO] main-t0 ep0 step228 cmd(pl=-0.0012 vl=1858056.8958 ent=2.5637) rad(pl=0.0014 vl=1735297.8958 ent=334.8837)
      [PPO] main-t0 ep0 step270 cmd(pl=0.0001 vl=1830892.4375 ent=2.5661) rad(pl=-0.0012 vl=1704179.4375 ent=334.9042)
      [PPO] main-t0 ep0 step312 cmd(pl=-0.0023 vl=1844953.3542 ent=2.5690) rad(pl=-0.0033 vl=1691213.6667 ent=334.9282)
      [PPO] main-t0 ep0 step354 cmd(pl=-0.0014 vl=1750642.1042 ent=2.5701) rad(pl=-0.0013 vl=1668709.1875 ent=334.9719)
      [PPO] main-t0 ep0 step396 cmd(pl=-0.0009 vl=1787518.6458 ent=2.5711) rad(pl=-0.0017 vl=1645626.9375 ent=335.0361)
      [PPO] main-t0 ep0 step438 cmd(pl=-0.0005 vl=1818956.2292 ent=2.5713) rad(pl=-0.0018 vl=1620496.4583 ent=335.0945)
      [PPO] main-t0 ep0 step480 cmd(pl=-0.0008 vl=1803107.4583 ent=2.5710) rad(pl=-0.0017 vl=1597171.1667 ent=335.1394)
    ep 1/10  steps=500 timeout  wr=0.00  avg_r=18608.2498
      [PPO] main-t0 ep1 step23 cmd(pl=-0.0028 vl=1858108.3958 ent=2.5693) rad(pl=-0.0009 vl=1803873.4167 ent=335.1796)
      [PPO] main-t0 ep1 step65 cmd(pl=-0.0038 vl=1827011.7083 ent=2.5649) rad(pl=0.0014 vl=2027463.8125 ent=335.2462)
      [PPO] main-t0 ep1 step107 cmd(pl=-0.0011 vl=1805056.5625 ent=2.5585) rad(pl=-0.0052 vl=2006694.1458 ent=335.2771)
      [PPO] main-t0 ep1 step149 cmd(pl=0.0009 vl=1786654.0208 ent=2.5561) rad(pl=-0.0026 vl=1992566.7500 ent=335.2848)
      [PPO] main-t0 ep1 step191 cmd(pl=0.0001 vl=1865402.9583 ent=2.5541) rad(pl=-0.0002 vl=2007028.1042 ent=335.3461)
      [PPO] main-t0 ep1 step233 cmd(pl=-0.0001 vl=1853886.7708 ent=2.5538) rad(pl=-0.0017 vl=2008147.9792 ent=335.4053)
      [PPO] main-t0 ep1 step275 cmd(pl=-0.0019 vl=1818153.5417 ent=2.5554) rad(pl=-0.0014 vl=2000367.0417 ent=335.4536)
      [PPO] main-t0 ep1 step317 cmd(pl=-0.0019 vl=1774535.6875 ent=2.5546) rad(pl=-0.0001 vl=1998419.2917 ent=335.5031)
      [PPO] main-t0 ep1 step359 cmd(pl=-0.0018 vl=1807077.4583 ent=2.5572) rad(pl=-0.0018 vl=1993432.9583 ent=335.5495)
      [PPO] main-t0 ep1 step401 cmd(pl=-0.0025 vl=1834651.0208 ent=2.5568) rad(pl=-0.0021 vl=1994170.6458 ent=335.5636)
      [PPO] main-t0 ep1 step443 cmd(pl=-0.0037 vl=1843754.0208 ent=2.5557) rad(pl=-0.0001 vl=1968714.1458 ent=335.5949)
      [PPO] main-t0 ep1 step485 cmd(pl=0.0011 vl=1801271.2917 ent=2.5539) rad(pl=-0.0008 vl=1982194.7917 ent=335.6424)
    ep 2/10  steps=500 timeout  wr=0.00  avg_r=18685.6015
  Resetting p0007 to anchor p0029 (role=main, gen=3)
  Training main_exploiter (team 0, p0007) against p0031...
      [PPO] main-t0 ep0 step43 cmd(pl=-0.0007 vl=1872726.3542 ent=2.5565) rad(pl=-0.0006 vl=1654010.5208 ent=335.6977)
      [PPO] main-t0 ep0 step85 cmd(pl=-0.0001 vl=1883267.7292 ent=2.5572) rad(pl=0.0002 vl=1629793.9583 ent=335.7610)
      [PPO] main-t0 ep0 step127 cmd(pl=-0.0062 vl=1882201.8333 ent=2.5550) rad(pl=0.0033 vl=1649198.1875 ent=335.8248)
      [PPO] main-t0 ep0 step169 cmd(pl=-0.0024 vl=1844220.2917 ent=2.5515) rad(pl=-0.0058 vl=1612227.2083 ent=335.8731)
      [PPO] main-t0 ep0 step211 cmd(pl=-0.0009 vl=1857875.6458 ent=2.5506) rad(pl=0.0023 vl=1632065.7292 ent=335.9089)
      [PPO] main-t0 ep0 step253 cmd(pl=-0.0001 vl=1795704.2917 ent=2.5497) rad(pl=-0.0032 vl=1597871.5833 ent=335.9513)
      [PPO] main-t0 ep0 step295 cmd(pl=0.0002 vl=1879548.7083 ent=2.5492) rad(pl=0.0034 vl=1608602.5000 ent=335.9722)
      [PPO] main-t0 ep0 step337 cmd(pl=-0.0032 vl=1917790.2292 ent=2.5455) rad(pl=0.0017 vl=1587450.3125 ent=336.0378)
      [PPO] main-t0 ep0 step379 cmd(pl=-0.0000 vl=1909740.6667 ent=2.5406) rad(pl=0.0041 vl=1587450.3958 ent=336.1004)
      [PPO] main-t0 ep0 step421 cmd(pl=-0.0002 vl=1820928.7500 ent=2.5345) rad(pl=-0.0019 vl=1576875.1042 ent=336.1730)
      [PPO] main-t0 ep0 step463 cmd(pl=-0.0016 vl=1849707.0625 ent=2.5300) rad(pl=0.0028 vl=1567787.3750 ent=336.2048)
    ep 1/10  steps=500 timeout  wr=0.00  avg_r=18819.9611
      [PPO] main-t0 ep1 step6 cmd(pl=-0.0031 vl=1888803.6875 ent=2.5268) rad(pl=-0.0003 vl=1542570.2292 ent=336.2579)
      [PPO] main-t0 ep1 step48 cmd(pl=-0.0042 vl=1866743.0208 ent=2.5207) rad(pl=-0.0021 vl=1118231.1562 ent=336.3094)
      [PPO] main-t0 ep1 step90 cmd(pl=-0.0013 vl=1870208.8125 ent=2.5173) rad(pl=0.0014 vl=1108579.2396 ent=336.3488)
      [PPO] main-t0 ep1 step132 cmd(pl=-0.0024 vl=1907821.1250 ent=2.5158) rad(pl=0.0007 vl=1088481.7396 ent=336.4075)
      [PPO] main-t0 ep1 step174 cmd(pl=-0.0008 vl=1851950.6458 ent=2.5110) rad(pl=-0.0010 vl=1099245.6667 ent=336.4695)
      [PPO] main-t0 ep1 step216 cmd(pl=-0.0002 vl=1769560.6458 ent=2.5070) rad(pl=-0.0013 vl=1080692.4375 ent=336.5101)
      [PPO] main-t0 ep1 step258 cmd(pl=-0.0037 vl=1883699.9792 ent=2.5128) rad(pl=-0.0005 vl=1079496.9583 ent=336.5498)
      [PPO] main-t0 ep1 step300 cmd(pl=-0.0005 vl=1897386.6458 ent=2.5208) rad(pl=-0.0044 vl=1065867.4479 ent=336.6116)
      [PPO] main-t0 ep1 step342 cmd(pl=0.0003 vl=1987387.1250 ent=2.5226) rad(pl=0.0051 vl=1055596.5312 ent=336.6273)
      [PPO] main-t0 ep1 step384 cmd(pl=-0.0021 vl=1896365.5000 ent=2.5249) rad(pl=-0.0009 vl=1051748.5625 ent=336.6382)
      [PPO] main-t0 ep1 step426 cmd(pl=0.0005 vl=1964722.3333 ent=2.5269) rad(pl=0.0006 vl=1047726.9792 ent=336.6680)
      [PPO] main-t0 ep1 step468 cmd(pl=-0.0018 vl=1953371.7292 ent=2.5301) rad(pl=-0.0035 vl=1019824.0208 ent=336.7076)
    ep 2/10  steps=500 timeout  wr=0.00  avg_r=19043.2538
      [PPO] main-t0 ep2 step11 cmd(pl=0.0008 vl=1917289.0417 ent=2.5326) rad(pl=-0.0030 vl=1308331.5000 ent=336.7334)
      [PPO] main-t0 ep2 step53 cmd(pl=0.0000 vl=1964295.5417 ent=2.5328) rad(pl=-0.0003 vl=2307578.0417 ent=336.7985)
      [PPO] main-t0 ep2 step95 cmd(pl=-0.0006 vl=1960219.1875 ent=2.5327) rad(pl=-0.0003 vl=2343089.6250 ent=336.8464)
      [PPO] main-t0 ep2 step137 cmd(pl=-0.0010 vl=1958205.9792 ent=2.5359) rad(pl=-0.0015 vl=2324587.6250 ent=336.8746)
      [PPO] main-t0 ep2 step179 cmd(pl=-0.0021 vl=1899063.2292 ent=2.5389) rad(pl=-0.0013 vl=2331815.5000 ent=336.9102)
      [PPO] main-t0 ep2 step221 cmd(pl=-0.0015 vl=1902052.1875 ent=2.5393) rad(pl=0.0002 vl=2327517.6667 ent=336.9299)
      [PPO] main-t0 ep2 step263 cmd(pl=-0.0002 vl=1872829.2083 ent=2.5416) rad(pl=-0.0000 vl=2336069.1250 ent=336.9901)
      [PPO] main-t0 ep2 step305 cmd(pl=-0.0017 vl=1895890.4792 ent=2.5420) rad(pl=-0.0020 vl=2323098.6875 ent=337.0365)
      [PPO] main-t0 ep2 step347 cmd(pl=-0.0019 vl=1912417.7708 ent=2.5457) rad(pl=-0.0002 vl=2330788.3750 ent=337.0675)
      [PPO] main-t0 ep2 step389 cmd(pl=-0.0015 vl=1907270.5833 ent=2.5497) rad(pl=-0.0030 vl=2340239.4167 ent=337.0935)
      [PPO] main-t0 ep2 step431 cmd(pl=-0.0004 vl=1985482.9375 ent=2.5538) rad(pl=-0.0012 vl=2312571.0833 ent=337.1138)
      [PPO] main-t0 ep2 step473 cmd(pl=-0.0017 vl=1966415.0208 ent=2.5581) rad(pl=-0.0009 vl=2340145.9583 ent=337.1587)
    ep 3/10  steps=500 timeout  wr=0.00  avg_r=19104.6205
      [PPO] main-t0 ep3 step16 cmd(pl=-0.0028 vl=1962705.9583 ent=2.5592) rad(pl=-0.0001 vl=2159514.4167 ent=337.1952)
      [PPO] main-t0 ep3 step58 cmd(pl=-0.0009 vl=1955623.3542 ent=2.5582) rad(pl=0.0033 vl=1879066.8125 ent=337.2432)
      [PPO] main-t0 ep3 step100 cmd(pl=0.0005 vl=1987980.4792 ent=2.5563) rad(pl=-0.0057 vl=1819974.0208 ent=337.3034)
      [PPO] main-t0 ep3 step142 cmd(pl=-0.0010 vl=1969631.0417 ent=2.5545) rad(pl=-0.0005 vl=1867482.9167 ent=337.3075)
      [PPO] main-t0 ep3 step184 cmd(pl=-0.0014 vl=1930574.8125 ent=2.5558) rad(pl=-0.0013 vl=1830977.9792 ent=337.3399)
      [PPO] main-t0 ep3 step226 cmd(pl=-0.0037 vl=1967011.9167 ent=2.5589) rad(pl=0.0036 vl=1886413.5833 ent=337.3641)
      [PPO] main-t0 ep3 step268 cmd(pl=-0.0002 vl=1976481.9167 ent=2.5666) rad(pl=0.0006 vl=1874537.4167 ent=337.4367)
      [PPO] main-t0 ep3 step310 cmd(pl=-0.0008 vl=1907739.7083 ent=2.5711) rad(pl=0.0019 vl=1880366.3125 ent=337.4970)
      [PPO] main-t0 ep3 step352 cmd(pl=-0.0051 vl=1948276.5625 ent=2.5788) rad(pl=-0.0000 vl=1842121.7292 ent=337.5336)
      [PPO] main-t0 ep3 step394 cmd(pl=0.0004 vl=1969565.6667 ent=2.5841) rad(pl=-0.0006 vl=1828408.1667 ent=337.5793)
      [PPO] main-t0 ep3 step436 cmd(pl=-0.0015 vl=1897452.7083 ent=2.5893) rad(pl=0.0001 vl=1795714.0417 ent=337.6177)
      [PPO] main-t0 ep3 step478 cmd(pl=0.0001 vl=1917720.6042 ent=2.5924) rad(pl=-0.0022 vl=1760619.7292 ent=337.6562)
    ep 4/10  steps=500 timeout  wr=0.00  avg_r=19089.0289
      [PPO] main-t0 ep4 step21 cmd(pl=-0.0001 vl=1810182.0625 ent=2.5902) rad(pl=-0.0022 vl=1664374.3125 ent=337.7100)
      [PPO] main-t0 ep4 step63 cmd(pl=0.0000 vl=1880299.2083 ent=2.5858) rad(pl=-0.0026 vl=1665149.9375 ent=337.7642)
      [PPO] main-t0 ep4 step105 cmd(pl=-0.0003 vl=1825373.1250 ent=2.5858) rad(pl=-0.0014 vl=1656820.7708 ent=337.7989)
      [PPO] main-t0 ep4 step147 cmd(pl=-0.0029 vl=1883349.1458 ent=2.5853) rad(pl=0.0003 vl=1659486.7917 ent=337.8477)
      [PPO] main-t0 ep4 step189 cmd(pl=0.0004 vl=1906708.8125 ent=2.5850) rad(pl=0.0024 vl=1678588.3958 ent=337.9005)
      [PPO] main-t0 ep4 step231 cmd(pl=-0.0005 vl=1842011.9583 ent=2.5823) rad(pl=-0.0025 vl=1674219.2500 ent=337.9381)
      [PPO] main-t0 ep4 step273 cmd(pl=-0.0026 vl=1974739.4375 ent=2.5790) rad(pl=-0.0010 vl=1654594.3333 ent=337.9706)
      [PPO] main-t0 ep4 step315 cmd(pl=-0.0001 vl=1881686.7708 ent=2.5751) rad(pl=-0.0038 vl=1656163.8333 ent=337.9952)
      [PPO] main-t0 ep4 step357 cmd(pl=-0.0002 vl=1879638.5208 ent=2.5722) rad(pl=-0.0035 vl=1667985.5833 ent=338.0194)
      [PPO] main-t0 ep4 step399 cmd(pl=-0.0048 vl=1865571.0208 ent=2.5763) rad(pl=0.0029 vl=1664624.6250 ent=338.0735)
      [PPO] main-t0 ep4 step441 cmd(pl=-0.0046 vl=1972354.0000 ent=2.5804) rad(pl=-0.0030 vl=1664886.2917 ent=338.1049)
      [PPO] main-t0 ep4 step483 cmd(pl=-0.0022 vl=1923545.2083 ent=2.5838) rad(pl=0.0024 vl=1663693.5625 ent=338.1419)
    ep 5/10  steps=500 timeout  wr=0.00  avg_r=19099.4628
    ── ep 5/10  wr=0.00  avg_r=19099.4628
      [PPO] main-t0 ep5 step26 cmd(pl=-0.0005 vl=1972860.6875 ent=2.5898) rad(pl=-0.0013 vl=1779386.8125 ent=338.1948)
      [PPO] main-t0 ep5 step68 cmd(pl=-0.0005 vl=1908691.1042 ent=2.5902) rad(pl=-0.0009 vl=1821894.8542 ent=338.2312)
      [PPO] main-t0 ep5 step110 cmd(pl=0.0003 vl=1860144.3333 ent=2.5896) rad(pl=-0.0033 vl=1798714.2917 ent=338.2560)
      [PPO] main-t0 ep5 step152 cmd(pl=-0.0008 vl=1891852.2292 ent=2.5889) rad(pl=0.0005 vl=1811304.4792 ent=338.2661)
      [PPO] main-t0 ep5 step194 cmd(pl=-0.0008 vl=1961130.2500 ent=2.5876) rad(pl=0.0042 vl=1827553.9792 ent=338.3120)
      [PPO] main-t0 ep5 step236 cmd(pl=-0.0016 vl=1853080.1875 ent=2.5886) rad(pl=-0.0002 vl=1808986.2917 ent=338.3739)
      [PPO] main-t0 ep5 step278 cmd(pl=-0.0008 vl=1841190.4375 ent=2.5898) rad(pl=-0.0050 vl=1788618.9792 ent=338.4233)
      [PPO] main-t0 ep5 step320 cmd(pl=-0.0008 vl=1815824.8125 ent=2.5928) rad(pl=-0.0043 vl=1746999.5000 ent=338.4503)
      [PPO] main-t0 ep5 step362 cmd(pl=-0.0009 vl=1893208.6667 ent=2.5954) rad(pl=-0.0044 vl=1723598.6458 ent=338.4657)
      [PPO] main-t0 ep5 step404 cmd(pl=-0.0008 vl=1782593.6667 ent=2.5959) rad(pl=-0.0022 vl=1686660.9792 ent=338.4633)
      [PPO] main-t0 ep5 step446 cmd(pl=-0.0000 vl=1920302.7708 ent=2.5947) rad(pl=0.0001 vl=1694288.3542 ent=338.4923)
      [PPO] main-t0 ep5 step488 cmd(pl=-0.0011 vl=1832345.1250 ent=2.5978) rad(pl=-0.0011 vl=1676043.3750 ent=338.5122)
    ep 6/10  steps=500 timeout  wr=0.00  avg_r=19039.4265
      [PPO] main-t0 ep6 step31 cmd(pl=-0.0015 vl=1831244.5000 ent=2.5979) rad(pl=-0.0022 vl=1535485.3542 ent=338.5296)
      [PPO] main-t0 ep6 step73 cmd(pl=-0.0025 vl=1838289.3125 ent=2.5969) rad(pl=-0.0010 vl=1485096.5000 ent=338.5587)
      [PPO] main-t0 ep6 step115 cmd(pl=-0.0037 vl=1832116.6250 ent=2.5967) rad(pl=-0.0026 vl=1484748.5000 ent=338.5581)
      [PPO] main-t0 ep6 step157 cmd(pl=0.0003 vl=1830919.8750 ent=2.5984) rad(pl=0.0040 vl=1497549.0208 ent=338.6151)
      [PPO] main-t0 ep6 step199 cmd(pl=-0.0001 vl=1791355.6875 ent=2.5996) rad(pl=0.0043 vl=1490011.1875 ent=338.6233)
      [PPO] main-t0 ep6 step241 cmd(pl=-0.0007 vl=1827132.4792 ent=2.5985) rad(pl=-0.0022 vl=1480887.6458 ent=338.6553)
      [PPO] main-t0 ep6 step283 cmd(pl=-0.0006 vl=1733550.7500 ent=2.5997) rad(pl=-0.0014 vl=1457416.1875 ent=338.6823)
      [PPO] main-t0 ep6 step325 cmd(pl=-0.0015 vl=1792413.5208 ent=2.6003) rad(pl=-0.0035 vl=1404562.0625 ent=338.7355)
      [PPO] main-t0 ep6 step367 cmd(pl=-0.0017 vl=1882364.9167 ent=2.6031) rad(pl=-0.0008 vl=1393293.3750 ent=338.7600)
      [PPO] main-t0 ep6 step409 cmd(pl=-0.0026 vl=1784402.6042 ent=2.6056) rad(pl=-0.0021 vl=1370119.9375 ent=338.7840)
      [PPO] main-t0 ep6 step451 cmd(pl=-0.0010 vl=1843490.8333 ent=2.6099) rad(pl=0.0043 vl=1409651.5625 ent=338.8525)
      [PPO] main-t0 ep6 step493 cmd(pl=-0.0025 vl=1785591.1667 ent=2.6101) rad(pl=0.0047 vl=1415547.2292 ent=338.8521)
    ep 7/10  steps=500 timeout  wr=0.00  avg_r=18956.8812
      [PPO] main-t0 ep7 step36 cmd(pl=-0.0024 vl=1804877.7292 ent=2.6101) rad(pl=0.0033 vl=933238.6562 ent=338.9457)
      [PPO] main-t0 ep7 step78 cmd(pl=-0.0038 vl=1758653.1250 ent=2.6105) rad(pl=0.0031 vl=834695.1458 ent=338.9854)
      [PPO] main-t0 ep7 step120 cmd(pl=-0.0080 vl=1802298.8125 ent=2.6081) rad(pl=-0.0006 vl=835221.3333 ent=339.0124)
      [PPO] main-t0 ep7 step162 cmd(pl=-0.0014 vl=1741954.9375 ent=2.6094) rad(pl=0.0025 vl=848675.5729 ent=339.0508)
      [PPO] main-t0 ep7 step204 cmd(pl=-0.0009 vl=1821319.8958 ent=2.6102) rad(pl=-0.0001 vl=861573.1146 ent=339.0815)
      [PPO] main-t0 ep7 step246 cmd(pl=-0.0011 vl=1793948.6875 ent=2.6090) rad(pl=0.0046 vl=862043.0208 ent=339.1251)
      [PPO] main-t0 ep7 step288 cmd(pl=-0.0001 vl=1782805.1250 ent=2.6089) rad(pl=0.0002 vl=835699.2917 ent=339.1625)
      [PPO] main-t0 ep7 step330 cmd(pl=-0.0009 vl=1772870.7083 ent=2.6086) rad(pl=-0.0014 vl=818967.0938 ent=339.2015)
      [PPO] main-t0 ep7 step372 cmd(pl=-0.0005 vl=1858318.5417 ent=2.6096) rad(pl=0.0023 vl=821692.4792 ent=339.2378)
      [PPO] main-t0 ep7 step414 cmd(pl=0.0004 vl=1904141.0000 ent=2.6141) rad(pl=0.0055 vl=813929.2083 ent=339.2751)
      [PPO] main-t0 ep7 step456 cmd(pl=-0.0048 vl=1797086.9792 ent=2.6163) rad(pl=0.0026 vl=812601.1979 ent=339.3247)
      [PPO] main-t0 ep7 step498 cmd(pl=-0.0010 vl=1818263.2708 ent=2.6239) rad(pl=0.0008 vl=812524.7708 ent=339.3719)
    ep 8/10  steps=500 timeout  wr=0.00  avg_r=18939.0825
      [PPO] main-t0 ep8 step41 cmd(pl=-0.0017 vl=1897507.2708 ent=2.6200) rad(pl=-0.0025 vl=1436821.5417 ent=339.3943)
      [PPO] main-t0 ep8 step83 cmd(pl=-0.0004 vl=1822045.6667 ent=2.6225) rad(pl=-0.0029 vl=1430346.6875 ent=339.4156)
      [PPO] main-t0 ep8 step125 cmd(pl=-0.0022 vl=1831994.9583 ent=2.6214) rad(pl=-0.0006 vl=1434391.7500 ent=339.4117)
      [PPO] main-t0 ep8 step167 cmd(pl=0.0003 vl=1862861.7708 ent=2.6202) rad(pl=0.0008 vl=1421721.8958 ent=339.4602)
      [PPO] main-t0 ep8 step209 cmd(pl=-0.0002 vl=1836089.2500 ent=2.6190) rad(pl=-0.0014 vl=1430913.9583 ent=339.4897)
      [PPO] main-t0 ep8 step251 cmd(pl=-0.0004 vl=1856819.9792 ent=2.6209) rad(pl=0.0012 vl=1419412.5833 ent=339.5508)
      [PPO] main-t0 ep8 step293 cmd(pl=-0.0011 vl=1892631.3542 ent=2.6203) rad(pl=0.0009 vl=1436076.2708 ent=339.5717)
      [PPO] main-t0 ep8 step335 cmd(pl=-0.0011 vl=1852730.2917 ent=2.6189) rad(pl=0.0001 vl=1415790.3542 ent=339.6239)
      [PPO] main-t0 ep8 step377 cmd(pl=-0.0013 vl=1854422.0625 ent=2.6162) rad(pl=0.0027 vl=1408859.7708 ent=339.6637)
      [PPO] main-t0 ep8 step419 cmd(pl=-0.0044 vl=1807650.4583 ent=2.6136) rad(pl=-0.0008 vl=1404917.9792 ent=339.7536)
      [PPO] main-t0 ep8 step461 cmd(pl=-0.0024 vl=1836037.4375 ent=2.6127) rad(pl=-0.0010 vl=1419792.9375 ent=339.7730)
    ep 9/10  steps=500 timeout  wr=0.00  avg_r=18916.7627
      [PPO] main-t0 ep9 step4 cmd(pl=0.0018 vl=1845352.7083 ent=2.6151) rad(pl=-0.0012 vl=1403273.4583 ent=339.8027)
      [PPO] main-t0 ep9 step46 cmd(pl=0.0007 vl=1805736.6458 ent=2.6293) rad(pl=0.0025 vl=1197933.0833 ent=339.8419)
      [PPO] main-t0 ep9 step88 cmd(pl=-0.0007 vl=1796119.1875 ent=2.6309) rad(pl=-0.0001 vl=1179225.5417 ent=339.9207)
      [PPO] main-t0 ep9 step130 cmd(pl=-0.0011 vl=1774769.2500 ent=2.6284) rad(pl=-0.0019 vl=1178265.5417 ent=339.9343)
      [PPO] main-t0 ep9 step172 cmd(pl=-0.0047 vl=1789249.1250 ent=2.6265) rad(pl=0.0001 vl=1173455.2917 ent=339.9615)
      [PPO] main-t0 ep9 step214 cmd(pl=-0.0020 vl=1877565.2292 ent=2.6286) rad(pl=0.0011 vl=1171417.0000 ent=339.9937)
      [PPO] main-t0 ep9 step256 cmd(pl=0.0023 vl=1719428.0417 ent=2.6302) rad(pl=-0.0023 vl=1161816.9583 ent=340.0646)
      [PPO] main-t0 ep9 step298 cmd(pl=-0.0002 vl=1676780.8333 ent=2.6313) rad(pl=-0.0015 vl=1142638.7708 ent=340.1023)
      [PPO] main-t0 ep9 step340 cmd(pl=-0.0038 vl=1763721.7500 ent=2.6309) rad(pl=0.0007 vl=1143121.0208 ent=340.1700)
      [PPO] main-t0 ep9 step382 cmd(pl=-0.0023 vl=1796279.0417 ent=2.6262) rad(pl=-0.0023 vl=1141017.9792 ent=340.1963)
      [PPO] main-t0 ep9 step424 cmd(pl=-0.0008 vl=1706714.2708 ent=2.6212) rad(pl=0.0021 vl=1127510.6458 ent=340.2301)
      [PPO] main-t0 ep9 step466 cmd(pl=-0.0018 vl=1754230.9167 ent=2.6230) rad(pl=-0.0004 vl=1130137.7500 ent=340.2510)
    ep 10/10  steps=500 timeout  wr=0.00  avg_r=18856.8904
    ── ep 10/10  wr=0.00  avg_r=18856.8904
  Training league_exploiter (team 0, p0008) against p0009...
      [PPO] leag-t0 ep0 step43 cmd(pl=0.0000 vl=2328136.6042 ent=2.3817) rad(pl=-0.0023 vl=5184349.0833 ent=338.7858)
      [PPO] leag-t0 ep0 step85 cmd(pl=-0.0002 vl=2274083.5417 ent=2.3814) rad(pl=-0.0008 vl=5159318.6667 ent=338.8215)
      [PPO] leag-t0 ep0 step127 cmd(pl=-0.0005 vl=2273330.5000 ent=2.3854) rad(pl=-0.0047 vl=5178893.4167 ent=338.8709)
      [PPO] leag-t0 ep0 step169 cmd(pl=-0.0003 vl=2239189.0417 ent=2.3883) rad(pl=0.0040 vl=5140525.6667 ent=338.9090)
      [PPO] leag-t0 ep0 step211 cmd(pl=-0.0007 vl=2339763.1875 ent=2.3893) rad(pl=-0.0023 vl=5137479.2500 ent=338.9572)
      [PPO] leag-t0 ep0 step253 cmd(pl=-0.0001 vl=2171176.7083 ent=2.3896) rad(pl=-0.0068 vl=5052389.3333 ent=339.0074)
      [PPO] leag-t0 ep0 step295 cmd(pl=-0.0010 vl=2231394.6667 ent=2.3901) rad(pl=-0.0003 vl=5066439.3333 ent=339.0180)
      [PPO] leag-t0 ep0 step337 cmd(pl=-0.0008 vl=2271181.5625 ent=2.3901) rad(pl=-0.0008 vl=5004619.0000 ent=339.0405)
      [PPO] leag-t0 ep0 step379 cmd(pl=-0.0006 vl=2225477.1667 ent=2.3886) rad(pl=0.0003 vl=5062595.5000 ent=339.0779)
      [PPO] leag-t0 ep0 step421 cmd(pl=-0.0018 vl=2330665.7083 ent=2.3881) rad(pl=0.0006 vl=4988081.3333 ent=339.1177)
      [PPO] leag-t0 ep0 step463 cmd(pl=0.0000 vl=2333955.2500 ent=2.3885) rad(pl=0.0005 vl=5003946.8333 ent=339.1554)
    ep 1/10  steps=500 timeout  wr=0.00  avg_r=20865.9203
      [PPO] leag-t0 ep1 step6 cmd(pl=-0.0004 vl=2258353.1042 ent=2.3826) rad(pl=-0.0006 vl=4771751.3333 ent=339.1678)
      [PPO] leag-t0 ep1 step48 cmd(pl=-0.0017 vl=2411497.8750 ent=2.3670) rad(pl=-0.0007 vl=3894941.9583 ent=339.2037)
      [PPO] leag-t0 ep1 step90 cmd(pl=-0.0006 vl=2221081.1667 ent=2.3631) rad(pl=0.0025 vl=3881502.3333 ent=339.2567)
      [PPO] leag-t0 ep1 step132 cmd(pl=-0.0006 vl=2321222.5833 ent=2.3584) rad(pl=0.0016 vl=3900226.1667 ent=339.2965)
      [PPO] leag-t0 ep1 step174 cmd(pl=-0.0001 vl=2413253.4167 ent=2.3586) rad(pl=0.0030 vl=3922117.2917 ent=339.3432)
      [PPO] leag-t0 ep1 step216 cmd(pl=-0.0003 vl=2329368.2708 ent=2.3503) rad(pl=0.0030 vl=3963424.2500 ent=339.4107)
      [PPO] leag-t0 ep1 step258 cmd(pl=-0.0001 vl=2336576.0000 ent=2.3486) rad(pl=-0.0014 vl=3954011.0417 ent=339.4940)
      [PPO] leag-t0 ep1 step300 cmd(pl=-0.0001 vl=2385047.5833 ent=2.3459) rad(pl=0.0008 vl=3958620.0833 ent=339.5601)
      [PPO] leag-t0 ep1 step342 cmd(pl=-0.0015 vl=2380936.3333 ent=2.3464) rad(pl=0.0009 vl=3951187.5000 ent=339.6284)
      [PPO] leag-t0 ep1 step384 cmd(pl=-0.0005 vl=2276529.8125 ent=2.3479) rad(pl=0.0013 vl=3992926.4583 ent=339.6994)
      [PPO] leag-t0 ep1 step426 cmd(pl=-0.0010 vl=2390258.0417 ent=2.3460) rad(pl=0.0005 vl=4006223.4583 ent=339.7608)
      [PPO] leag-t0 ep1 step468 cmd(pl=-0.0009 vl=2418522.1250 ent=2.3455) rad(pl=-0.0006 vl=4017368.2500 ent=339.8252)
    ep 2/10  steps=500 timeout  wr=0.00  avg_r=21105.0384
      [PPO] leag-t0 ep2 step11 cmd(pl=-0.0008 vl=2310649.3958 ent=2.3479) rad(pl=-0.0011 vl=3888695.5417 ent=339.8837)
      [PPO] leag-t0 ep2 step53 cmd(pl=-0.0002 vl=2436993.9792 ent=2.3547) rad(pl=-0.0009 vl=3599443.8750 ent=339.9292)
      [PPO] leag-t0 ep2 step95 cmd(pl=-0.0006 vl=2436767.2083 ent=2.3543) rad(pl=-0.0016 vl=3643746.3750 ent=339.9607)
      [PPO] leag-t0 ep2 step137 cmd(pl=-0.0002 vl=2397574.9583 ent=2.3568) rad(pl=-0.0006 vl=3659287.7917 ent=339.9853)
      [PPO] leag-t0 ep2 step179 cmd(pl=-0.0014 vl=2429210.5833 ent=2.3561) rad(pl=0.0001 vl=3671710.8333 ent=340.0233)
      [PPO] leag-t0 ep2 step221 cmd(pl=-0.0009 vl=2402439.5833 ent=2.3495) rad(pl=0.0056 vl=3661323.3750 ent=340.0764)
      [PPO] leag-t0 ep2 step263 cmd(pl=-0.0031 vl=2379238.7500 ent=2.3430) rad(pl=-0.0074 vl=3646578.0000 ent=340.1320)
      [PPO] leag-t0 ep2 step305 cmd(pl=-0.0005 vl=2428855.1250 ent=2.3397) rad(pl=0.0004 vl=3634356.3750 ent=340.1259)
      [PPO] leag-t0 ep2 step347 cmd(pl=-0.0010 vl=2395988.1667 ent=2.3357) rad(pl=-0.0033 vl=3603307.3750 ent=340.1127)
      [PPO] leag-t0 ep2 step389 cmd(pl=-0.0002 vl=2354110.6667 ent=2.3289) rad(pl=0.0003 vl=3585383.7917 ent=340.1191)
      [PPO] leag-t0 ep2 step431 cmd(pl=-0.0009 vl=2427008.7500 ent=2.3268) rad(pl=0.0006 vl=3597635.8333 ent=340.1564)
      [PPO] leag-t0 ep2 step473 cmd(pl=-0.0002 vl=2422968.3750 ent=2.3267) rad(pl=0.0025 vl=3591603.2917 ent=340.2003)
    ep 3/10  steps=500 timeout  wr=0.00  avg_r=21265.4173
      [PPO] leag-t0 ep3 step16 cmd(pl=-0.0001 vl=2300320.1875 ent=2.3186) rad(pl=-0.0022 vl=3368698.6667 ent=340.2453)
      [PPO] leag-t0 ep3 step58 cmd(pl=-0.0010 vl=2355411.9167 ent=2.3205) rad(pl=-0.0053 vl=3032734.6667 ent=340.2674)
      [PPO] leag-t0 ep3 step100 cmd(pl=-0.0004 vl=2337508.9167 ent=2.3214) rad(pl=-0.0018 vl=3003658.1250 ent=340.2803)
      [PPO] leag-t0 ep3 step142 cmd(pl=-0.0001 vl=2461440.9167 ent=2.3231) rad(pl=-0.0001 vl=2988621.8333 ent=340.3105)
      [PPO] leag-t0 ep3 step184 cmd(pl=-0.0002 vl=2385859.4167 ent=2.3239) rad(pl=-0.0007 vl=2961546.5417 ent=340.3888)
      [PPO] leag-t0 ep3 step226 cmd(pl=-0.0005 vl=2370205.0000 ent=2.3262) rad(pl=-0.0027 vl=2956272.0417 ent=340.4406)
      [PPO] leag-t0 ep3 step268 cmd(pl=-0.0001 vl=2529383.1667 ent=2.3284) rad(pl=0.0019 vl=2968093.4583 ent=340.4784)
      [PPO] leag-t0 ep3 step310 cmd(pl=-0.0004 vl=2469973.9167 ent=2.3252) rad(pl=0.0012 vl=2992796.9583 ent=340.5333)
      [PPO] leag-t0 ep3 step352 cmd(pl=-0.0008 vl=2413751.9167 ent=2.3232) rad(pl=0.0016 vl=3013266.4583 ent=340.5964)
      [PPO] leag-t0 ep3 step394 cmd(pl=-0.0010 vl=2492431.0417 ent=2.3213) rad(pl=-0.0007 vl=3006525.4167 ent=340.6519)
      [PPO] leag-t0 ep3 step436 cmd(pl=0.0003 vl=2412917.2917 ent=2.3221) rad(pl=-0.0029 vl=3009816.0000 ent=340.6970)
      [PPO] leag-t0 ep3 step478 cmd(pl=-0.0008 vl=2347077.7917 ent=2.3263) rad(pl=0.0006 vl=3003731.5833 ent=340.7254)
    ep 4/10  steps=500 timeout  wr=0.00  avg_r=21352.5476
      [PPO] leag-t0 ep4 step21 cmd(pl=-0.0008 vl=2444205.7083 ent=2.3285) rad(pl=-0.0017 vl=3450202.6250 ent=340.7819)
      [PPO] leag-t0 ep4 step63 cmd(pl=-0.0001 vl=2411189.0417 ent=2.3268) rad(pl=-0.0020 vl=3923254.7083 ent=340.8393)
      [PPO] leag-t0 ep4 step105 cmd(pl=-0.0010 vl=2493848.7500 ent=2.3288) rad(pl=-0.0009 vl=3966715.7083 ent=340.8721)
      [PPO] leag-t0 ep4 step147 cmd(pl=-0.0004 vl=2539803.2083 ent=2.3305) rad(pl=-0.0023 vl=3955442.5417 ent=340.9304)
      [PPO] leag-t0 ep4 step189 cmd(pl=-0.0010 vl=2467936.7917 ent=2.3292) rad(pl=0.0006 vl=3973012.0833 ent=340.9862)
      [PPO] leag-t0 ep4 step231 cmd(pl=-0.0006 vl=2462948.8750 ent=2.3310) rad(pl=-0.0007 vl=3900787.8750 ent=341.0285)
      [PPO] leag-t0 ep4 step273 cmd(pl=-0.0003 vl=2496597.7083 ent=2.3335) rad(pl=0.0020 vl=3898715.2917 ent=341.0837)
      [PPO] leag-t0 ep4 step315 cmd(pl=-0.0008 vl=2550931.4583 ent=2.3330) rad(pl=0.0005 vl=3855303.5000 ent=341.1467)
      [PPO] leag-t0 ep4 step357 cmd(pl=-0.0002 vl=2543176.7917 ent=2.3330) rad(pl=0.0022 vl=3885696.0833 ent=341.2157)
      [PPO] leag-t0 ep4 step399 cmd(pl=-0.0004 vl=2538604.3333 ent=2.3290) rad(pl=-0.0004 vl=3846966.9583 ent=341.2902)
      [PPO] leag-t0 ep4 step441 cmd(pl=-0.0003 vl=2453208.5417 ent=2.3273) rad(pl=-0.0007 vl=3861428.3750 ent=341.3623)
      [PPO] leag-t0 ep4 step483 cmd(pl=-0.0002 vl=2451796.3333 ent=2.3254) rad(pl=-0.0026 vl=3812823.3333 ent=341.4236)
    ep 5/10  steps=500 timeout  wr=0.00  avg_r=21444.3342
    ── ep 5/10  wr=0.00  avg_r=21444.3342
      [PPO] leag-t0 ep5 step26 cmd(pl=-0.0010 vl=2516916.5000 ent=2.3293) rad(pl=0.0023 vl=4515949.8333 ent=341.4624)
      [PPO] leag-t0 ep5 step68 cmd(pl=-0.0005 vl=2484271.7083 ent=2.3286) rad(pl=-0.0055 vl=4926617.5000 ent=341.5137)
      [PPO] leag-t0 ep5 step110 cmd(pl=-0.0022 vl=2491059.5000 ent=2.3298) rad(pl=0.0010 vl=5000238.2500 ent=341.5428)
      [PPO] leag-t0 ep5 step152 cmd(pl=0.0006 vl=2475393.3750 ent=2.3371) rad(pl=-0.0015 vl=4927922.7500 ent=341.5660)
      [PPO] leag-t0 ep5 step194 cmd(pl=-0.0010 vl=2506791.4583 ent=2.3432) rad(pl=0.0010 vl=4938469.1667 ent=341.5959)
      [PPO] leag-t0 ep5 step236 cmd(pl=-0.0010 vl=2432013.4167 ent=2.3477) rad(pl=-0.0037 vl=4834363.2500 ent=341.6460)
      [PPO] leag-t0 ep5 step278 cmd(pl=-0.0002 vl=2468133.7500 ent=2.3499) rad(pl=0.0000 vl=4837259.3333 ent=341.7023)
      [PPO] leag-t0 ep5 step320 cmd(pl=-0.0008 vl=2364277.3125 ent=2.3559) rad(pl=-0.0016 vl=4795777.5833 ent=341.7493)
      [PPO] leag-t0 ep5 step362 cmd(pl=-0.0011 vl=2491058.0417 ent=2.3578) rad(pl=0.0009 vl=4805843.9167 ent=341.8032)
      [PPO] leag-t0 ep5 step404 cmd(pl=0.0002 vl=2458750.5833 ent=2.3550) rad(pl=-0.0010 vl=4767454.7500 ent=341.8375)
      [PPO] leag-t0 ep5 step446 cmd(pl=-0.0003 vl=2430572.7500 ent=2.3564) rad(pl=-0.0007 vl=4701044.9167 ent=341.8723)
      [PPO] leag-t0 ep5 step488 cmd(pl=-0.0009 vl=2373309.5833 ent=2.3570) rad(pl=-0.0058 vl=4615138.0000 ent=341.9203)
    ep 6/10  steps=500 timeout  wr=0.00  avg_r=21444.3660
      [PPO] leag-t0 ep6 step31 cmd(pl=-0.0013 vl=2410814.2292 ent=2.3553) rad(pl=0.0006 vl=4322508.0833 ent=341.9667)
      [PPO] leag-t0 ep6 step73 cmd(pl=-0.0003 vl=2281256.8125 ent=2.3506) rad(pl=0.0010 vl=4175784.5000 ent=342.0143)
      [PPO] leag-t0 ep6 step115 cmd(pl=0.0001 vl=2367301.9167 ent=2.3524) rad(pl=-0.0032 vl=4159555.0000 ent=342.0572)
      [PPO] leag-t0 ep6 step157 cmd(pl=-0.0009 vl=2379220.1250 ent=2.3556) rad(pl=0.0028 vl=4161214.3333 ent=342.0872)
      [PPO] leag-t0 ep6 step199 cmd(pl=-0.0002 vl=2471013.2917 ent=2.3552) rad(pl=0.0013 vl=4172983.0417 ent=342.1297)
      [PPO] leag-t0 ep6 step241 cmd(pl=-0.0003 vl=2411222.6667 ent=2.3547) rad(pl=-0.0003 vl=4174994.4167 ent=342.1945)
      [PPO] leag-t0 ep6 step283 cmd(pl=0.0000 vl=2349443.9792 ent=2.3544) rad(pl=0.0006 vl=4176689.7083 ent=342.2657)
      [PPO] leag-t0 ep6 step325 cmd(pl=-0.0008 vl=2425995.7917 ent=2.3566) rad(pl=-0.0015 vl=4152994.3750 ent=342.3290)
      [PPO] leag-t0 ep6 step367 cmd(pl=0.0001 vl=2501224.0417 ent=2.3589) rad(pl=-0.0003 vl=4166561.6667 ent=342.3731)
      [PPO] leag-t0 ep6 step409 cmd(pl=-0.0006 vl=2462435.3333 ent=2.3620) rad(pl=0.0022 vl=4137570.1667 ent=342.4094)
      [PPO] leag-t0 ep6 step451 cmd(pl=-0.0001 vl=2349441.9583 ent=2.3611) rad(pl=-0.0015 vl=4089975.5417 ent=342.4681)
      [PPO] leag-t0 ep6 step493 cmd(pl=-0.0006 vl=2395515.8333 ent=2.3568) rad(pl=-0.0040 vl=4061257.3333 ent=342.5135)
    ep 7/10  steps=500 timeout  wr=0.00  avg_r=21464.7252
      [PPO] leag-t0 ep7 step36 cmd(pl=0.0000 vl=2461718.5833 ent=2.3508) rad(pl=-0.0025 vl=3628102.3333 ent=342.5475)
      [PPO] leag-t0 ep7 step78 cmd(pl=0.0000 vl=2354717.7083 ent=2.3483) rad(pl=-0.0002 vl=3518124.8333 ent=342.5872)
      [PPO] leag-t0 ep7 step120 cmd(pl=0.0003 vl=2314403.7083 ent=2.3491) rad(pl=-0.0025 vl=3501295.2083 ent=342.6274)
      [PPO] leag-t0 ep7 step162 cmd(pl=-0.0003 vl=2339436.3333 ent=2.3496) rad(pl=0.0014 vl=3466140.0417 ent=342.6735)
      [PPO] leag-t0 ep7 step204 cmd(pl=-0.0001 vl=2342910.3333 ent=2.3536) rad(pl=-0.0013 vl=3424508.0000 ent=342.7308)
      [PPO] leag-t0 ep7 step246 cmd(pl=-0.0003 vl=2338637.5625 ent=2.3596) rad(pl=-0.0008 vl=3423221.5417 ent=342.7731)
      [PPO] leag-t0 ep7 step288 cmd(pl=-0.0010 vl=2355552.0417 ent=2.3641) rad(pl=0.0027 vl=3378282.2083 ent=342.8179)
      [PPO] leag-t0 ep7 step330 cmd(pl=0.0003 vl=2392368.4167 ent=2.3659) rad(pl=-0.0012 vl=3340230.9583 ent=342.8740)
      [PPO] leag-t0 ep7 step372 cmd(pl=0.0002 vl=2314731.7917 ent=2.3665) rad(pl=-0.0036 vl=3276468.4167 ent=342.9022)
      [PPO] leag-t0 ep7 step414 cmd(pl=-0.0003 vl=2291550.2292 ent=2.3676) rad(pl=-0.0008 vl=3240541.5000 ent=342.9130)
      [PPO] leag-t0 ep7 step456 cmd(pl=-0.0008 vl=2369639.6667 ent=2.3725) rad(pl=-0.0018 vl=3224843.2083 ent=342.9480)
      [PPO] leag-t0 ep7 step498 cmd(pl=0.0000 vl=2317635.8125 ent=2.3807) rad(pl=0.0047 vl=3226215.2083 ent=342.9874)
    ep 8/10  steps=500 timeout  wr=0.00  avg_r=21421.1237
      [PPO] leag-t0 ep8 step41 cmd(pl=-0.0006 vl=2333340.8125 ent=2.3895) rad(pl=-0.0000 vl=2404433.8750 ent=343.0480)
      [PPO] leag-t0 ep8 step83 cmd(pl=-0.0006 vl=2393219.4583 ent=2.3878) rad(pl=-0.0040 vl=2333669.8750 ent=343.0998)
      [PPO] leag-t0 ep8 step125 cmd(pl=0.0006 vl=2302420.6875 ent=2.3826) rad(pl=0.0015 vl=2313034.5000 ent=343.1057)
      [PPO] leag-t0 ep8 step167 cmd(pl=-0.0004 vl=2345834.2917 ent=2.3819) rad(pl=-0.0028 vl=2323025.6667 ent=343.1419)
      [PPO] leag-t0 ep8 step209 cmd(pl=-0.0007 vl=2300128.1667 ent=2.3819) rad(pl=-0.0000 vl=2309253.9583 ent=343.1987)
      [PPO] leag-t0 ep8 step251 cmd(pl=-0.0008 vl=2362733.5625 ent=2.3848) rad(pl=0.0003 vl=2307536.0417 ent=343.2603)
      [PPO] leag-t0 ep8 step293 cmd(pl=-0.0006 vl=2386366.4792 ent=2.3858) rad(pl=0.0009 vl=2278798.6250 ent=343.3233)
      [PPO] leag-t0 ep8 step335 cmd(pl=-0.0009 vl=2305052.3750 ent=2.3871) rad(pl=0.0001 vl=2228077.0833 ent=343.3800)
      [PPO] leag-t0 ep8 step377 cmd(pl=-0.0005 vl=2265146.5625 ent=2.3877) rad(pl=-0.0027 vl=2178577.7083 ent=343.4495)
      [PPO] leag-t0 ep8 step419 cmd(pl=-0.0003 vl=2283573.2917 ent=2.3869) rad(pl=-0.0014 vl=2113444.1250 ent=343.4926)
      [PPO] leag-t0 ep8 step461 cmd(pl=-0.0015 vl=2179684.5000 ent=2.3888) rad(pl=-0.0019 vl=2087787.1250 ent=343.5391)
    ep 9/10  steps=500 timeout  wr=0.00  avg_r=21354.1845
      [PPO] leag-t0 ep9 step4 cmd(pl=0.0003 vl=2326086.3750 ent=2.3898) rad(pl=-0.0006 vl=2100643.4167 ent=343.5867)
      [PPO] leag-t0 ep9 step46 cmd(pl=-0.0004 vl=2227757.2708 ent=2.4063) rad(pl=-0.0013 vl=2834500.8333 ent=343.6263)
      [PPO] leag-t0 ep9 step88 cmd(pl=-0.0005 vl=2213216.0417 ent=2.4044) rad(pl=0.0016 vl=2830321.2083 ent=343.6589)
      [PPO] leag-t0 ep9 step130 cmd(pl=-0.0005 vl=2239164.1458 ent=2.4055) rad(pl=0.0014 vl=2821621.7917 ent=343.7332)
      [PPO] leag-t0 ep9 step172 cmd(pl=0.0001 vl=2255779.4167 ent=2.4053) rad(pl=-0.0013 vl=2804696.4167 ent=343.7843)
      [PPO] leag-t0 ep9 step214 cmd(pl=-0.0007 vl=2348255.5417 ent=2.4071) rad(pl=0.0000 vl=2817818.0833 ent=343.8235)
      [PPO] leag-t0 ep9 step256 cmd(pl=-0.0007 vl=2219276.6875 ent=2.4025) rad(pl=0.0006 vl=2804458.9167 ent=343.8769)
      [PPO] leag-t0 ep9 step298 cmd(pl=-0.0018 vl=2253334.4583 ent=2.4008) rad(pl=-0.0032 vl=2774082.2083 ent=343.9062)
      [PPO] leag-t0 ep9 step340 cmd(pl=-0.0001 vl=2176089.3750 ent=2.3978) rad(pl=0.0010 vl=2764849.1667 ent=343.9227)
      [PPO] leag-t0 ep9 step382 cmd(pl=-0.0012 vl=2310110.5417 ent=2.3968) rad(pl=-0.0013 vl=2759820.4167 ent=343.9774)
      [PPO] leag-t0 ep9 step424 cmd(pl=-0.0010 vl=2271649.6667 ent=2.3973) rad(pl=-0.0006 vl=2690060.5833 ent=344.0298)
      [PPO] leag-t0 ep9 step466 cmd(pl=-0.0003 vl=2162322.4167 ent=2.3965) rad(pl=0.0012 vl=2723055.7500 ent=344.0876)
    ep 10/10  steps=500 timeout  wr=0.00  avg_r=21300.1294
    ── ep 10/10  wr=0.00  avg_r=21300.1294
  Training main (team 1, p0009) against p0025...
      [PPO] main-t1 ep0 step8 cmd(pl=0.0005 vl=3516778.2917 ent=2.3972) rad(pl=0.3003 vl=5139271.9167 ent=332.3721)
      [PPO] main-t1 ep0 step50 cmd(pl=0.1578 vl=12061753.0000 ent=2.4012) rad(pl=0.3501 vl=6119940.3333 ent=332.4560)
      [PPO] main-t1 ep0 step92 cmd(pl=0.1814 vl=11618926.5000 ent=2.4015) rad(pl=0.3520 vl=6116576.2500 ent=332.5309)
      [PPO] main-t1 ep0 step134 cmd(pl=0.2222 vl=10983342.5000 ent=2.4018) rad(pl=0.3527 vl=6140879.0833 ent=332.5998)
      [PPO] main-t1 ep0 step176 cmd(pl=0.2104 vl=10649732.3333 ent=2.4019) rad(pl=0.3512 vl=6123929.1667 ent=332.6645)
      [PPO] main-t1 ep0 step218 cmd(pl=0.1384 vl=10191604.1667 ent=2.4014) rad(pl=0.3520 vl=6115201.2500 ent=332.7262)
      [PPO] main-t1 ep0 step260 cmd(pl=0.1970 vl=9832323.8333 ent=2.4023) rad(pl=0.3509 vl=6074890.5833 ent=332.7853)
      [PPO] main-t1 ep0 step302 cmd(pl=0.1391 vl=9317142.5000 ent=2.4025) rad(pl=0.3523 vl=6081644.9167 ent=332.8423)
      [PPO] main-t1 ep0 step344 cmd(pl=0.1705 vl=9013053.1667 ent=2.4023) rad(pl=0.3507 vl=6048188.2500 ent=332.8973)
      [PPO] main-t1 ep0 step386 cmd(pl=0.2030 vl=8804728.1667 ent=2.4026) rad(pl=0.3518 vl=5990830.4167 ent=332.9504)
      [PPO] main-t1 ep0 step428 cmd(pl=0.1441 vl=8385765.5833 ent=2.4022) rad(pl=0.3527 vl=5976126.2500 ent=333.0018)
      [PPO] main-t1 ep0 step470 cmd(pl=0.1829 vl=7952175.4167 ent=2.4026) rad(pl=0.3504 vl=5974272.5000 ent=333.0512)
    ep 1/10  steps=500 timeout  wr=0.00  avg_r=5402.9442
      [PPO] main-t1 ep1 step13 cmd(pl=0.1523 vl=7495031.6667 ent=2.4026) rad(pl=0.3606 vl=5962611.5000 ent=333.0990)
      [PPO] main-t1 ep1 step55 cmd(pl=0.1732 vl=7044362.9167 ent=2.4021) rad(pl=0.3583 vl=6037084.9167 ent=333.1453)
      [PPO] main-t1 ep1 step97 cmd(pl=0.1628 vl=6591517.4167 ent=2.4021) rad(pl=0.3602 vl=6045332.3333 ent=333.1901)
      [PPO] main-t1 ep1 step139 cmd(pl=0.1524 vl=6304241.6667 ent=2.4013) rad(pl=0.3587 vl=6023502.5000 ent=333.2335)
      [PPO] main-t1 ep1 step181 cmd(pl=0.1316 vl=5786456.3333 ent=2.4018) rad(pl=0.3586 vl=6050464.4167 ent=333.2754)
      [PPO] main-t1 ep1 step223 cmd(pl=0.1891 vl=5701024.3333 ent=2.4012) rad(pl=0.3601 vl=6002829.6667 ent=333.3159)
      [PPO] main-t1 ep1 step265 cmd(pl=0.1541 vl=5413483.5833 ent=2.4024) rad(pl=0.3594 vl=5987473.2500 ent=333.3550)
      [PPO] main-t1 ep1 step307 cmd(pl=0.1976 vl=5065476.6667 ent=2.4013) rad(pl=0.3615 vl=5996301.0833 ent=333.3928)
      [PPO] main-t1 ep1 step349 cmd(pl=0.2480 vl=4868926.4167 ent=2.4019) rad(pl=0.3596 vl=5953259.6667 ent=333.4293)
      [PPO] main-t1 ep1 step391 cmd(pl=0.1910 vl=4693040.2500 ent=2.4013) rad(pl=0.3586 vl=5921896.6667 ent=333.4646)
      [PPO] main-t1 ep1 step433 cmd(pl=0.1221 vl=4669041.5833 ent=2.4016) rad(pl=0.3587 vl=5869484.6667 ent=333.4987)
      [PPO] main-t1 ep1 step475 cmd(pl=0.1197 vl=4266593.7917 ent=2.4013) rad(pl=0.3584 vl=5893503.4167 ent=333.5318)
    ep 2/10  steps=500 timeout  wr=0.00  avg_r=5442.5635
      [PPO] main-t1 ep2 step18 cmd(pl=0.1497 vl=4153196.3333 ent=2.4022) rad(pl=0.3360 vl=6156160.6667 ent=333.5636)
      [PPO] main-t1 ep2 step60 cmd(pl=0.2281 vl=4041363.5417 ent=2.4032) rad(pl=0.3403 vl=6196955.0000 ent=333.5942)
      [PPO] main-t1 ep2 step102 cmd(pl=0.1586 vl=3802465.8750 ent=2.4030) rad(pl=0.3377 vl=6181827.3333 ent=333.6237)
      [PPO] main-t1 ep2 step144 cmd(pl=0.1407 vl=3536368.4167 ent=2.4029) rad(pl=0.3402 vl=6189496.2500 ent=333.6522)
      [PPO] main-t1 ep2 step186 cmd(pl=0.1711 vl=3355916.9583 ent=2.4025) rad(pl=0.3394 vl=6161313.0000 ent=333.6797)
      [PPO] main-t1 ep2 step228 cmd(pl=0.2086 vl=3321098.0833 ent=2.4032) rad(pl=0.3397 vl=6116485.4167 ent=333.7063)
      [PPO] main-t1 ep2 step270 cmd(pl=0.1080 vl=2982626.8750 ent=2.4031) rad(pl=0.3399 vl=6138929.0833 ent=333.7320)
      [PPO] main-t1 ep2 step312 cmd(pl=0.1651 vl=2790517.5417 ent=2.4028) rad(pl=0.3403 vl=6132784.9167 ent=333.7568)
      [PPO] main-t1 ep2 step354 cmd(pl=0.1444 vl=2727448.9583 ent=2.4028) rad(pl=0.3408 vl=6090625.4167 ent=333.7808)
      [PPO] main-t1 ep2 step396 cmd(pl=0.1298 vl=2524560.4167 ent=2.4029) rad(pl=0.3409 vl=6092217.0000 ent=333.8040)
      [PPO] main-t1 ep2 step438 cmd(pl=0.2037 vl=2290538.5833 ent=2.4023) rad(pl=0.3400 vl=6096160.5000 ent=333.8265)
      [PPO] main-t1 ep2 step480 cmd(pl=0.1323 vl=2292462.1667 ent=2.4028) rad(pl=0.3391 vl=6047283.8333 ent=333.8481)
    ep 3/10  steps=500 timeout  wr=0.00  avg_r=5384.2452
      [PPO] main-t1 ep3 step23 cmd(pl=0.1512 vl=2210771.0833 ent=2.4017) rad(pl=0.3496 vl=6559987.3333 ent=333.8692)
      [PPO] main-t1 ep3 step65 cmd(pl=0.1565 vl=2220666.5000 ent=2.4008) rad(pl=0.3590 vl=7098150.0000 ent=333.8898)
      [PPO] main-t1 ep3 step107 cmd(pl=0.1566 vl=2041904.1875 ent=2.4007) rad(pl=0.3595 vl=7098029.0833 ent=333.9099)
      [PPO] main-t1 ep3 step149 cmd(pl=0.1094 vl=1941875.6875 ent=2.4008) rad(pl=0.3597 vl=7074415.4167 ent=333.9296)
      [PPO] main-t1 ep3 step191 cmd(pl=0.1413 vl=1771628.2500 ent=2.4005) rad(pl=0.3589 vl=7074671.0000 ent=333.9486)
      [PPO] main-t1 ep3 step233 cmd(pl=0.1434 vl=1768229.3958 ent=2.4008) rad(pl=0.3598 vl=7026028.6667 ent=333.9671)
      [PPO] main-t1 ep3 step275 cmd(pl=0.1224 vl=1549931.4583 ent=2.4012) rad(pl=0.3596 vl=7052802.5833 ent=333.9850)
      [PPO] main-t1 ep3 step317 cmd(pl=0.1282 vl=1390401.0208 ent=2.4002) rad(pl=0.3594 vl=7046773.3333 ent=334.0023)
      [PPO] main-t1 ep3 step359 cmd(pl=0.1359 vl=1392150.2500 ent=2.4001) rad(pl=0.3604 vl=6988007.4167 ent=334.0190)
      [PPO] main-t1 ep3 step401 cmd(pl=0.1637 vl=1273406.6042 ent=2.4012) rad(pl=0.3589 vl=7000661.8333 ent=334.0352)
      [PPO] main-t1 ep3 step443 cmd(pl=0.1982 vl=1214522.5208 ent=2.4005) rad(pl=0.3592 vl=6960264.3333 ent=334.0509)
      [PPO] main-t1 ep3 step485 cmd(pl=0.1528 vl=1105462.2500 ent=2.4007) rad(pl=0.3597 vl=6963130.0833 ent=334.0660)
    ep 4/10  steps=500 timeout  wr=0.00  avg_r=5318.5099
      [PPO] main-t1 ep4 step28 cmd(pl=0.1915 vl=868211.8438 ent=2.3989) rad(pl=0.3637 vl=6695955.1667 ent=334.0806)
      [PPO] main-t1 ep4 step70 cmd(pl=0.0755 vl=835564.9688 ent=2.3996) rad(pl=0.3706 vl=6420519.0000 ent=334.0949)
      [PPO] main-t1 ep4 step112 cmd(pl=0.1306 vl=817403.9792 ent=2.3986) rad(pl=0.3706 vl=6386284.4167 ent=334.1088)
      [PPO] main-t1 ep4 step154 cmd(pl=0.1312 vl=712518.2500 ent=2.3982) rad(pl=0.3710 vl=6399998.7500 ent=334.1222)
      [PPO] main-t1 ep4 step196 cmd(pl=0.2035 vl=578593.7500 ent=2.3973) rad(pl=0.3708 vl=6431717.9167 ent=334.1354)
      [PPO] main-t1 ep4 step238 cmd(pl=0.0809 vl=598341.2500 ent=2.3968) rad(pl=0.3704 vl=6372052.0000 ent=334.1481)
      [PPO] main-t1 ep4 step280 cmd(pl=0.0820 vl=574508.0312 ent=2.3959) rad(pl=0.3705 vl=6336766.4167 ent=334.1605)
      [PPO] main-t1 ep4 step322 cmd(pl=0.1564 vl=531722.8958 ent=2.3954) rad(pl=0.3703 vl=6318365.0833 ent=334.1725)
      [PPO] main-t1 ep4 step364 cmd(pl=0.1641 vl=421281.3542 ent=2.3951) rad(pl=0.3708 vl=6351883.0833 ent=334.1842)
      [PPO] main-t1 ep4 step406 cmd(pl=0.1694 vl=343673.0417 ent=2.3939) rad(pl=0.3703 vl=6372715.8333 ent=334.1955)
      [PPO] main-t1 ep4 step448 cmd(pl=0.1238 vl=337292.7240 ent=2.3925) rad(pl=0.3706 vl=6320119.1667 ent=334.2065)
      [PPO] main-t1 ep4 step490 cmd(pl=0.1448 vl=313806.1146 ent=2.3912) rad(pl=0.3706 vl=6288937.0833 ent=334.2173)
    ep 5/10  steps=500 timeout  wr=0.00  avg_r=5301.2421
    ── ep 5/10  wr=0.00  avg_r=5301.2421
  Training main (team 1, p0009) against self...
      [PPO] main-t1 ep0 step33 cmd(pl=0.0377 vl=974431.1146 ent=2.3924) rad(pl=-0.0416 vl=6044996.2500 ent=334.2208)
      [PPO] main-t1 ep0 step75 cmd(pl=-0.0000 vl=1319258.2083 ent=2.3926) rad(pl=0.0067 vl=5888171.3333 ent=334.1948)
      [PPO] main-t1 ep0 step117 cmd(pl=0.0000 vl=1476096.6667 ent=2.3922) rad(pl=0.0096 vl=5707576.0833 ent=334.1666)
      [PPO] main-t1 ep0 step159 cmd(pl=-0.0001 vl=1242592.5417 ent=2.3915) rad(pl=0.0019 vl=5436024.3333 ent=334.1504)
      [PPO] main-t1 ep0 step201 cmd(pl=-0.0001 vl=1332447.6875 ent=2.3915) rad(pl=0.0012 vl=5302939.9167 ent=334.1438)
      [PPO] main-t1 ep0 step243 cmd(pl=-0.0000 vl=1440405.0625 ent=2.3920) rad(pl=-0.0005 vl=5150709.2500 ent=334.1484)
      [PPO] main-t1 ep0 step285 cmd(pl=-0.0000 vl=1314095.2708 ent=2.3912) rad(pl=-0.0008 vl=4978331.5000 ent=334.1590)
      [PPO] main-t1 ep0 step327 cmd(pl=-0.0000 vl=1268213.7917 ent=2.3921) rad(pl=-0.0001 vl=4850930.8333 ent=334.1680)
      [PPO] main-t1 ep0 step369 cmd(pl=-0.0000 vl=1278068.7500 ent=2.3921) rad(pl=0.0004 vl=4723269.1667 ent=334.1653)
      [PPO] main-t1 ep0 step411 cmd(pl=-0.0000 vl=1329887.7708 ent=2.3919) rad(pl=-0.0005 vl=4608565.1667 ent=334.1554)
      [PPO] main-t1 ep0 step453 cmd(pl=-0.0000 vl=1256882.1667 ent=2.3922) rad(pl=-0.0007 vl=4476061.0000 ent=334.1495)
      [PPO] main-t1 ep0 step495 cmd(pl=-0.0000 vl=1351370.2083 ent=2.3908) rad(pl=-0.0004 vl=4424916.9167 ent=334.1566)
    ep 1/10  steps=500 timeout  wr=0.00  avg_r=20443.8634
      [PPO] main-t1 ep1 step38 cmd(pl=-0.0001 vl=1426369.1458 ent=2.3897) rad(pl=-0.0013 vl=3507520.1667 ent=334.1572)
      [PPO] main-t1 ep1 step80 cmd(pl=-0.0001 vl=1230615.5625 ent=2.3890) rad(pl=-0.0001 vl=3297964.0833 ent=334.1472)
      [PPO] main-t1 ep1 step122 cmd(pl=-0.0000 vl=1234110.7292 ent=2.3890) rad(pl=-0.0022 vl=3266502.5417 ent=334.1338)
      [PPO] main-t1 ep1 step164 cmd(pl=-0.0000 vl=1306270.2292 ent=2.3882) rad(pl=0.0026 vl=3214990.8333 ent=334.1380)
      [PPO] main-t1 ep1 step206 cmd(pl=-0.0000 vl=1264366.8542 ent=2.3887) rad(pl=-0.0004 vl=3165636.9167 ent=334.1569)
      [PPO] main-t1 ep1 step248 cmd(pl=-0.0000 vl=1253030.8333 ent=2.3889) rad(pl=-0.0022 vl=3123206.5000 ent=334.1620)
      [PPO] main-t1 ep1 step290 cmd(pl=-0.0001 vl=1174899.1458 ent=2.3889) rad(pl=0.0007 vl=3061010.9583 ent=334.1664)
      [PPO] main-t1 ep1 step332 cmd(pl=-0.0000 vl=1287296.8125 ent=2.3893) rad(pl=-0.0017 vl=3051988.5417 ent=334.1650)
      [PPO] main-t1 ep1 step374 cmd(pl=-0.0000 vl=1289766.8125 ent=2.3897) rad(pl=0.0002 vl=3001587.0000 ent=334.1948)
      [PPO] main-t1 ep1 step416 cmd(pl=-0.0000 vl=1243219.6458 ent=2.3899) rad(pl=-0.0040 vl=2956908.7917 ent=334.2000)
      [PPO] main-t1 ep1 step458 cmd(pl=-0.0000 vl=1161989.2292 ent=2.3895) rad(pl=0.0012 vl=2899167.9167 ent=334.1592)
    ep 2/10  steps=500 timeout  wr=0.00  avg_r=20451.6486
      [PPO] main-t1 ep2 step1 cmd(pl=-0.0000 vl=1312563.7708 ent=2.3896) rad(pl=0.0007 vl=2908041.0417 ent=334.1638)
      [PPO] main-t1 ep2 step43 cmd(pl=-0.0000 vl=1277663.5833 ent=2.3841) rad(pl=0.0011 vl=3508837.5000 ent=334.2094)
      [PPO] main-t1 ep2 step85 cmd(pl=-0.0000 vl=1299673.9167 ent=2.3837) rad(pl=-0.0016 vl=3487068.0833 ent=334.2339)
      [PPO] main-t1 ep2 step127 cmd(pl=-0.0000 vl=1326818.4167 ent=2.3830) rad(pl=0.0012 vl=3468228.9583 ent=334.2403)
      [PPO] main-t1 ep2 step169 cmd(pl=-0.0001 vl=1203664.3333 ent=2.3835) rad(pl=0.0007 vl=3420881.5417 ent=334.2516)
      [PPO] main-t1 ep2 step211 cmd(pl=-0.0000 vl=1291824.6042 ent=2.3841) rad(pl=-0.0007 vl=3417224.9167 ent=334.2549)
      [PPO] main-t1 ep2 step253 cmd(pl=-0.0000 vl=1212597.8125 ent=2.3843) rad(pl=-0.0004 vl=3388188.3750 ent=334.2662)
      [PPO] main-t1 ep2 step295 cmd(pl=-0.0000 vl=1237664.3750 ent=2.3839) rad(pl=-0.0030 vl=3365950.6667 ent=334.2812)
      [PPO] main-t1 ep2 step337 cmd(pl=-0.0001 vl=1333410.8542 ent=2.3841) rad(pl=-0.0012 vl=3364419.2917 ent=334.3003)
      [PPO] main-t1 ep2 step379 cmd(pl=-0.0000 vl=1167437.6875 ent=2.3846) rad(pl=0.0003 vl=3308876.3750 ent=334.3189)
      [PPO] main-t1 ep2 step421 cmd(pl=-0.0001 vl=1170167.7917 ent=2.3852) rad(pl=-0.0007 vl=3285940.3750 ent=334.3265)
      [PPO] main-t1 ep2 step463 cmd(pl=0.0000 vl=1315651.0000 ent=2.3844) rad(pl=0.0008 vl=3276923.7917 ent=334.3244)
    ep 3/10  steps=500 timeout  wr=0.00  avg_r=20481.1076
      [PPO] main-t1 ep3 step6 cmd(pl=-0.0000 vl=1223570.4792 ent=2.3854) rad(pl=-0.0005 vl=3084147.2917 ent=334.3523)
      [PPO] main-t1 ep3 step48 cmd(pl=-0.0000 vl=1231301.0417 ent=2.3873) rad(pl=-0.0013 vl=2064559.0417 ent=334.3851)
      [PPO] main-t1 ep3 step90 cmd(pl=-0.0000 vl=1299646.5833 ent=2.3864) rad(pl=0.0002 vl=2068239.7500 ent=334.4143)
      [PPO] main-t1 ep3 step132 cmd(pl=-0.0000 vl=1358424.3125 ent=2.3866) rad(pl=-0.0002 vl=2063234.6042 ent=334.4309)
      [PPO] main-t1 ep3 step174 cmd(pl=-0.0000 vl=1397787.8958 ent=2.3873) rad(pl=0.0002 vl=2058114.5625 ent=334.4305)
      [PPO] main-t1 ep3 step216 cmd(pl=-0.0000 vl=1212445.0000 ent=2.3876) rad(pl=-0.0030 vl=1987968.7917 ent=334.4464)
      [PPO] main-t1 ep3 step258 cmd(pl=-0.0000 vl=1291713.2292 ent=2.3874) rad(pl=0.0008 vl=1994144.7917 ent=334.4765)
      [PPO] main-t1 ep3 step300 cmd(pl=-0.0000 vl=1385574.0000 ent=2.3857) rad(pl=0.0003 vl=2013962.3125 ent=334.4865)
      [PPO] main-t1 ep3 step342 cmd(pl=-0.0000 vl=1327221.9792 ent=2.3868) rad(pl=-0.0013 vl=1973602.2708 ent=334.4942)
      [PPO] main-t1 ep3 step384 cmd(pl=-0.0000 vl=1336408.7083 ent=2.3859) rad(pl=-0.0038 vl=1956990.2083 ent=334.4953)
      [PPO] main-t1 ep3 step426 cmd(pl=-0.0000 vl=1354645.0208 ent=2.3863) rad(pl=-0.0001 vl=1951047.5208 ent=334.4839)
      [PPO] main-t1 ep3 step468 cmd(pl=-0.0001 vl=1350560.6667 ent=2.3866) rad(pl=-0.0014 vl=1921265.2708 ent=334.4769)
    ep 4/10  steps=500 timeout  wr=0.00  avg_r=20471.6589
      [PPO] main-t1 ep4 step11 cmd(pl=-0.0000 vl=1315359.7500 ent=2.3877) rad(pl=-0.0011 vl=2044766.4792 ent=334.4619)
      [PPO] main-t1 ep4 step53 cmd(pl=-0.0000 vl=1378252.1042 ent=2.3897) rad(pl=0.0009 vl=2522229.3750 ent=334.4488)
      [PPO] main-t1 ep4 step95 cmd(pl=-0.0001 vl=1537921.9167 ent=2.3898) rad(pl=0.0004 vl=2532356.5417 ent=334.4593)
      [PPO] main-t1 ep4 step137 cmd(pl=-0.0000 vl=1516792.9583 ent=2.3896) rad(pl=-0.0018 vl=2531323.4583 ent=334.5002)
      [PPO] main-t1 ep4 step179 cmd(pl=-0.0001 vl=1468144.1042 ent=2.3895) rad(pl=0.0002 vl=2501938.1250 ent=334.5294)
      [PPO] main-t1 ep4 step221 cmd(pl=-0.0001 vl=1494848.0833 ent=2.3895) rad(pl=-0.0007 vl=2492579.9167 ent=334.5602)
      [PPO] main-t1 ep4 step263 cmd(pl=-0.0000 vl=1552878.7708 ent=2.3894) rad(pl=0.0016 vl=2496054.5417 ent=334.5832)
      [PPO] main-t1 ep4 step305 cmd(pl=-0.0000 vl=1579206.9167 ent=2.3895) rad(pl=-0.0020 vl=2485101.7083 ent=334.5887)
      [PPO] main-t1 ep4 step347 cmd(pl=-0.0000 vl=1592450.7083 ent=2.3890) rad(pl=-0.0043 vl=2474179.1667 ent=334.6102)
      [PPO] main-t1 ep4 step389 cmd(pl=-0.0000 vl=1659508.0417 ent=2.3897) rad(pl=-0.0022 vl=2463370.1667 ent=334.6268)
      [PPO] main-t1 ep4 step431 cmd(pl=-0.0000 vl=1539961.7083 ent=2.3895) rad(pl=0.0010 vl=2412020.7500 ent=334.6420)
      [PPO] main-t1 ep4 step473 cmd(pl=-0.0001 vl=1753235.0208 ent=2.3902) rad(pl=-0.0009 vl=2455231.3333 ent=334.6541)
    ep 5/10  steps=500 timeout  wr=0.00  avg_r=20469.4361
    ── ep 5/10  wr=0.00  avg_r=20469.4361
  Training main_exploiter (team 1, p0010) against p0029...
      [PPO] main-t1 ep0 step43 cmd(pl=0.1130 vl=1616503.7292 ent=2.4894) rad(pl=0.3674 vl=1983960.2083 ent=343.9942)
      [PPO] main-t1 ep0 step85 cmd(pl=0.0754 vl=1658763.5625 ent=2.4893) rad(pl=0.3833 vl=1976068.0833 ent=344.0857)
      [PPO] main-t1 ep0 step127 cmd(pl=0.1000 vl=1526258.8333 ent=2.4896) rad(pl=0.3862 vl=1962015.7083 ent=344.1775)
      [PPO] main-t1 ep0 step169 cmd(pl=0.1247 vl=1530380.8125 ent=2.4900) rad(pl=0.3856 vl=1970765.8333 ent=344.2700)
      [PPO] main-t1 ep0 step211 cmd(pl=0.0985 vl=1552246.6250 ent=2.4893) rad(pl=0.3820 vl=1969416.9583 ent=344.3627)
      [PPO] main-t1 ep0 step253 cmd(pl=0.1086 vl=1478610.6042 ent=2.4879) rad(pl=0.3846 vl=1977828.7292 ent=344.4557)
      [PPO] main-t1 ep0 step295 cmd(pl=0.0612 vl=1331591.3750 ent=2.4876) rad(pl=0.3865 vl=1942982.4167 ent=344.5488)
      [PPO] main-t1 ep0 step337 cmd(pl=0.0729 vl=1424021.0625 ent=2.4874) rad(pl=0.3808 vl=1943617.8750 ent=344.6425)
      [PPO] main-t1 ep0 step379 cmd(pl=0.0821 vl=1283226.6250 ent=2.4864) rad(pl=0.3843 vl=1930910.8958 ent=344.7368)
      [PPO] main-t1 ep0 step421 cmd(pl=0.0783 vl=1404947.7708 ent=2.4856) rad(pl=0.3784 vl=1941463.4583 ent=344.8316)
      [PPO] main-t1 ep0 step463 cmd(pl=0.0514 vl=1253465.6458 ent=2.4861) rad(pl=0.3839 vl=1934751.1875 ent=344.9268)
    ep 1/10  steps=500 timeout  wr=0.00  avg_r=19434.1608
      [PPO] main-t1 ep1 step6 cmd(pl=0.0457 vl=1239906.5833 ent=2.4844) rad(pl=0.3638 vl=1999866.0000 ent=345.0224)
      [PPO] main-t1 ep1 step48 cmd(pl=0.0220 vl=1335860.9583 ent=2.4801) rad(pl=0.3714 vl=2819086.0833 ent=345.1194)
      [PPO] main-t1 ep1 step90 cmd(pl=0.0362 vl=1330211.9583 ent=2.4807) rad(pl=0.3703 vl=2784590.5000 ent=345.2173)
      [PPO] main-t1 ep1 step132 cmd(pl=0.0026 vl=1311236.8750 ent=2.4818) rad(pl=0.3708 vl=2797843.0417 ent=345.3161)
      [PPO] main-t1 ep1 step174 cmd(pl=-0.0053 vl=1289664.0208 ent=2.4821) rad(pl=0.3721 vl=2798174.5417 ent=345.4154)
      [PPO] main-t1 ep1 step216 cmd(pl=-0.0004 vl=1304740.1250 ent=2.4847) rad(pl=0.3719 vl=2791947.6667 ent=345.5148)
      [PPO] main-t1 ep1 step258 cmd(pl=-0.0026 vl=1276065.2708 ent=2.4843) rad(pl=0.3720 vl=2767786.2917 ent=345.6146)
      [PPO] main-t1 ep1 step300 cmd(pl=0.0025 vl=1301678.0208 ent=2.4877) rad(pl=0.3719 vl=2762251.8333 ent=345.7150)
      [PPO] main-t1 ep1 step342 cmd(pl=0.0112 vl=1280822.3958 ent=2.4886) rad(pl=0.3721 vl=2756877.8333 ent=345.8159)
      [PPO] main-t1 ep1 step384 cmd(pl=0.0062 vl=1373101.1667 ent=2.4910) rad(pl=0.3707 vl=2771424.8750 ent=345.9171)
      [PPO] main-t1 ep1 step426 cmd(pl=-0.0022 vl=1258008.1458 ent=2.4936) rad(pl=0.3724 vl=2753813.7917 ent=346.0183)
      [PPO] main-t1 ep1 step468 cmd(pl=0.0001 vl=1304113.2500 ent=2.4928) rad(pl=0.3712 vl=2751863.8333 ent=346.1196)
    ep 2/10  steps=500 timeout  wr=0.00  avg_r=19392.0990
      [PPO] main-t1 ep2 step11 cmd(pl=-0.0014 vl=1327331.2917 ent=2.4946) rad(pl=0.3616 vl=2520036.4583 ent=346.2212)
      [PPO] main-t1 ep2 step53 cmd(pl=-0.0043 vl=1362613.8333 ent=2.4947) rad(pl=0.3637 vl=1798878.9167 ent=346.3239)
      [PPO] main-t1 ep2 step95 cmd(pl=0.0035 vl=1347073.7083 ent=2.4950) rad(pl=0.3642 vl=1789718.9167 ent=346.4275)
      [PPO] main-t1 ep2 step137 cmd(pl=-0.0026 vl=1266602.7292 ent=2.4958) rad(pl=0.3638 vl=1772784.6042 ent=346.5320)
      [PPO] main-t1 ep2 step179 cmd(pl=0.0040 vl=1331251.6458 ent=2.4959) rad(pl=0.3638 vl=1760207.6667 ent=346.6377)
      [PPO] main-t1 ep2 step221 cmd(pl=-0.0009 vl=1344485.6250 ent=2.4924) rad(pl=0.3642 vl=1779177.9583 ent=346.7441)
      [PPO] main-t1 ep2 step263 cmd(pl=-0.0035 vl=1359681.2500 ent=2.4927) rad(pl=0.3646 vl=1769613.0417 ent=346.8509)
      [PPO] main-t1 ep2 step305 cmd(pl=-0.0019 vl=1282209.8958 ent=2.4946) rad(pl=0.3642 vl=1744487.4375 ent=346.9580)
      [PPO] main-t1 ep2 step347 cmd(pl=-0.0028 vl=1296383.7500 ent=2.4940) rad(pl=0.3641 vl=1729101.6250 ent=347.0662)
      [PPO] main-t1 ep2 step389 cmd(pl=-0.0006 vl=1260345.5417 ent=2.4950) rad(pl=0.3640 vl=1724019.6042 ent=347.1755)
      [PPO] main-t1 ep2 step431 cmd(pl=0.0033 vl=1245349.1458 ent=2.4948) rad(pl=0.3634 vl=1715070.4167 ent=347.2857)
      [PPO] main-t1 ep2 step473 cmd(pl=-0.0038 vl=1342826.9167 ent=2.4957) rad(pl=0.3646 vl=1733802.3125 ent=347.3967)
    ep 3/10  steps=500 timeout  wr=0.00  avg_r=19354.1312
      [PPO] main-t1 ep3 step16 cmd(pl=0.0241 vl=1280846.5625 ent=2.4964) rad(pl=0.3555 vl=1891098.5208 ent=347.5074)
      [PPO] main-t1 ep3 step58 cmd(pl=0.0042 vl=1391816.6458 ent=2.4939) rad(pl=0.3889 vl=2294507.2500 ent=347.6155)
      [PPO] main-t1 ep3 step100 cmd(pl=0.0114 vl=1284214.7708 ent=2.4962) rad(pl=0.3900 vl=2240483.1250 ent=347.7152)
      [PPO] main-t1 ep3 step142 cmd(pl=0.0036 vl=1242957.4583 ent=2.4974) rad(pl=0.3904 vl=2241410.6667 ent=347.8098)
      [PPO] main-t1 ep3 step184 cmd(pl=0.0027 vl=1274363.1042 ent=2.5000) rad(pl=0.3894 vl=2242429.8750 ent=347.9022)
      [PPO] main-t1 ep3 step226 cmd(pl=0.0039 vl=1278106.3333 ent=2.5041) rad(pl=0.3904 vl=2217240.2500 ent=347.9931)
      [PPO] main-t1 ep3 step268 cmd(pl=-0.0061 vl=1293109.4167 ent=2.5062) rad(pl=0.3901 vl=2212630.6250 ent=348.0839)
      [PPO] main-t1 ep3 step310 cmd(pl=0.0032 vl=1312964.8750 ent=2.5056) rad(pl=0.3891 vl=2180768.5000 ent=348.1747)
      [PPO] main-t1 ep3 step352 cmd(pl=0.0068 vl=1292722.8542 ent=2.5038) rad(pl=0.3891 vl=2185461.1875 ent=348.2662)
      [PPO] main-t1 ep3 step394 cmd(pl=0.0032 vl=1201948.9792 ent=2.5070) rad(pl=0.3894 vl=2132131.2292 ent=348.3580)
      [PPO] main-t1 ep3 step436 cmd(pl=-0.0044 vl=1278049.3750 ent=2.5113) rad(pl=0.3895 vl=2151889.5625 ent=348.4510)
      [PPO] main-t1 ep3 step478 cmd(pl=0.0068 vl=1234137.4167 ent=2.5152) rad(pl=0.3900 vl=2146253.2083 ent=348.5443)
    ep 4/10  steps=500 timeout  wr=0.00  avg_r=19349.5116
      [PPO] main-t1 ep4 step21 cmd(pl=0.0085 vl=1276390.6250 ent=2.5247) rad(pl=0.3743 vl=1727800.7708 ent=348.6406)
      [PPO] main-t1 ep4 step63 cmd(pl=0.0042 vl=1284724.9375 ent=2.5303) rad(pl=0.3976 vl=1283260.6667 ent=348.7514)
      [PPO] main-t1 ep4 step105 cmd(pl=-0.0050 vl=1284246.4792 ent=2.5317) rad(pl=0.3975 vl=1276494.2083 ent=348.8828)
      [PPO] main-t1 ep4 step147 cmd(pl=-0.0058 vl=1260560.1042 ent=2.5337) rad(pl=0.3954 vl=1275934.0208 ent=349.0274)
      [PPO] main-t1 ep4 step189 cmd(pl=-0.0055 vl=1307432.6042 ent=2.5314) rad(pl=0.3985 vl=1278724.0000 ent=349.1793)
      [PPO] main-t1 ep4 step231 cmd(pl=-0.0015 vl=1337520.3333 ent=2.5314) rad(pl=0.3982 vl=1269937.5417 ent=349.3351)
      [PPO] main-t1 ep4 step273 cmd(pl=0.0039 vl=1262791.6458 ent=2.5321) rad(pl=0.3962 vl=1270549.1042 ent=349.4938)
      [PPO] main-t1 ep4 step315 cmd(pl=-0.0009 vl=1308356.1250 ent=2.5332) rad(pl=0.3996 vl=1267468.4375 ent=349.6540)
      [PPO] main-t1 ep4 step357 cmd(pl=-0.0005 vl=1275759.6354 ent=2.5360) rad(pl=0.3965 vl=1247443.5625 ent=349.8156)
      [PPO] main-t1 ep4 step399 cmd(pl=0.0093 vl=1269467.8125 ent=2.5352) rad(pl=0.3971 vl=1241185.8750 ent=349.9808)
      [PPO] main-t1 ep4 step441 cmd(pl=-0.0047 vl=1302965.5833 ent=2.5342) rad(pl=0.3986 vl=1250835.7708 ent=350.1487)
      [PPO] main-t1 ep4 step483 cmd(pl=0.0059 vl=1341632.9792 ent=2.5320) rad(pl=0.3995 vl=1253309.2083 ent=350.3175)
    ep 5/10  steps=500 timeout  wr=0.00  avg_r=19337.0719
    ── ep 5/10  wr=0.00  avg_r=19337.0719
      [PPO] main-t1 ep5 step26 cmd(pl=0.0067 vl=1289966.8958 ent=2.5331) rad(pl=0.3644 vl=1273565.4167 ent=350.4850)
      [PPO] main-t1 ep5 step68 cmd(pl=-0.0059 vl=1225493.5208 ent=2.5346) rad(pl=0.3662 vl=1266765.4375 ent=350.6505)
      [PPO] main-t1 ep5 step110 cmd(pl=-0.0027 vl=1277415.0625 ent=2.5373) rad(pl=0.3675 vl=1271491.2500 ent=350.8126)
      [PPO] main-t1 ep5 step152 cmd(pl=0.0002 vl=1224016.0208 ent=2.5382) rad(pl=0.3654 vl=1261287.6875 ent=350.9725)
      [PPO] main-t1 ep5 step194 cmd(pl=-0.0012 vl=1318067.0625 ent=2.5402) rad(pl=0.3700 vl=1262426.9792 ent=351.1321)
      [PPO] main-t1 ep5 step236 cmd(pl=0.0017 vl=1209370.8646 ent=2.5416) rad(pl=0.3664 vl=1246844.2292 ent=351.2915)
      [PPO] main-t1 ep5 step278 cmd(pl=-0.0001 vl=1238720.3958 ent=2.5405) rad(pl=0.3667 vl=1253628.2500 ent=351.4520)
      [PPO] main-t1 ep5 step320 cmd(pl=-0.0018 vl=1252443.7292 ent=2.5441) rad(pl=0.3670 vl=1244075.7500 ent=351.6138)
      [PPO] main-t1 ep5 step362 cmd(pl=-0.0050 vl=1246610.4167 ent=2.5497) rad(pl=0.3669 vl=1246050.2708 ent=351.7764)
      [PPO] main-t1 ep5 step404 cmd(pl=0.0060 vl=1262694.9479 ent=2.5553) rad(pl=0.3673 vl=1230402.2083 ent=351.9396)
      [PPO] main-t1 ep5 step446 cmd(pl=0.0005 vl=1255247.7083 ent=2.5568) rad(pl=0.3663 vl=1233240.5625 ent=352.1047)
      [PPO] main-t1 ep5 step488 cmd(pl=0.0062 vl=1282466.0000 ent=2.5554) rad(pl=0.3686 vl=1228182.7500 ent=352.2713)
    ep 6/10  steps=500 timeout  wr=0.00  avg_r=19330.5506
      [PPO] main-t1 ep6 step31 cmd(pl=-0.0007 vl=1322081.1458 ent=2.5495) rad(pl=0.3441 vl=1730256.3125 ent=352.4327)
      [PPO] main-t1 ep6 step73 cmd(pl=-0.0049 vl=1337109.0000 ent=2.5473) rad(pl=0.3376 vl=1931915.3750 ent=352.5669)
      [PPO] main-t1 ep6 step115 cmd(pl=0.0023 vl=1293555.6667 ent=2.5469) rad(pl=0.3355 vl=1919739.0625 ent=352.6772)
      [PPO] main-t1 ep6 step157 cmd(pl=-0.0021 vl=1298290.4583 ent=2.5463) rad(pl=0.3362 vl=1932356.7292 ent=352.7740)
      [PPO] main-t1 ep6 step199 cmd(pl=0.0022 vl=1294372.1250 ent=2.5476) rad(pl=0.3349 vl=1900418.5625 ent=352.8638)
      [PPO] main-t1 ep6 step241 cmd(pl=0.0005 vl=1267922.2708 ent=2.5484) rad(pl=0.3372 vl=1901142.5417 ent=352.9502)
      [PPO] main-t1 ep6 step283 cmd(pl=-0.0005 vl=1263446.3958 ent=2.5478) rad(pl=0.3387 vl=1913584.1667 ent=353.0349)
      [PPO] main-t1 ep6 step325 cmd(pl=0.0071 vl=1342407.3333 ent=2.5464) rad(pl=0.3375 vl=1921920.6875 ent=353.1187)
      [PPO] main-t1 ep6 step367 cmd(pl=-0.0047 vl=1267772.1979 ent=2.5467) rad(pl=0.3374 vl=1882077.1042 ent=353.2020)
      [PPO] main-t1 ep6 step409 cmd(pl=0.0029 vl=1363672.1250 ent=2.5455) rad(pl=0.3379 vl=1921586.6667 ent=353.2854)
      [PPO] main-t1 ep6 step451 cmd(pl=-0.0023 vl=1285537.9583 ent=2.5429) rad(pl=0.3387 vl=1861708.8333 ent=353.3688)
      [PPO] main-t1 ep6 step493 cmd(pl=-0.0005 vl=1279161.4375 ent=2.5388) rad(pl=0.3369 vl=1857299.1042 ent=353.4529)
    ep 7/10  steps=500 timeout  wr=0.00  avg_r=19356.1883
      [PPO] main-t1 ep7 step36 cmd(pl=0.0081 vl=1324119.7500 ent=2.5412) rad(pl=0.3379 vl=1490625.5833 ent=353.5392)
      [PPO] main-t1 ep7 step78 cmd(pl=0.0065 vl=1321542.7083 ent=2.5415) rad(pl=0.3549 vl=1438098.4375 ent=353.6332)
      [PPO] main-t1 ep7 step120 cmd(pl=-0.0065 vl=1269655.1771 ent=2.5420) rad(pl=0.3543 vl=1399540.5833 ent=353.7337)
      [PPO] main-t1 ep7 step162 cmd(pl=-0.0038 vl=1303201.8125 ent=2.5403) rad(pl=0.3553 vl=1406528.4792 ent=353.8392)
      [PPO] main-t1 ep7 step204 cmd(pl=0.0093 vl=1249873.8333 ent=2.5388) rad(pl=0.3548 vl=1397779.2500 ent=353.9476)
      [PPO] main-t1 ep7 step246 cmd(pl=0.0020 vl=1310135.9583 ent=2.5404) rad(pl=0.3548 vl=1403792.3750 ent=354.0577)
      [PPO] main-t1 ep7 step288 cmd(pl=0.0036 vl=1212064.9375 ent=2.5418) rad(pl=0.3553 vl=1389377.5000 ent=354.1689)
      [PPO] main-t1 ep7 step330 cmd(pl=0.0049 vl=1302587.4375 ent=2.5415) rad(pl=0.3555 vl=1401161.5208 ent=354.2811)
      [PPO] main-t1 ep7 step372 cmd(pl=-0.0091 vl=1341690.7917 ent=2.5412) rad(pl=0.3544 vl=1386493.8958 ent=354.3936)
      [PPO] main-t1 ep7 step414 cmd(pl=0.0065 vl=1253707.0104 ent=2.5376) rad(pl=0.3539 vl=1394534.7500 ent=354.5070)
      [PPO] main-t1 ep7 step456 cmd(pl=0.0044 vl=1314120.2500 ent=2.5331) rad(pl=0.3558 vl=1385287.6875 ent=354.6207)
      [PPO] main-t1 ep7 step498 cmd(pl=0.0015 vl=1377616.3958 ent=2.5298) rad(pl=0.3553 vl=1387234.2917 ent=354.7347)
    ep 8/10  steps=500 timeout  wr=0.00  avg_r=19373.7134
      [PPO] main-t1 ep8 step41 cmd(pl=0.0036 vl=1309130.5417 ent=2.5268) rad(pl=0.3853 vl=1161312.0000 ent=354.8509)
      [PPO] main-t1 ep8 step83 cmd(pl=0.0011 vl=1284388.7917 ent=2.5258) rad(pl=0.4014 vl=1162810.7500 ent=354.9742)
      [PPO] main-t1 ep8 step125 cmd(pl=0.0018 vl=1305575.0208 ent=2.5255) rad(pl=0.4002 vl=1168459.2604 ent=355.1021)
      [PPO] main-t1 ep8 step167 cmd(pl=-0.0026 vl=1192127.7292 ent=2.5282) rad(pl=0.4055 vl=1151054.7500 ent=355.2327)
      [PPO] main-t1 ep8 step209 cmd(pl=-0.0064 vl=1281249.2292 ent=2.5326) rad(pl=0.4013 vl=1147733.2292 ent=355.3663)
      [PPO] main-t1 ep8 step251 cmd(pl=0.0061 vl=1227351.2083 ent=2.5371) rad(pl=0.4044 vl=1140717.5417 ent=355.5024)
      [PPO] main-t1 ep8 step293 cmd(pl=-0.0002 vl=1218943.1875 ent=2.5397) rad(pl=0.4056 vl=1122459.0208 ent=355.6404)
      [PPO] main-t1 ep8 step335 cmd(pl=0.0037 vl=1311030.3750 ent=2.5396) rad(pl=0.3982 vl=1121645.1042 ent=355.7811)
      [PPO] main-t1 ep8 step377 cmd(pl=0.0094 vl=1272699.5417 ent=2.5392) rad(pl=0.4033 vl=1126029.9479 ent=355.9240)
      [PPO] main-t1 ep8 step419 cmd(pl=0.0039 vl=1291971.3542 ent=2.5356) rad(pl=0.3999 vl=1112488.1667 ent=356.0681)
      [PPO] main-t1 ep8 step461 cmd(pl=0.0053 vl=1211770.8542 ent=2.5333) rad(pl=0.4052 vl=1111639.2292 ent=356.2143)
    ep 9/10  steps=500 timeout  wr=0.00  avg_r=19380.5692
      [PPO] main-t1 ep9 step4 cmd(pl=-0.0135 vl=1353757.9792 ent=2.5323) rad(pl=0.3908 vl=1138616.8750 ent=356.3616)
      [PPO] main-t1 ep9 step46 cmd(pl=-0.0012 vl=1340566.6250 ent=2.5327) rad(pl=0.3752 vl=898591.7604 ent=356.5052)
      [PPO] main-t1 ep9 step88 cmd(pl=0.0001 vl=1308169.0417 ent=2.5332) rad(pl=0.3731 vl=896687.6250 ent=356.6474)
      [PPO] main-t1 ep9 step130 cmd(pl=0.0019 vl=1345282.9375 ent=2.5350) rad(pl=0.3744 vl=889544.3229 ent=356.7897)
      [PPO] main-t1 ep9 step172 cmd(pl=0.0002 vl=1221426.7292 ent=2.5347) rad(pl=0.3698 vl=876064.8542 ent=356.9333)
      [PPO] main-t1 ep9 step214 cmd(pl=0.0083 vl=1350631.4167 ent=2.5347) rad(pl=0.3747 vl=894115.3333 ent=357.0778)
      [PPO] main-t1 ep9 step256 cmd(pl=-0.0088 vl=1348974.2708 ent=2.5327) rad(pl=0.3751 vl=875834.7917 ent=357.2215)
      [PPO] main-t1 ep9 step298 cmd(pl=0.0010 vl=1279695.0000 ent=2.5327) rad(pl=0.3720 vl=857970.1458 ent=357.3666)
      [PPO] main-t1 ep9 step340 cmd(pl=-0.0028 vl=1338171.8333 ent=2.5329) rad(pl=0.3747 vl=865266.5208 ent=357.5147)
      [PPO] main-t1 ep9 step382 cmd(pl=0.0019 vl=1273737.6667 ent=2.5326) rad(pl=0.3718 vl=858917.8958 ent=357.6637)
      [PPO] main-t1 ep9 step424 cmd(pl=0.0027 vl=1281481.7292 ent=2.5352) rad(pl=0.3716 vl=834816.2083 ent=357.8143)
      [PPO] main-t1 ep9 step466 cmd(pl=-0.0015 vl=1297722.3958 ent=2.5350) rad(pl=0.3736 vl=846648.3125 ent=357.9680)
    ep 10/10  steps=500 timeout  wr=0.00  avg_r=19387.6101
    ── ep 10/10  wr=0.00  avg_r=19387.6101
  Training league_exploiter (team 1, p0011) against p0026...
      [PPO] leag-t1 ep0 step43 cmd(pl=0.1445 vl=6450891.8333 ent=2.4806) rad(pl=0.3368 vl=4551845.5833 ent=335.9043)
      [PPO] leag-t1 ep0 step85 cmd(pl=0.1676 vl=6312382.6667 ent=2.4817) rad(pl=0.3802 vl=4518197.1667 ent=335.9490)
      [PPO] leag-t1 ep0 step127 cmd(pl=0.1728 vl=6217558.7500 ent=2.4820) rad(pl=0.3797 vl=4478009.4167 ent=335.9956)
      [PPO] leag-t1 ep0 step169 cmd(pl=0.1619 vl=5974155.1667 ent=2.4819) rad(pl=0.3796 vl=4453069.1667 ent=336.0436)
      [PPO] leag-t1 ep0 step211 cmd(pl=0.1279 vl=5366035.4167 ent=2.4814) rad(pl=0.3781 vl=4497506.3333 ent=336.0923)
      [PPO] leag-t1 ep0 step253 cmd(pl=0.2245 vl=5131552.3333 ent=2.4807) rad(pl=0.3794 vl=4471818.4167 ent=336.1410)
      [PPO] leag-t1 ep0 step295 cmd(pl=0.1675 vl=5011044.5833 ent=2.4820) rad(pl=0.3794 vl=4434779.9167 ent=336.1902)
      [PPO] leag-t1 ep0 step337 cmd(pl=0.1645 vl=4718167.2500 ent=2.4808) rad(pl=0.3801 vl=4427233.3333 ent=336.2400)
      [PPO] leag-t1 ep0 step379 cmd(pl=0.1378 vl=4439391.4167 ent=2.4812) rad(pl=0.3801 vl=4416907.6667 ent=336.2901)
      [PPO] leag-t1 ep0 step421 cmd(pl=0.1104 vl=4091249.5417 ent=2.4800) rad(pl=0.3798 vl=4416412.5833 ent=336.3404)
      [PPO] leag-t1 ep0 step463 cmd(pl=0.1360 vl=3997490.1250 ent=2.4801) rad(pl=0.3787 vl=4376276.1667 ent=336.3910)
    ep 1/10  steps=500 timeout  wr=0.00  avg_r=5334.4380
      [PPO] leag-t1 ep1 step6 cmd(pl=0.1177 vl=3653611.3333 ent=2.4794) rad(pl=0.3432 vl=4164105.5000 ent=336.4418)
      [PPO] leag-t1 ep1 step48 cmd(pl=0.1749 vl=3651382.0417 ent=2.4792) rad(pl=0.4168 vl=3549270.0417 ent=336.4926)
      [PPO] leag-t1 ep1 step90 cmd(pl=0.1624 vl=3267810.4167 ent=2.4784) rad(pl=0.4167 vl=3578610.4583 ent=336.5425)
      [PPO] leag-t1 ep1 step132 cmd(pl=0.1250 vl=3131977.0417 ent=2.4784) rad(pl=0.4170 vl=3547663.2917 ent=336.5916)
      [PPO] leag-t1 ep1 step174 cmd(pl=0.1684 vl=2992589.8333 ent=2.4787) rad(pl=0.4157 vl=3524368.9167 ent=336.6405)
      [PPO] leag-t1 ep1 step216 cmd(pl=0.1412 vl=2687719.8750 ent=2.4781) rad(pl=0.4167 vl=3534758.5000 ent=336.6894)
      [PPO] leag-t1 ep1 step258 cmd(pl=0.1015 vl=2515111.9167 ent=2.4773) rad(pl=0.4156 vl=3526246.4583 ent=336.7382)
      [PPO] leag-t1 ep1 step300 cmd(pl=0.2125 vl=2479771.5000 ent=2.4769) rad(pl=0.4167 vl=3474648.2500 ent=336.7872)
      [PPO] leag-t1 ep1 step342 cmd(pl=0.2253 vl=2149671.9167 ent=2.4765) rad(pl=0.4166 vl=3513733.8333 ent=336.8363)
      [PPO] leag-t1 ep1 step384 cmd(pl=0.1240 vl=2233390.9583 ent=2.4766) rad(pl=0.4155 vl=3440789.7083 ent=336.8856)
      [PPO] leag-t1 ep1 step426 cmd(pl=0.1259 vl=1891583.7083 ent=2.4746) rad(pl=0.4166 vl=3477177.8750 ent=336.9352)
      [PPO] leag-t1 ep1 step468 cmd(pl=0.1663 vl=1811614.9167 ent=2.4740) rad(pl=0.4166 vl=3451071.1667 ent=336.9849)
    ep 2/10  steps=500 timeout  wr=0.00  avg_r=5245.6651
      [PPO] leag-t1 ep2 step11 cmd(pl=0.1079 vl=1667485.6250 ent=2.4735) rad(pl=0.3752 vl=3574564.0833 ent=337.0350)
      [PPO] leag-t1 ep2 step53 cmd(pl=0.1477 vl=1561292.5208 ent=2.4725) rad(pl=0.4166 vl=4070540.3750 ent=337.0869)
      [PPO] leag-t1 ep2 step95 cmd(pl=0.1269 vl=1374376.0000 ent=2.4717) rad(pl=0.4165 vl=4079244.5833 ent=337.1426)
      [PPO] leag-t1 ep2 step137 cmd(pl=0.1469 vl=1320504.8333 ent=2.4703) rad(pl=0.4163 vl=4051338.9167 ent=337.2011)
      [PPO] leag-t1 ep2 step179 cmd(pl=0.1188 vl=1207114.1458 ent=2.4713) rad(pl=0.4164 vl=4049651.2500 ent=337.2613)
      [PPO] leag-t1 ep2 step221 cmd(pl=0.1570 vl=1127000.3750 ent=2.4700) rad(pl=0.4166 vl=4031112.7917 ent=337.3224)
      [PPO] leag-t1 ep2 step263 cmd(pl=0.1077 vl=911949.8438 ent=2.4671) rad(pl=0.4163 vl=4064190.4167 ent=337.3842)
      [PPO] leag-t1 ep2 step305 cmd(pl=0.1048 vl=975601.5729 ent=2.4679) rad(pl=0.4164 vl=3994902.0417 ent=337.4463)
      [PPO] leag-t1 ep2 step347 cmd(pl=0.1167 vl=862298.9062 ent=2.4673) rad(pl=0.4160 vl=3995850.7500 ent=337.5090)
      [PPO] leag-t1 ep2 step389 cmd(pl=0.1708 vl=829456.9583 ent=2.4671) rad(pl=0.4161 vl=3978479.2500 ent=337.5719)
      [PPO] leag-t1 ep2 step431 cmd(pl=0.1447 vl=785521.6146 ent=2.4685) rad(pl=0.4167 vl=3951034.5833 ent=337.6353)
      [PPO] leag-t1 ep2 step473 cmd(pl=0.0691 vl=589586.7812 ent=2.4632) rad(pl=0.4166 vl=3980424.8333 ent=337.6989)
    ep 3/10  steps=500 timeout  wr=0.00  avg_r=5214.3764
      [PPO] leag-t1 ep3 step16 cmd(pl=0.1693 vl=645776.2188 ent=2.4638) rad(pl=0.3733 vl=4273781.6250 ent=337.7619)
      [PPO] leag-t1 ep3 step58 cmd(pl=0.1166 vl=699001.9896 ent=2.4650) rad(pl=0.3878 vl=3841075.9583 ent=337.8218)
      [PPO] leag-t1 ep3 step100 cmd(pl=0.1590 vl=608567.6458 ent=2.4646) rad(pl=0.3880 vl=3846470.0417 ent=337.8783)
      [PPO] leag-t1 ep3 step142 cmd(pl=0.0956 vl=492240.3125 ent=2.4618) rad(pl=0.3880 vl=3853987.7917 ent=337.9330)
      [PPO] leag-t1 ep3 step184 cmd(pl=0.0959 vl=429443.1354 ent=2.4610) rad(pl=0.3880 vl=3852680.4167 ent=337.9867)
      [PPO] leag-t1 ep3 step226 cmd(pl=0.1550 vl=422549.2396 ent=2.4607) rad(pl=0.3882 vl=3819670.7917 ent=338.0399)
      [PPO] leag-t1 ep3 step268 cmd(pl=0.1266 vl=337524.1302 ent=2.4594) rad(pl=0.3885 vl=3830980.6667 ent=338.0931)
      [PPO] leag-t1 ep3 step310 cmd(pl=0.0887 vl=323401.4479 ent=2.4570) rad(pl=0.3882 vl=3796297.4167 ent=338.1463)
      [PPO] leag-t1 ep3 step352 cmd(pl=0.1474 vl=269205.4141 ent=2.4530) rad(pl=0.3885 vl=3801971.7083 ent=338.1997)
      [PPO] leag-t1 ep3 step394 cmd(pl=0.0963 vl=279730.3958 ent=2.4522) rad(pl=0.3872 vl=3750708.1250 ent=338.2532)
      [PPO] leag-t1 ep3 step436 cmd(pl=0.0787 vl=205735.4219 ent=2.4500) rad(pl=0.3881 vl=3769522.2917 ent=338.3069)
      [PPO] leag-t1 ep3 step478 cmd(pl=0.1329 vl=213650.3073 ent=2.4474) rad(pl=0.3886 vl=3736708.8750 ent=338.3609)
    ep 4/10  steps=500 timeout  wr=0.00  avg_r=5161.5510
      [PPO] leag-t1 ep4 step21 cmd(pl=0.0967 vl=148639.1042 ent=2.4428) rad(pl=0.3507 vl=3914313.7500 ent=338.4154)
      [PPO] leag-t1 ep4 step63 cmd(pl=0.0925 vl=108197.5130 ent=2.4405) rad(pl=0.3767 vl=4117973.5417 ent=338.4712)
      [PPO] leag-t1 ep4 step105 cmd(pl=0.1219 vl=112844.0143 ent=2.4367) rad(pl=0.3760 vl=4058876.4583 ent=338.5290)
      [PPO] leag-t1 ep4 step147 cmd(pl=0.0992 vl=99403.0547 ent=2.4292) rad(pl=0.3755 vl=4055669.6667 ent=338.5883)
      [PPO] leag-t1 ep4 step189 cmd(pl=0.0829 vl=75060.3496 ent=2.4227) rad(pl=0.3761 vl=4035587.7500 ent=338.6484)
      [PPO] leag-t1 ep4 step231 cmd(pl=0.0685 vl=75312.9928 ent=2.4155) rad(pl=0.3774 vl=4048587.3750 ent=338.7092)
      [PPO] leag-t1 ep4 step273 cmd(pl=0.0608 vl=49534.8145 ent=2.4066) rad(pl=0.3776 vl=4035750.7917 ent=338.7703)
      [PPO] leag-t1 ep4 step315 cmd(pl=0.0858 vl=51791.0690 ent=2.3993) rad(pl=0.3768 vl=4013625.8333 ent=338.8317)
      [PPO] leag-t1 ep4 step357 cmd(pl=0.0786 vl=49063.1465 ent=2.3905) rad(pl=0.3762 vl=3969365.4167 ent=338.8935)
      [PPO] leag-t1 ep4 step399 cmd(pl=0.0777 vl=36183.6107 ent=2.3774) rad(pl=0.3759 vl=3992999.7500 ent=338.9555)
      [PPO] leag-t1 ep4 step441 cmd(pl=0.0506 vl=30917.3656 ent=2.3582) rad(pl=0.3756 vl=3994859.6667 ent=339.0177)
      [PPO] leag-t1 ep4 step483 cmd(pl=0.0301 vl=40864.2324 ent=2.3266) rad(pl=0.3772 vl=3984435.0000 ent=339.0800)
    ep 5/10  steps=500 timeout  wr=0.00  avg_r=5177.5431
    ── ep 5/10  wr=0.00  avg_r=5177.5431
      [PPO] leag-t1 ep5 step26 cmd(pl=0.0453 vl=38003.5944 ent=2.2883) rad(pl=0.3699 vl=3287877.3333 ent=339.1424)
      [PPO] leag-t1 ep5 step68 cmd(pl=0.0337 vl=28508.8027 ent=2.2799) rad(pl=0.4093 vl=2859800.8750 ent=339.2045)
      [PPO] leag-t1 ep5 step110 cmd(pl=0.0421 vl=31360.4076 ent=2.2960) rad(pl=0.4094 vl=2852548.0833 ent=339.2660)
      [PPO] leag-t1 ep5 step152 cmd(pl=0.0170 vl=34037.5150 ent=2.3064) rad(pl=0.4093 vl=2852195.0833 ent=339.3273)
      [PPO] leag-t1 ep5 step194 cmd(pl=0.0050 vl=39792.9440 ent=2.3011) rad(pl=0.4086 vl=2857870.4583 ent=339.3885)
      [PPO] leag-t1 ep5 step236 cmd(pl=0.0285 vl=40091.1029 ent=2.2898) rad(pl=0.4080 vl=2843474.9583 ent=339.4498)
      [PPO] leag-t1 ep5 step278 cmd(pl=0.0114 vl=36306.3724 ent=2.2821) rad(pl=0.4090 vl=2790986.1250 ent=339.5112)
      [PPO] leag-t1 ep5 step320 cmd(pl=0.0215 vl=34149.6549 ent=2.2722) rad(pl=0.4085 vl=2808866.3750 ent=339.5731)
      [PPO] leag-t1 ep5 step362 cmd(pl=0.0009 vl=33136.8620 ent=2.2643) rad(pl=0.4090 vl=2784489.2500 ent=339.6352)
      [PPO] leag-t1 ep5 step404 cmd(pl=0.0074 vl=37392.7057 ent=2.2447) rad(pl=0.4082 vl=2790200.2500 ent=339.6977)
      [PPO] leag-t1 ep5 step446 cmd(pl=0.0145 vl=31489.8115 ent=2.2264) rad(pl=0.4089 vl=2771042.4583 ent=339.7604)
      [PPO] leag-t1 ep5 step488 cmd(pl=0.0134 vl=34163.5472 ent=2.2195) rad(pl=0.4088 vl=2773406.4167 ent=339.8234)
    ep 6/10  steps=500 timeout  wr=0.00  avg_r=5168.1155
      [PPO] leag-t1 ep6 step31 cmd(pl=0.0252 vl=35816.7266 ent=2.2262) rad(pl=0.3309 vl=3664180.3750 ent=339.8861)
      [PPO] leag-t1 ep6 step73 cmd(pl=0.0206 vl=34697.3932 ent=2.2298) rad(pl=0.3609 vl=3893803.9583 ent=339.9468)
      [PPO] leag-t1 ep6 step115 cmd(pl=0.0011 vl=36749.2419 ent=2.2123) rad(pl=0.3591 vl=3882352.2500 ent=340.0055)
      [PPO] leag-t1 ep6 step157 cmd(pl=0.0119 vl=34734.4606 ent=2.2131) rad(pl=0.3596 vl=3884463.0417 ent=340.0632)
      [PPO] leag-t1 ep6 step199 cmd(pl=0.0212 vl=29236.3242 ent=2.2126) rad(pl=0.3600 vl=3847546.7500 ent=340.1203)
      [PPO] leag-t1 ep6 step241 cmd(pl=0.0095 vl=36938.7363 ent=2.1823) rad(pl=0.3599 vl=3830899.2083 ent=340.1774)
      [PPO] leag-t1 ep6 step283 cmd(pl=0.0138 vl=37139.0573 ent=2.1673) rad(pl=0.3591 vl=3808394.2083 ent=340.2346)
      [PPO] leag-t1 ep6 step325 cmd(pl=0.0154 vl=43170.0286 ent=2.1722) rad(pl=0.3581 vl=3798008.9583 ent=340.2918)
      [PPO] leag-t1 ep6 step367 cmd(pl=0.0173 vl=34154.3717 ent=2.1815) rad(pl=0.3598 vl=3762947.3333 ent=340.3493)
      [PPO] leag-t1 ep6 step409 cmd(pl=0.0160 vl=29156.7295 ent=2.1927) rad(pl=0.3582 vl=3717674.5833 ent=340.4070)
      [PPO] leag-t1 ep6 step451 cmd(pl=0.0080 vl=35014.3796 ent=2.1971) rad(pl=0.3604 vl=3722209.5000 ent=340.4650)
      [PPO] leag-t1 ep6 step493 cmd(pl=0.0045 vl=39397.6419 ent=2.1820) rad(pl=0.3594 vl=3720414.2500 ent=340.5232)
    ep 7/10  steps=500 timeout  wr=0.00  avg_r=5181.7112
      [PPO] leag-t1 ep7 step36 cmd(pl=0.0196 vl=32656.4531 ent=2.1717) rad(pl=0.3408 vl=3564627.2083 ent=340.5814)
      [PPO] leag-t1 ep7 step78 cmd(pl=-0.0037 vl=34493.3994 ent=2.1634) rad(pl=0.3788 vl=3382310.3750 ent=340.6398)
      [PPO] leag-t1 ep7 step120 cmd(pl=0.0004 vl=35907.0905 ent=2.1583) rad(pl=0.3790 vl=3379735.3750 ent=340.6987)
      [PPO] leag-t1 ep7 step162 cmd(pl=0.0241 vl=39903.5977 ent=2.1545) rad(pl=0.3800 vl=3386370.0833 ent=340.7581)
      [PPO] leag-t1 ep7 step204 cmd(pl=0.0067 vl=37630.2526 ent=2.1469) rad(pl=0.3793 vl=3361529.2500 ent=340.8179)
      [PPO] leag-t1 ep7 step246 cmd(pl=0.0012 vl=32721.9684 ent=2.1315) rad(pl=0.3794 vl=3334231.3333 ent=340.8780)
      [PPO] leag-t1 ep7 step288 cmd(pl=0.0267 vl=34118.8415 ent=2.1272) rad(pl=0.3789 vl=3353214.7917 ent=340.9384)
      [PPO] leag-t1 ep7 step330 cmd(pl=0.0299 vl=33588.4056 ent=2.1348) rad(pl=0.3796 vl=3331903.6250 ent=340.9990)
      [PPO] leag-t1 ep7 step372 cmd(pl=-0.0045 vl=33890.7061 ent=2.1656) rad(pl=0.3798 vl=3337665.6667 ent=341.0597)
      [PPO] leag-t1 ep7 step414 cmd(pl=0.0161 vl=35580.7301 ent=2.1859) rad(pl=0.3796 vl=3302570.4167 ent=341.1207)
      [PPO] leag-t1 ep7 step456 cmd(pl=0.0120 vl=33504.4508 ent=2.2014) rad(pl=0.3792 vl=3287989.2083 ent=341.1818)
      [PPO] leag-t1 ep7 step498 cmd(pl=0.0064 vl=31643.3714 ent=2.2049) rad(pl=0.3790 vl=3278501.4583 ent=341.2431)
    ep 8/10  steps=500 timeout  wr=0.00  avg_r=5181.8452
      [PPO] leag-t1 ep8 step41 cmd(pl=0.0093 vl=28992.0723 ent=2.2085) rad(pl=0.3496 vl=3223900.7500 ent=341.3055)
      [PPO] leag-t1 ep8 step83 cmd(pl=0.0070 vl=34171.6924 ent=2.2025) rad(pl=0.3883 vl=3239612.0000 ent=341.3716)
      [PPO] leag-t1 ep8 step125 cmd(pl=0.0043 vl=33651.3952 ent=2.1834) rad(pl=0.3893 vl=3225846.6667 ent=341.4406)
      [PPO] leag-t1 ep8 step167 cmd(pl=-0.0135 vl=36613.3431 ent=2.1676) rad(pl=0.3893 vl=3228033.6250 ent=341.5115)
      [PPO] leag-t1 ep8 step209 cmd(pl=0.0104 vl=29296.9938 ent=2.1653) rad(pl=0.3891 vl=3195885.5000 ent=341.5834)
      [PPO] leag-t1 ep8 step251 cmd(pl=0.0114 vl=38137.9421 ent=2.1678) rad(pl=0.3885 vl=3198454.3333 ent=341.6561)
      [PPO] leag-t1 ep8 step293 cmd(pl=0.0083 vl=36749.6725 ent=2.1688) rad(pl=0.3893 vl=3184169.7500 ent=341.7293)
      [PPO] leag-t1 ep8 step335 cmd(pl=0.0089 vl=27677.8936 ent=2.1635) rad(pl=0.3885 vl=3161726.5833 ent=341.8029)
      [PPO] leag-t1 ep8 step377 cmd(pl=0.0058 vl=26057.3932 ent=2.1671) rad(pl=0.3893 vl=3138748.1250 ent=341.8770)
      [PPO] leag-t1 ep8 step419 cmd(pl=0.0012 vl=30822.6800 ent=2.1737) rad(pl=0.3888 vl=3129882.8333 ent=341.9515)
      [PPO] leag-t1 ep8 step461 cmd(pl=0.0136 vl=44779.0521 ent=2.1711) rad(pl=0.3895 vl=3164644.4583 ent=342.0263)
    ep 9/10  steps=500 timeout  wr=0.00  avg_r=5178.3560
      [PPO] leag-t1 ep9 step4 cmd(pl=0.0190 vl=45626.1243 ent=2.1695) rad(pl=0.3592 vl=3498464.1250 ent=342.1007)
      [PPO] leag-t1 ep9 step46 cmd(pl=-0.0055 vl=28868.4368 ent=2.1555) rad(pl=0.3749 vl=3419344.5833 ent=342.1731)
      [PPO] leag-t1 ep9 step88 cmd(pl=0.0079 vl=23210.7913 ent=2.1560) rad(pl=0.3744 vl=3411736.4583 ent=342.2442)
      [PPO] leag-t1 ep9 step130 cmd(pl=0.0251 vl=31970.4730 ent=2.1785) rad(pl=0.3749 vl=3382611.7917 ent=342.3148)
      [PPO] leag-t1 ep9 step172 cmd(pl=0.0323 vl=35688.4505 ent=2.1853) rad(pl=0.3757 vl=3402898.7083 ent=342.3853)
      [PPO] leag-t1 ep9 step214 cmd(pl=0.0087 vl=31597.1680 ent=2.1856) rad(pl=0.3757 vl=3360015.0833 ent=342.4557)
      [PPO] leag-t1 ep9 step256 cmd(pl=0.0077 vl=28082.4248 ent=2.1776) rad(pl=0.3754 vl=3363947.7500 ent=342.5264)
      [PPO] leag-t1 ep9 step298 cmd(pl=0.0070 vl=39446.9850 ent=2.1584) rad(pl=0.3761 vl=3380733.5833 ent=342.5973)
      [PPO] leag-t1 ep9 step340 cmd(pl=0.0040 vl=36604.9694 ent=2.1423) rad(pl=0.3759 vl=3357659.0000 ent=342.6682)
      [PPO] leag-t1 ep9 step382 cmd(pl=0.0162 vl=31271.9095 ent=2.1389) rad(pl=0.3753 vl=3329897.8333 ent=342.7393)
      [PPO] leag-t1 ep9 step424 cmd(pl=0.0045 vl=32320.8011 ent=2.1364) rad(pl=0.3756 vl=3307840.8333 ent=342.8108)
      [PPO] leag-t1 ep9 step466 cmd(pl=0.0238 vl=25252.5264 ent=2.1421) rad(pl=0.3740 vl=3284056.8333 ent=342.8826)
    ep 10/10  steps=500 timeout  wr=0.00  avg_r=5171.0054
    ── ep 10/10  wr=0.00  avg_r=5171.0054
  Training main (team 0, p0014) against p0024...
      [PPO] main-t0 ep0 step28 cmd(pl=-0.0021 vl=1755106.6458 ent=2.5557) rad(pl=-0.0021 vl=1632460.7500 ent=335.6970)
      [PPO] main-t0 ep0 step70 cmd(pl=-0.0032 vl=1952905.1042 ent=2.5556) rad(pl=-0.0039 vl=1453105.3542 ent=335.7423)
      [PPO] main-t0 ep0 step112 cmd(pl=-0.0006 vl=1824485.6458 ent=2.5584) rad(pl=0.0003 vl=1441702.7917 ent=335.7714)
      [PPO] main-t0 ep0 step154 cmd(pl=-0.0045 vl=1835870.1667 ent=2.5617) rad(pl=-0.0029 vl=1421733.8958 ent=335.8109)
      [PPO] main-t0 ep0 step196 cmd(pl=-0.0022 vl=1782091.5625 ent=2.5641) rad(pl=-0.0011 vl=1388470.2292 ent=335.8383)
      [PPO] main-t0 ep0 step238 cmd(pl=-0.0037 vl=1810014.6667 ent=2.5631) rad(pl=-0.0006 vl=1360052.2083 ent=335.8789)
      [PPO] main-t0 ep0 step280 cmd(pl=-0.0027 vl=1755859.5000 ent=2.5654) rad(pl=-0.0046 vl=1313529.8333 ent=335.9042)
      [PPO] main-t0 ep0 step322 cmd(pl=-0.0010 vl=1763795.2500 ent=2.5664) rad(pl=-0.0003 vl=1318012.6875 ent=335.9624)
      [PPO] main-t0 ep0 step364 cmd(pl=0.0003 vl=1846812.4792 ent=2.5682) rad(pl=0.0058 vl=1343221.1875 ent=336.0386)
      [PPO] main-t0 ep0 step406 cmd(pl=-0.0048 vl=1825442.1042 ent=2.5690) rad(pl=-0.0015 vl=1331466.9375 ent=336.1261)
      [PPO] main-t0 ep0 step448 cmd(pl=-0.0015 vl=1791186.5208 ent=2.5707) rad(pl=-0.0008 vl=1326100.0417 ent=336.1682)
      [PPO] main-t0 ep0 step490 cmd(pl=-0.0014 vl=1766411.2083 ent=2.5692) rad(pl=-0.0001 vl=1347579.8333 ent=336.2106)
    ep 1/10  steps=500 timeout  wr=0.00  avg_r=18445.5443
      [PPO] main-t0 ep1 step33 cmd(pl=0.0005 vl=1743690.9375 ent=2.5673) rad(pl=0.0003 vl=2243732.5417 ent=336.2529)
      [PPO] main-t0 ep1 step75 cmd(pl=-0.0017 vl=1831692.5000 ent=2.5595) rad(pl=-0.0001 vl=2486553.7917 ent=336.2853)
      [PPO] main-t0 ep1 step117 cmd(pl=-0.0003 vl=1811098.9167 ent=2.5578) rad(pl=-0.0019 vl=2500729.8333 ent=336.3231)
      [PPO] main-t0 ep1 step159 cmd(pl=-0.0000 vl=1835243.6250 ent=2.5565) rad(pl=-0.0007 vl=2519615.7083 ent=336.3578)
      [PPO] main-t0 ep1 step201 cmd(pl=-0.0005 vl=1805020.6042 ent=2.5577) rad(pl=0.0012 vl=2584201.3333 ent=336.4085)
      [PPO] main-t0 ep1 step243 cmd(pl=-0.0007 vl=1784818.7500 ent=2.5617) rad(pl=0.0013 vl=2623215.2083 ent=336.4701)
      [PPO] main-t0 ep1 step285 cmd(pl=-0.0021 vl=1767040.9375 ent=2.5649) rad(pl=0.0029 vl=2645153.9167 ent=336.5048)
      [PPO] main-t0 ep1 step327 cmd(pl=-0.0013 vl=1808850.4583 ent=2.5652) rad(pl=-0.0004 vl=2647440.8750 ent=336.5501)
      [PPO] main-t0 ep1 step369 cmd(pl=-0.0021 vl=1768797.0208 ent=2.5690) rad(pl=-0.0065 vl=2638611.5000 ent=336.5877)
      [PPO] main-t0 ep1 step411 cmd(pl=-0.0029 vl=1742035.4792 ent=2.5745) rad(pl=-0.0004 vl=2608082.5833 ent=336.6118)
      [PPO] main-t0 ep1 step453 cmd(pl=-0.0028 vl=1717281.6250 ent=2.5802) rad(pl=-0.0005 vl=2570205.6667 ent=336.6319)
      [PPO] main-t0 ep1 step495 cmd(pl=-0.0024 vl=1815565.2500 ent=2.5861) rad(pl=-0.0031 vl=2526254.7500 ent=336.6730)
    ep 2/10  steps=500 timeout  wr=0.00  avg_r=18479.5775
      [PPO] main-t0 ep2 step38 cmd(pl=-0.0003 vl=1824034.7083 ent=2.5911) rad(pl=-0.0029 vl=1780517.5417 ent=336.7012)
      [PPO] main-t0 ep2 step80 cmd(pl=-0.0004 vl=1776436.4167 ent=2.5925) rad(pl=0.0008 vl=1705193.6458 ent=336.7304)
      [PPO] main-t0 ep2 step122 cmd(pl=-0.0001 vl=1780461.8542 ent=2.5931) rad(pl=-0.0001 vl=1677633.4167 ent=336.7672)
      [PPO] main-t0 ep2 step164 cmd(pl=-0.0013 vl=1723165.8542 ent=2.5932) rad(pl=-0.0056 vl=1637042.7708 ent=336.7744)
      [PPO] main-t0 ep2 step206 cmd(pl=-0.0009 vl=1746659.2500 ent=2.5920) rad(pl=0.0002 vl=1600985.8333 ent=336.7888)
      [PPO] main-t0 ep2 step248 cmd(pl=-0.0034 vl=1652199.1250 ent=2.5919) rad(pl=-0.0046 vl=1573468.9167 ent=336.8120)
      [PPO] main-t0 ep2 step290 cmd(pl=-0.0013 vl=1662323.3125 ent=2.5940) rad(pl=0.0003 vl=1552625.0208 ent=336.8232)
      [PPO] main-t0 ep2 step332 cmd(pl=-0.0039 vl=1708906.8542 ent=2.5977) rad(pl=-0.0032 vl=1530063.9167 ent=336.8375)
      [PPO] main-t0 ep2 step374 cmd(pl=-0.0007 vl=1590093.9167 ent=2.5986) rad(pl=-0.0000 vl=1513737.2917 ent=336.8272)
      [PPO] main-t0 ep2 step416 cmd(pl=-0.0033 vl=1651384.4792 ent=2.5971) rad(pl=-0.0012 vl=1499900.4167 ent=336.8431)
      [PPO] main-t0 ep2 step458 cmd(pl=-0.0055 vl=1637967.4375 ent=2.5963) rad(pl=-0.0032 vl=1498200.2708 ent=336.8845)
    ep 3/10  steps=500 timeout  wr=0.00  avg_r=18208.2563
  Training main (team 0, p0014) against self...
      [PPO] main-t0 ep0 step1 cmd(pl=-0.0009 vl=1607166.4167 ent=2.5930) rad(pl=-0.0014 vl=1478797.6458 ent=336.9018)
      [PPO] main-t0 ep0 step43 cmd(pl=-0.0065 vl=1644506.5833 ent=2.5902) rad(pl=-0.0076 vl=1449370.2083 ent=336.9343)
      [PPO] main-t0 ep0 step85 cmd(pl=-0.0026 vl=1541246.5833 ent=2.5921) rad(pl=-0.0031 vl=1412901.3125 ent=336.9298)
      [PPO] main-t0 ep0 step127 cmd(pl=-0.0019 vl=1577250.4375 ent=2.5942) rad(pl=0.0006 vl=1405698.6042 ent=337.0134)
      [PPO] main-t0 ep0 step169 cmd(pl=0.0011 vl=1541122.3542 ent=2.5968) rad(pl=-0.0032 vl=1385825.5625 ent=337.0311)
      [PPO] main-t0 ep0 step211 cmd(pl=-0.0094 vl=1523161.8333 ent=2.5990) rad(pl=-0.0023 vl=1383122.4375 ent=337.0787)
      [PPO] main-t0 ep0 step253 cmd(pl=-0.0006 vl=1517253.9375 ent=2.6028) rad(pl=-0.0034 vl=1361733.0417 ent=337.1223)
      [PPO] main-t0 ep0 step295 cmd(pl=-0.0033 vl=1564342.6458 ent=2.6050) rad(pl=0.0003 vl=1358881.1250 ent=337.1772)
      [PPO] main-t0 ep0 step337 cmd(pl=-0.0009 vl=1506837.7917 ent=2.6051) rad(pl=-0.0017 vl=1360773.8542 ent=337.2310)
      [PPO] main-t0 ep0 step379 cmd(pl=-0.0005 vl=1470981.1875 ent=2.6059) rad(pl=-0.0025 vl=1344216.7292 ent=337.2869)
      [PPO] main-t0 ep0 step421 cmd(pl=-0.0050 vl=1568023.9375 ent=2.6060) rad(pl=-0.0008 vl=1355422.2500 ent=337.2965)
      [PPO] main-t0 ep0 step463 cmd(pl=-0.0063 vl=1548033.0208 ent=2.6055) rad(pl=-0.0015 vl=1329140.6875 ent=337.3541)
    ep 1/10  steps=500 timeout  wr=0.00  avg_r=17086.1610
      [PPO] main-t0 ep1 step6 cmd(pl=-0.0014 vl=1546239.1667 ent=2.6049) rad(pl=-0.0002 vl=1320286.5833 ent=337.3418)
      [PPO] main-t0 ep1 step48 cmd(pl=-0.0021 vl=1593586.3542 ent=2.6047) rad(pl=-0.0008 vl=1304453.3125 ent=337.4043)
      [PPO] main-t0 ep1 step90 cmd(pl=-0.0002 vl=1578500.3542 ent=2.6047) rad(pl=0.0019 vl=1285106.8542 ent=337.4066)
      [PPO] main-t0 ep1 step132 cmd(pl=-0.0008 vl=1507863.0417 ent=2.6055) rad(pl=-0.0007 vl=1286222.7500 ent=337.4491)
      [PPO] main-t0 ep1 step174 cmd(pl=-0.0014 vl=1592952.3958 ent=2.6067) rad(pl=-0.0011 vl=1259774.1458 ent=337.4477)
      [PPO] main-t0 ep1 step216 cmd(pl=-0.0038 vl=1580478.8750 ent=2.6075) rad(pl=-0.0032 vl=1252757.5208 ent=337.4685)
      [PPO] main-t0 ep1 step258 cmd(pl=0.0015 vl=1588361.7500 ent=2.6076) rad(pl=-0.0006 vl=1252629.5208 ent=337.4849)
      [PPO] main-t0 ep1 step300 cmd(pl=-0.0034 vl=1598226.4583 ent=2.6081) rad(pl=0.0045 vl=1268299.6250 ent=337.5552)
      [PPO] main-t0 ep1 step342 cmd(pl=0.0003 vl=1620450.7917 ent=2.6086) rad(pl=0.0011 vl=1257246.1250 ent=337.5756)
      [PPO] main-t0 ep1 step384 cmd(pl=-0.0039 vl=1571201.8958 ent=2.6102) rad(pl=0.0003 vl=1250955.1042 ent=337.6456)
      [PPO] main-t0 ep1 step426 cmd(pl=-0.0029 vl=1660656.5417 ent=2.6107) rad(pl=0.0004 vl=1252399.6667 ent=337.6706)
      [PPO] main-t0 ep1 step468 cmd(pl=0.0021 vl=1578522.8750 ent=2.6123) rad(pl=0.0019 vl=1268070.3542 ent=337.7458)
    ep 2/10  steps=500 timeout  wr=0.00  avg_r=17404.6430
      [PPO] main-t0 ep2 step11 cmd(pl=-0.0007 vl=1653848.3125 ent=2.6141) rad(pl=0.0006 vl=1153897.6250 ent=337.7951)
      [PPO] main-t0 ep2 step53 cmd(pl=-0.0004 vl=1623728.3125 ent=2.6144) rad(pl=0.0016 vl=775088.3125 ent=337.8542)
      [PPO] main-t0 ep2 step95 cmd(pl=-0.0012 vl=1687323.8958 ent=2.6160) rad(pl=-0.0061 vl=724741.6771 ent=337.9027)
      [PPO] main-t0 ep2 step137 cmd(pl=-0.0007 vl=1653520.3542 ent=2.6165) rad(pl=0.0042 vl=766325.9792 ent=337.9026)
      [PPO] main-t0 ep2 step179 cmd(pl=-0.0045 vl=1725182.8750 ent=2.6151) rad(pl=-0.0017 vl=748913.4479 ent=337.9072)
      [PPO] main-t0 ep2 step221 cmd(pl=-0.0052 vl=1610270.1042 ent=2.6118) rad(pl=-0.0014 vl=755210.1354 ent=337.9320)
      [PPO] main-t0 ep2 step263 cmd(pl=0.0011 vl=1670605.5833 ent=2.6108) rad(pl=-0.0073 vl=739870.0000 ent=337.9815)
      [PPO] main-t0 ep2 step305 cmd(pl=-0.0032 vl=1630234.0208 ent=2.6097) rad(pl=-0.0002 vl=755437.8854 ent=337.9816)
      [PPO] main-t0 ep2 step347 cmd(pl=-0.0002 vl=1659754.8125 ent=2.6090) rad(pl=-0.0051 vl=740142.5729 ent=338.0273)
      [PPO] main-t0 ep2 step389 cmd(pl=-0.0030 vl=1553839.5417 ent=2.6099) rad(pl=0.0030 vl=739775.3646 ent=338.1380)
      [PPO] main-t0 ep2 step431 cmd(pl=-0.0010 vl=1647608.8750 ent=2.6108) rad(pl=-0.0031 vl=722594.8854 ent=338.1448)
      [PPO] main-t0 ep2 step473 cmd(pl=0.0005 vl=1611913.2500 ent=2.6114) rad(pl=0.0018 vl=738480.0625 ent=338.2188)
    ep 3/10  steps=500 timeout  wr=0.00  avg_r=17573.3295
  Training main (team 0, p0014) against p0033...
      [PPO] main-t0 ep0 step16 cmd(pl=-0.0001 vl=1641790.3542 ent=2.6115) rad(pl=-0.0004 vl=998602.2500 ent=338.2629)
      [PPO] main-t0 ep0 step58 cmd(pl=-0.0006 vl=1629116.2292 ent=2.6132) rad(pl=0.0006 vl=1488957.0000 ent=338.3299)
      [PPO] main-t0 ep0 step100 cmd(pl=-0.0018 vl=1636658.3125 ent=2.6151) rad(pl=0.0011 vl=1490727.6250 ent=338.4220)
      [PPO] main-t0 ep0 step142 cmd(pl=0.0011 vl=1685206.6042 ent=2.6166) rad(pl=-0.0032 vl=1488320.3542 ent=338.4685)
      [PPO] main-t0 ep0 step184 cmd(pl=-0.0026 vl=1699264.4583 ent=2.6165) rad(pl=0.0011 vl=1493221.8958 ent=338.4965)
      [PPO] main-t0 ep0 step226 cmd(pl=-0.0030 vl=1682045.7500 ent=2.6169) rad(pl=-0.0013 vl=1478464.9167 ent=338.5464)
      [PPO] main-t0 ep0 step268 cmd(pl=-0.0006 vl=1680374.7500 ent=2.6155) rad(pl=-0.0022 vl=1471499.4375 ent=338.5825)
      [PPO] main-t0 ep0 step310 cmd(pl=-0.0005 vl=1600786.9167 ent=2.6145) rad(pl=0.0027 vl=1473435.5208 ent=338.6208)
      [PPO] main-t0 ep0 step352 cmd(pl=0.0000 vl=1692320.5208 ent=2.6161) rad(pl=0.0014 vl=1482743.4167 ent=338.6758)
      [PPO] main-t0 ep0 step394 cmd(pl=-0.0014 vl=1710951.0000 ent=2.6174) rad(pl=0.0066 vl=1475534.9792 ent=338.7208)
      [PPO] main-t0 ep0 step436 cmd(pl=-0.0018 vl=1723635.6458 ent=2.6186) rad(pl=0.0012 vl=1469018.7083 ent=338.7659)
      [PPO] main-t0 ep0 step478 cmd(pl=-0.0007 vl=1673098.2292 ent=2.6191) rad(pl=-0.0003 vl=1451642.8125 ent=338.7950)
    ep 1/10  steps=500 timeout  wr=0.00  avg_r=18013.0009
      [PPO] main-t0 ep1 step21 cmd(pl=-0.0013 vl=1700637.2083 ent=2.6166) rad(pl=-0.0013 vl=1519396.8333 ent=338.8586)
      [PPO] main-t0 ep1 step63 cmd(pl=0.0002 vl=1710156.6250 ent=2.6169) rad(pl=0.0077 vl=1594166.0417 ent=338.9172)
      [PPO] main-t0 ep1 step105 cmd(pl=-0.0011 vl=1720033.0000 ent=2.6175) rad(pl=0.0019 vl=1581806.3958 ent=338.9780)
      [PPO] main-t0 ep1 step147 cmd(pl=0.0007 vl=1713129.0208 ent=2.6178) rad(pl=0.0035 vl=1562259.5625 ent=339.0468)
      [PPO] main-t0 ep1 step189 cmd(pl=-0.0023 vl=1702634.8542 ent=2.6196) rad(pl=0.0048 vl=1570334.3333 ent=339.0575)
      [PPO] main-t0 ep1 step231 cmd(pl=-0.0012 vl=1654816.2083 ent=2.6236) rad(pl=0.0014 vl=1541927.0417 ent=339.1416)
      [PPO] main-t0 ep1 step273 cmd(pl=-0.0018 vl=1673127.1458 ent=2.6262) rad(pl=-0.0058 vl=1498059.1250 ent=339.1402)
      [PPO] main-t0 ep1 step315 cmd(pl=-0.0018 vl=1639783.8958 ent=2.6304) rad(pl=-0.0024 vl=1539491.8958 ent=339.1785)
      [PPO] main-t0 ep1 step357 cmd(pl=-0.0002 vl=1698445.6042 ent=2.6318) rad(pl=-0.0003 vl=1556487.4583 ent=339.2008)
      [PPO] main-t0 ep1 step399 cmd(pl=-0.0006 vl=1626776.2083 ent=2.6328) rad(pl=-0.0033 vl=1532286.2708 ent=339.2566)
      [PPO] main-t0 ep1 step441 cmd(pl=-0.0005 vl=1640378.5417 ent=2.6333) rad(pl=-0.0023 vl=1530345.5208 ent=339.3037)
      [PPO] main-t0 ep1 step483 cmd(pl=-0.0013 vl=1656588.9167 ent=2.6348) rad(pl=0.0001 vl=1537695.1042 ent=339.2961)
    ep 2/10  steps=500 timeout  wr=0.00  avg_r=17922.2014
      [PPO] main-t0 ep2 step26 cmd(pl=-0.0002 vl=1656940.2083 ent=2.6384) rad(pl=0.0007 vl=1260987.2500 ent=339.3695)
      [PPO] main-t0 ep2 step68 cmd(pl=-0.0002 vl=1677301.5625 ent=2.6409) rad(pl=0.0001 vl=1084771.1667 ent=339.4178)
      [PPO] main-t0 ep2 step110 cmd(pl=-0.0002 vl=1570063.5000 ent=2.6412) rad(pl=-0.0014 vl=1086136.8125 ent=339.4852)
      [PPO] main-t0 ep2 step152 cmd(pl=-0.0016 vl=1663885.2500 ent=2.6436) rad(pl=-0.0006 vl=1086334.3438 ent=339.4797)
      [PPO] main-t0 ep2 step194 cmd(pl=0.0016 vl=1656246.2500 ent=2.6467) rad(pl=0.0005 vl=1084450.3438 ent=339.5425)
      [PPO] main-t0 ep2 step236 cmd(pl=-0.0001 vl=1624021.1042 ent=2.6488) rad(pl=-0.0020 vl=1061628.0833 ent=339.5770)
      [PPO] main-t0 ep2 step278 cmd(pl=-0.0019 vl=1640771.5833 ent=2.6505) rad(pl=-0.0051 vl=1039702.8542 ent=339.6128)
      [PPO] main-t0 ep2 step320 cmd(pl=-0.0024 vl=1638619.0833 ent=2.6518) rad(pl=-0.0003 vl=1022870.9896 ent=339.6429)
      [PPO] main-t0 ep2 step362 cmd(pl=-0.0019 vl=1594587.2500 ent=2.6535) rad(pl=0.0012 vl=1005995.5521 ent=339.6767)
      [PPO] main-t0 ep2 step404 cmd(pl=-0.0003 vl=1690339.5417 ent=2.6543) rad(pl=0.0036 vl=984296.6458 ent=339.7605)
      [PPO] main-t0 ep2 step446 cmd(pl=-0.0006 vl=1593651.8958 ent=2.6539) rad(pl=-0.0020 vl=973465.9479 ent=339.7754)
      [PPO] main-t0 ep2 step488 cmd(pl=-0.0002 vl=1576877.0208 ent=2.6534) rad(pl=-0.0020 vl=963165.1875 ent=339.8545)
    ep 3/10  steps=500 timeout  wr=0.00  avg_r=17783.2182
  Training league_exploiter (team 0, p0015) against p0024...
      [PPO] leag-t0 ep0 step43 cmd(pl=-0.0009 vl=2172815.2083 ent=2.3999) rad(pl=-0.0018 vl=2419055.3333 ent=344.1808)
      [PPO] leag-t0 ep0 step85 cmd(pl=-0.0006 vl=2188321.1875 ent=2.4003) rad(pl=-0.0024 vl=2353077.5000 ent=344.2338)
      [PPO] leag-t0 ep0 step127 cmd(pl=-0.0007 vl=2245643.3125 ent=2.3966) rad(pl=-0.0020 vl=2365058.7083 ent=344.2493)
      [PPO] leag-t0 ep0 step169 cmd(pl=0.0002 vl=2222806.1042 ent=2.3922) rad(pl=-0.0005 vl=2362485.9167 ent=344.2935)
      [PPO] leag-t0 ep0 step211 cmd(pl=-0.0006 vl=2282922.1875 ent=2.3913) rad(pl=0.0048 vl=2324124.2917 ent=344.3398)
      [PPO] leag-t0 ep0 step253 cmd(pl=0.0006 vl=2215351.9167 ent=2.3914) rad(pl=-0.0053 vl=2306232.7500 ent=344.3748)
      [PPO] leag-t0 ep0 step295 cmd(pl=-0.0005 vl=2215185.1667 ent=2.3942) rad(pl=0.0009 vl=2264116.0833 ent=344.3723)
      [PPO] leag-t0 ep0 step337 cmd(pl=-0.0008 vl=2221476.5625 ent=2.3979) rad(pl=-0.0037 vl=2272457.7500 ent=344.4230)
      [PPO] leag-t0 ep0 step379 cmd(pl=-0.0009 vl=2348612.7500 ent=2.3973) rad(pl=-0.0007 vl=2281019.4583 ent=344.4650)
      [PPO] leag-t0 ep0 step421 cmd(pl=-0.0008 vl=2384136.6875 ent=2.3930) rad(pl=-0.0015 vl=2290614.0417 ent=344.4955)
      [PPO] leag-t0 ep0 step463 cmd(pl=-0.0018 vl=2279270.2083 ent=2.3933) rad(pl=0.0026 vl=2261821.4583 ent=344.5476)
    ep 1/10  steps=500 timeout  wr=0.00  avg_r=20984.1733
      [PPO] leag-t0 ep1 step6 cmd(pl=0.0001 vl=2226310.8958 ent=2.3924) rad(pl=-0.0040 vl=2170964.5208 ent=344.6146)
      [PPO] leag-t0 ep1 step48 cmd(pl=0.0001 vl=2235651.7917 ent=2.3987) rad(pl=0.0018 vl=1781058.6458 ent=344.6684)
      [PPO] leag-t0 ep1 step90 cmd(pl=-0.0004 vl=2264094.1875 ent=2.3985) rad(pl=-0.0001 vl=1792550.8125 ent=344.7420)
      [PPO] leag-t0 ep1 step132 cmd(pl=-0.0008 vl=2228198.2917 ent=2.4017) rad(pl=-0.0055 vl=1754737.6875 ent=344.8057)
      [PPO] leag-t0 ep1 step174 cmd(pl=-0.0008 vl=2244064.9167 ent=2.4059) rad(pl=0.0014 vl=1784245.1250 ent=344.8327)
      [PPO] leag-t0 ep1 step216 cmd(pl=-0.0004 vl=2248459.0833 ent=2.4065) rad(pl=-0.0040 vl=1747986.8542 ent=344.8642)
      [PPO] leag-t0 ep1 step258 cmd(pl=-0.0001 vl=2314276.4167 ent=2.4071) rad(pl=0.0034 vl=1807611.9583 ent=344.9060)
      [PPO] leag-t0 ep1 step300 cmd(pl=-0.0009 vl=2273172.7708 ent=2.4087) rad(pl=-0.0013 vl=1740710.8125 ent=344.9723)
      [PPO] leag-t0 ep1 step342 cmd(pl=0.0001 vl=2253221.9792 ent=2.4111) rad(pl=0.0026 vl=1773731.5833 ent=345.0341)
      [PPO] leag-t0 ep1 step384 cmd(pl=-0.0013 vl=2290174.2500 ent=2.4113) rad(pl=-0.0101 vl=1712653.1250 ent=345.0707)
      [PPO] leag-t0 ep1 step426 cmd(pl=0.0002 vl=2186545.2292 ent=2.4077) rad(pl=-0.0013 vl=1747917.4167 ent=345.0500)
      [PPO] leag-t0 ep1 step468 cmd(pl=-0.0020 vl=2371810.9583 ent=2.4130) rad(pl=-0.0017 vl=1725710.8125 ent=345.0686)
    ep 2/10  steps=500 timeout  wr=0.00  avg_r=20957.3609
      [PPO] leag-t0 ep2 step11 cmd(pl=-0.0008 vl=2395151.3750 ent=2.4089) rad(pl=-0.0018 vl=1814189.7083 ent=345.0660)
      [PPO] leag-t0 ep2 step53 cmd(pl=-0.0009 vl=2337612.3333 ent=2.3934) rad(pl=-0.0005 vl=1805730.7917 ent=345.0777)
      [PPO] leag-t0 ep2 step95 cmd(pl=-0.0026 vl=2410031.5000 ent=2.3927) rad(pl=-0.0020 vl=1811858.3125 ent=345.1326)
      [PPO] leag-t0 ep2 step137 cmd(pl=-0.0002 vl=2387871.2917 ent=2.3855) rad(pl=0.0024 vl=1789076.6667 ent=345.2040)
      [PPO] leag-t0 ep2 step179 cmd(pl=0.0005 vl=2293843.2292 ent=2.3786) rad(pl=0.0007 vl=1805656.5000 ent=345.2659)
      [PPO] leag-t0 ep2 step221 cmd(pl=-0.0004 vl=2306313.4792 ent=2.3764) rad(pl=-0.0017 vl=1803080.5833 ent=345.3444)
      [PPO] leag-t0 ep2 step263 cmd(pl=-0.0009 vl=2305476.0000 ent=2.3743) rad(pl=0.0012 vl=1801993.2083 ent=345.3965)
      [PPO] leag-t0 ep2 step305 cmd(pl=-0.0015 vl=2425343.3333 ent=2.3756) rad(pl=-0.0007 vl=1801618.4375 ent=345.4465)
      [PPO] leag-t0 ep2 step347 cmd(pl=-0.0004 vl=2300601.8750 ent=2.3756) rad(pl=0.0014 vl=1826702.3958 ent=345.4982)
      [PPO] leag-t0 ep2 step389 cmd(pl=-0.0003 vl=2339142.5417 ent=2.3752) rad(pl=0.0025 vl=1826638.1042 ent=345.5636)
      [PPO] leag-t0 ep2 step431 cmd(pl=-0.0011 vl=2373232.1250 ent=2.3818) rad(pl=-0.0013 vl=1798998.8333 ent=345.6133)
      [PPO] leag-t0 ep2 step473 cmd(pl=-0.0008 vl=2350885.5417 ent=2.3779) rad(pl=-0.0060 vl=1774852.8750 ent=345.6458)
    ep 3/10  steps=500 timeout  wr=0.00  avg_r=20967.4408
      [PPO] leag-t0 ep3 step16 cmd(pl=-0.0003 vl=2335490.6042 ent=2.3803) rad(pl=-0.0016 vl=2325257.1667 ent=345.6536)
      [PPO] leag-t0 ep3 step58 cmd(pl=-0.0009 vl=2268687.2708 ent=2.3857) rad(pl=-0.0036 vl=3345103.3750 ent=345.6709)
      [PPO] leag-t0 ep3 step100 cmd(pl=-0.0008 vl=2239622.6458 ent=2.3881) rad(pl=-0.0007 vl=3341134.8750 ent=345.6917)
      [PPO] leag-t0 ep3 step142 cmd(pl=-0.0004 vl=2244076.3958 ent=2.3923) rad(pl=-0.0002 vl=3297212.2500 ent=345.7389)
      [PPO] leag-t0 ep3 step184 cmd(pl=-0.0005 vl=2248456.7083 ent=2.3921) rad(pl=-0.0027 vl=3268078.0417 ent=345.7911)
      [PPO] leag-t0 ep3 step226 cmd(pl=-0.0001 vl=2414213.8750 ent=2.3954) rad(pl=0.0018 vl=3277947.3333 ent=345.8253)
      [PPO] leag-t0 ep3 step268 cmd(pl=-0.0006 vl=2292315.2500 ent=2.3994) rad(pl=0.0016 vl=3302334.0417 ent=345.8636)
      [PPO] leag-t0 ep3 step310 cmd(pl=-0.0004 vl=2199183.2292 ent=2.4027) rad(pl=-0.0016 vl=3280298.4583 ent=345.9083)
      [PPO] leag-t0 ep3 step352 cmd(pl=-0.0011 vl=2224264.4583 ent=2.4082) rad(pl=-0.0024 vl=3210733.2917 ent=345.9305)
      [PPO] leag-t0 ep3 step394 cmd(pl=-0.0002 vl=2233948.3125 ent=2.4135) rad(pl=-0.0023 vl=3151499.1250 ent=345.9580)
      [PPO] leag-t0 ep3 step436 cmd(pl=-0.0002 vl=2273258.2708 ent=2.4184) rad(pl=-0.0056 vl=3126834.9583 ent=345.9852)
      [PPO] leag-t0 ep3 step478 cmd(pl=-0.0001 vl=2177414.2917 ent=2.4200) rad(pl=-0.0007 vl=3112417.8333 ent=345.9939)
    ep 4/10  steps=500 timeout  wr=0.00  avg_r=20923.8558
      [PPO] leag-t0 ep4 step21 cmd(pl=-0.0003 vl=2364539.0417 ent=2.4202) rad(pl=-0.0022 vl=2913522.5417 ent=346.0236)
      [PPO] leag-t0 ep4 step63 cmd(pl=-0.0007 vl=2328022.7083 ent=2.4169) rad(pl=0.0015 vl=2720799.4583 ent=346.0707)
      [PPO] leag-t0 ep4 step105 cmd(pl=-0.0016 vl=2282183.7292 ent=2.4133) rad(pl=0.0005 vl=2673414.4583 ent=346.1051)
      [PPO] leag-t0 ep4 step147 cmd(pl=-0.0008 vl=2334509.8333 ent=2.4162) rad(pl=0.0000 vl=2724659.9583 ent=346.1424)
      [PPO] leag-t0 ep4 step189 cmd(pl=-0.0006 vl=2183772.4583 ent=2.4158) rad(pl=-0.0047 vl=2665460.0417 ent=346.1823)
      [PPO] leag-t0 ep4 step231 cmd(pl=-0.0016 vl=2330401.5000 ent=2.4148) rad(pl=-0.0004 vl=2709720.7917 ent=346.2015)
      [PPO] leag-t0 ep4 step273 cmd(pl=-0.0012 vl=2329209.1667 ent=2.4144) rad(pl=0.0011 vl=2677200.1250 ent=346.2663)
      [PPO] leag-t0 ep4 step315 cmd(pl=-0.0003 vl=2283745.3333 ent=2.4057) rad(pl=0.0020 vl=2708674.0000 ent=346.3382)
      [PPO] leag-t0 ep4 step357 cmd(pl=-0.0006 vl=2245230.5000 ent=2.4008) rad(pl=-0.0019 vl=2667162.2917 ent=346.3607)
      [PPO] leag-t0 ep4 step399 cmd(pl=-0.0009 vl=2237078.8333 ent=2.3983) rad(pl=0.0010 vl=2646533.2917 ent=346.3787)
      [PPO] leag-t0 ep4 step441 cmd(pl=-0.0012 vl=2329235.7083 ent=2.3954) rad(pl=0.0011 vl=2647030.6667 ent=346.4322)
      [PPO] leag-t0 ep4 step483 cmd(pl=-0.0014 vl=2227368.3333 ent=2.3913) rad(pl=0.0002 vl=2629426.3750 ent=346.5011)
    ep 5/10  steps=500 timeout  wr=0.00  avg_r=20916.9552
    ── ep 5/10  wr=0.00  avg_r=20916.9552
      [PPO] leag-t0 ep5 step26 cmd(pl=-0.0016 vl=2225966.4583 ent=2.3986) rad(pl=-0.0022 vl=3369875.3750 ent=346.5427)
      [PPO] leag-t0 ep5 step68 cmd(pl=-0.0009 vl=2192487.1250 ent=2.4000) rad(pl=-0.0005 vl=3860251.6250 ent=346.5770)
      [PPO] leag-t0 ep5 step110 cmd(pl=0.0002 vl=2251350.2917 ent=2.4045) rad(pl=0.0001 vl=3838433.4167 ent=346.5825)
      [PPO] leag-t0 ep5 step152 cmd(pl=0.0001 vl=2181399.8333 ent=2.4090) rad(pl=-0.0021 vl=3855548.6250 ent=346.6054)
      [PPO] leag-t0 ep5 step194 cmd(pl=-0.0037 vl=2162908.9583 ent=2.4133) rad(pl=0.0016 vl=3857569.7083 ent=346.6372)
      [PPO] leag-t0 ep5 step236 cmd(pl=-0.0026 vl=2170699.2708 ent=2.4150) rad(pl=-0.0006 vl=3825639.1667 ent=346.6951)
      [PPO] leag-t0 ep5 step278 cmd(pl=0.0002 vl=2194349.1875 ent=2.4170) rad(pl=-0.0026 vl=3792603.0000 ent=346.7233)
      [PPO] leag-t0 ep5 step320 cmd(pl=-0.0010 vl=2181948.0000 ent=2.4203) rad(pl=-0.0032 vl=3778415.3333 ent=346.7080)
      [PPO] leag-t0 ep5 step362 cmd(pl=-0.0018 vl=2116202.4167 ent=2.4234) rad(pl=0.0007 vl=3758588.6250 ent=346.7071)
      [PPO] leag-t0 ep5 step404 cmd(pl=-0.0020 vl=2173281.5417 ent=2.4321) rad(pl=0.0044 vl=3729236.0833 ent=346.7579)
      [PPO] leag-t0 ep5 step446 cmd(pl=0.0006 vl=2187974.1875 ent=2.4375) rad(pl=-0.0021 vl=3726651.9167 ent=346.8381)
      [PPO] leag-t0 ep5 step488 cmd(pl=-0.0018 vl=2205755.0833 ent=2.4422) rad(pl=0.0025 vl=3662829.6667 ent=346.8893)
    ep 6/10  steps=500 timeout  wr=0.00  avg_r=20827.0076
      [PPO] leag-t0 ep6 step31 cmd(pl=-0.0007 vl=2141602.8750 ent=2.4386) rad(pl=-0.0024 vl=1766379.1042 ent=346.9509)
      [PPO] leag-t0 ep6 step73 cmd(pl=-0.0011 vl=2108570.8750 ent=2.4450) rad(pl=-0.0025 vl=1017398.8542 ent=347.0144)
      [PPO] leag-t0 ep6 step115 cmd(pl=-0.0010 vl=2148371.3333 ent=2.4549) rad(pl=-0.0072 vl=981642.6667 ent=347.0685)
      [PPO] leag-t0 ep6 step157 cmd(pl=-0.0006 vl=2119157.0000 ent=2.4592) rad(pl=0.0004 vl=916276.2188 ent=347.0726)
      [PPO] leag-t0 ep6 step199 cmd(pl=-0.0011 vl=2082276.4167 ent=2.4627) rad(pl=0.0116 vl=994375.2188 ent=347.1419)
      [PPO] leag-t0 ep6 step241 cmd(pl=-0.0018 vl=2100659.1042 ent=2.4589) rad(pl=-0.0107 vl=955432.6250 ent=347.1424)
      [PPO] leag-t0 ep6 step283 cmd(pl=-0.0017 vl=2027698.2708 ent=2.4576) rad(pl=-0.0031 vl=970183.5312 ent=347.1582)
      [PPO] leag-t0 ep6 step325 cmd(pl=-0.0008 vl=2045847.1875 ent=2.4576) rad(pl=-0.0036 vl=942990.6146 ent=347.2153)
      [PPO] leag-t0 ep6 step367 cmd(pl=-0.0012 vl=2092979.7708 ent=2.4648) rad(pl=0.0015 vl=950774.8333 ent=347.2274)
      [PPO] leag-t0 ep6 step409 cmd(pl=-0.0010 vl=2130969.8958 ent=2.4678) rad(pl=-0.0014 vl=916495.3854 ent=347.2697)
      [PPO] leag-t0 ep6 step451 cmd(pl=-0.0014 vl=2062249.5417 ent=2.4731) rad(pl=0.0026 vl=929972.3542 ent=347.3283)
      [PPO] leag-t0 ep6 step493 cmd(pl=-0.0012 vl=2006712.8542 ent=2.4761) rad(pl=-0.0045 vl=898821.9792 ent=347.3531)
    ep 7/10  steps=500 timeout  wr=0.00  avg_r=20688.9214
      [PPO] leag-t0 ep7 step36 cmd(pl=0.0002 vl=2031205.9375 ent=2.4648) rad(pl=0.0006 vl=1248257.7708 ent=347.3399)
      [PPO] leag-t0 ep7 step78 cmd(pl=-0.0014 vl=2076422.2083 ent=2.4740) rad(pl=0.0000 vl=1366621.8125 ent=347.3778)
      [PPO] leag-t0 ep7 step120 cmd(pl=-0.0009 vl=2044767.8333 ent=2.4914) rad(pl=-0.0013 vl=1363659.6667 ent=347.4491)
      [PPO] leag-t0 ep7 step162 cmd(pl=-0.0011 vl=2016634.6458 ent=2.5027) rad(pl=0.0008 vl=1356507.1250 ent=347.5168)
      [PPO] leag-t0 ep7 step204 cmd(pl=-0.0003 vl=2102944.3750 ent=2.5139) rad(pl=-0.0014 vl=1359685.7708 ent=347.5556)
      [PPO] leag-t0 ep7 step246 cmd(pl=-0.0006 vl=2051633.6250 ent=2.5213) rad(pl=-0.0063 vl=1342170.0000 ent=347.5900)
      [PPO] leag-t0 ep7 step288 cmd(pl=-0.0071 vl=1955684.3750 ent=2.5275) rad(pl=0.0008 vl=1337596.6458 ent=347.6126)
      [PPO] leag-t0 ep7 step330 cmd(pl=-0.0028 vl=1956475.0625 ent=2.5365) rad(pl=-0.0002 vl=1311017.5208 ent=347.6396)
      [PPO] leag-t0 ep7 step372 cmd(pl=-0.0037 vl=2002523.7500 ent=2.5473) rad(pl=-0.0006 vl=1287900.7292 ent=347.6887)
      [PPO] leag-t0 ep7 step414 cmd(pl=0.0002 vl=1933733.9583 ent=2.5479) rad(pl=-0.0052 vl=1263589.1875 ent=347.7446)
      [PPO] leag-t0 ep7 step456 cmd(pl=-0.0026 vl=1953848.1250 ent=2.5507) rad(pl=-0.0048 vl=1222070.2500 ent=347.7744)
      [PPO] leag-t0 ep7 step498 cmd(pl=-0.0013 vl=1926508.4583 ent=2.5470) rad(pl=-0.0029 vl=1187497.1042 ent=347.8072)
    ep 8/10  steps=500 timeout  wr=0.00  avg_r=20530.9507
      [PPO] leag-t0 ep8 step41 cmd(pl=-0.0013 vl=1954039.1042 ent=2.5607) rad(pl=-0.0009 vl=857040.4896 ent=347.8153)
      [PPO] leag-t0 ep8 step83 cmd(pl=-0.0018 vl=1831105.0000 ent=2.5606) rad(pl=-0.0030 vl=795067.0625 ent=347.8321)
      [PPO] leag-t0 ep8 step125 cmd(pl=0.0009 vl=1849854.7708 ent=2.5704) rad(pl=-0.0038 vl=745811.9688 ent=347.8642)
      [PPO] leag-t0 ep8 step167 cmd(pl=-0.0021 vl=1805530.8542 ent=2.5730) rad(pl=-0.0034 vl=698800.0312 ent=347.8586)
      [PPO] leag-t0 ep8 step209 cmd(pl=-0.0022 vl=1878088.9375 ent=2.5805) rad(pl=0.0018 vl=662807.1979 ent=347.8650)
      [PPO] leag-t0 ep8 step251 cmd(pl=-0.0024 vl=1856343.4583 ent=2.5819) rad(pl=-0.0046 vl=640651.0312 ent=347.8826)
      [PPO] leag-t0 ep8 step293 cmd(pl=0.0001 vl=1864838.7292 ent=2.5786) rad(pl=-0.0001 vl=626034.6042 ent=347.9050)
      [PPO] leag-t0 ep8 step335 cmd(pl=-0.0009 vl=1887750.6250 ent=2.5768) rad(pl=-0.0005 vl=603144.1771 ent=347.9597)
      [PPO] leag-t0 ep8 step377 cmd(pl=-0.0014 vl=1791839.9167 ent=2.5701) rad(pl=-0.0039 vl=587634.4375 ent=347.9781)
      [PPO] leag-t0 ep8 step419 cmd(pl=-0.0012 vl=1815512.1042 ent=2.5724) rad(pl=-0.0013 vl=586228.0625 ent=348.0009)
      [PPO] leag-t0 ep8 step461 cmd(pl=-0.0028 vl=1773437.1458 ent=2.5728) rad(pl=-0.0030 vl=585943.2292 ent=348.0422)
    ep 9/10  steps=500 timeout  wr=0.00  avg_r=20323.5889
      [PPO] leag-t0 ep9 step4 cmd(pl=-0.0036 vl=1843144.7708 ent=2.5851) rad(pl=-0.0003 vl=590445.6042 ent=348.0454)
      [PPO] leag-t0 ep9 step46 cmd(pl=-0.0023 vl=1824414.6458 ent=2.5968) rad(pl=0.0027 vl=778027.7604 ent=348.1379)
      [PPO] leag-t0 ep9 step88 cmd(pl=-0.0047 vl=1829829.6042 ent=2.6048) rad(pl=0.0003 vl=759443.9271 ent=348.1186)
      [PPO] leag-t0 ep9 step130 cmd(pl=-0.0007 vl=1779818.2083 ent=2.6185) rad(pl=0.0006 vl=763267.8229 ent=348.2144)
      [PPO] leag-t0 ep9 step172 cmd(pl=0.0004 vl=1801376.1875 ent=2.6201) rad(pl=-0.0043 vl=755407.4688 ent=348.1948)
      [PPO] leag-t0 ep9 step214 cmd(pl=-0.0004 vl=1793247.1250 ent=2.6236) rad(pl=-0.0005 vl=756934.3125 ent=348.2509)
      [PPO] leag-t0 ep9 step256 cmd(pl=-0.0007 vl=1710106.2708 ent=2.6263) rad(pl=-0.0034 vl=737488.7917 ent=348.2918)
      [PPO] leag-t0 ep9 step298 cmd(pl=-0.0021 vl=1712648.5208 ent=2.6319) rad(pl=-0.0009 vl=739998.5312 ent=348.3093)
      [PPO] leag-t0 ep9 step340 cmd(pl=-0.0010 vl=1779650.1042 ent=2.6420) rad(pl=-0.0053 vl=710172.9688 ent=348.3263)
      [PPO] leag-t0 ep9 step382 cmd(pl=0.0001 vl=1753019.7292 ent=2.6485) rad(pl=0.0012 vl=719644.3438 ent=348.3475)
      [PPO] leag-t0 ep9 step424 cmd(pl=-0.0020 vl=1631368.4792 ent=2.6500) rad(pl=-0.0070 vl=680709.8958 ent=348.3694)
      [PPO] leag-t0 ep9 step466 cmd(pl=-0.0002 vl=1650060.2500 ent=2.6557) rad(pl=-0.0005 vl=684292.3958 ent=348.3718)
    ep 10/10  steps=500 timeout  wr=0.00  avg_r=20078.7214
    ── ep 10/10  wr=0.00  avg_r=20078.7214
  Training main (team 1, p0016) against self...
      [PPO] main-t1 ep0 step16 cmd(pl=-0.0000 vl=1786897.3125 ent=2.3904) rad(pl=-0.0001 vl=2334580.2083 ent=334.6630)
      [PPO] main-t1 ep0 step58 cmd(pl=0.0000 vl=1819271.2292 ent=2.3889) rad(pl=-0.0019 vl=2168891.1250 ent=334.6732)
      [PPO] main-t1 ep0 step100 cmd(pl=-0.0001 vl=1807742.7292 ent=2.3896) rad(pl=-0.0011 vl=2131471.7292 ent=334.6818)
      [PPO] main-t1 ep0 step142 cmd(pl=-0.0004 vl=1793168.0000 ent=2.3904) rad(pl=-0.0000 vl=2132599.2917 ent=334.6836)
      [PPO] main-t1 ep0 step184 cmd(pl=0.0001 vl=1854593.0417 ent=2.3903) rad(pl=-0.0018 vl=2109089.5625 ent=334.6850)
      [PPO] main-t1 ep0 step226 cmd(pl=-0.0001 vl=1928031.6667 ent=2.3899) rad(pl=-0.0017 vl=2107358.0208 ent=334.6832)
      [PPO] main-t1 ep0 step268 cmd(pl=-0.0003 vl=1972019.6875 ent=2.3890) rad(pl=0.0002 vl=2085676.2708 ent=334.6771)
      [PPO] main-t1 ep0 step310 cmd(pl=-0.0000 vl=1946057.2917 ent=2.3896) rad(pl=0.0007 vl=2088021.9792 ent=334.6776)
      [PPO] main-t1 ep0 step352 cmd(pl=-0.0002 vl=2126130.1875 ent=2.3880) rad(pl=-0.0001 vl=2095566.4167 ent=334.6848)
      [PPO] main-t1 ep0 step394 cmd(pl=-0.0003 vl=2130309.7917 ent=2.3874) rad(pl=0.0028 vl=2074341.7708 ent=334.6862)
      [PPO] main-t1 ep0 step436 cmd(pl=-0.0005 vl=2104426.1875 ent=2.3865) rad(pl=-0.0002 vl=2066475.5417 ent=334.7056)
      [PPO] main-t1 ep0 step478 cmd(pl=-0.0002 vl=2090977.9167 ent=2.3876) rad(pl=-0.0023 vl=2044063.7917 ent=334.7020)
    ep 1/10  steps=500 timeout  wr=0.00  avg_r=20502.5322
      [PPO] main-t1 ep1 step21 cmd(pl=-0.0001 vl=2069814.8750 ent=2.3905) rad(pl=-0.0011 vl=2431794.9583 ent=334.7162)
      [PPO] main-t1 ep1 step63 cmd(pl=-0.0003 vl=2104006.5625 ent=2.3933) rad(pl=-0.0031 vl=2916286.2500 ent=334.7223)
      [PPO] main-t1 ep1 step105 cmd(pl=-0.0003 vl=2119852.5417 ent=2.3937) rad(pl=-0.0042 vl=2911602.0833 ent=334.6910)
      [PPO] main-t1 ep1 step147 cmd(pl=-0.0000 vl=2146537.9792 ent=2.3958) rad(pl=-0.0013 vl=2895433.0000 ent=334.6759)
      [PPO] main-t1 ep1 step189 cmd(pl=-0.0002 vl=2112616.3125 ent=2.3981) rad(pl=0.0017 vl=2894668.0000 ent=334.6944)
      [PPO] main-t1 ep1 step231 cmd(pl=-0.0002 vl=2118526.8750 ent=2.3991) rad(pl=-0.0014 vl=2865970.2917 ent=334.7426)
      [PPO] main-t1 ep1 step273 cmd(pl=-0.0001 vl=2131387.1875 ent=2.3992) rad(pl=-0.0005 vl=2871526.2083 ent=334.7789)
      [PPO] main-t1 ep1 step315 cmd(pl=-0.0000 vl=2217138.6667 ent=2.4001) rad(pl=-0.0031 vl=2889166.8750 ent=334.7780)
      [PPO] main-t1 ep1 step357 cmd(pl=-0.0004 vl=2117139.0208 ent=2.4007) rad(pl=0.0006 vl=2871098.0000 ent=334.7539)
      [PPO] main-t1 ep1 step399 cmd(pl=-0.0008 vl=2142944.0625 ent=2.4016) rad(pl=0.0009 vl=2883349.6250 ent=334.7473)
      [PPO] main-t1 ep1 step441 cmd(pl=0.0005 vl=2151058.5000 ent=2.4052) rad(pl=-0.0012 vl=2858377.5000 ent=334.7777)
      [PPO] main-t1 ep1 step483 cmd(pl=-0.0005 vl=2241163.8958 ent=2.4074) rad(pl=0.0006 vl=2897643.5833 ent=334.8266)
    ep 2/10  steps=500 timeout  wr=0.00  avg_r=20609.9341
      [PPO] main-t1 ep2 step26 cmd(pl=-0.0001 vl=2180813.1250 ent=2.4114) rad(pl=-0.0018 vl=2147209.9375 ent=334.8412)
      [PPO] main-t1 ep2 step68 cmd(pl=-0.0003 vl=2213928.2708 ent=2.4134) rad(pl=0.0001 vl=1668960.8958 ent=334.8378)
      [PPO] main-t1 ep2 step110 cmd(pl=-0.0003 vl=2282178.4583 ent=2.4146) rad(pl=-0.0011 vl=1651994.9167 ent=334.8598)
      [PPO] main-t1 ep2 step152 cmd(pl=-0.0002 vl=2214172.1042 ent=2.4149) rad(pl=-0.0029 vl=1632142.5625 ent=334.8908)
      [PPO] main-t1 ep2 step194 cmd(pl=-0.0002 vl=2151392.1667 ent=2.4154) rad(pl=-0.0006 vl=1605100.5417 ent=334.9212)
      [PPO] main-t1 ep2 step236 cmd(pl=-0.0002 vl=2163629.1458 ent=2.4185) rad(pl=-0.0012 vl=1590576.2292 ent=334.9384)
      [PPO] main-t1 ep2 step278 cmd(pl=-0.0000 vl=2165985.2500 ent=2.4218) rad(pl=-0.0042 vl=1578602.6667 ent=334.9525)
      [PPO] main-t1 ep2 step320 cmd(pl=-0.0001 vl=2211025.8333 ent=2.4227) rad(pl=0.0002 vl=1563407.6042 ent=334.9803)
      [PPO] main-t1 ep2 step362 cmd(pl=-0.0002 vl=2153230.4792 ent=2.4233) rad(pl=-0.0019 vl=1553283.4583 ent=334.9937)
      [PPO] main-t1 ep2 step404 cmd(pl=-0.0003 vl=2199566.5833 ent=2.4241) rad(pl=-0.0011 vl=1565264.9167 ent=335.0068)
      [PPO] main-t1 ep2 step446 cmd(pl=-0.0003 vl=2123251.0417 ent=2.4259) rad(pl=0.0012 vl=1566417.2292 ent=335.0412)
      [PPO] main-t1 ep2 step488 cmd(pl=-0.0002 vl=2191696.6667 ent=2.4281) rad(pl=-0.0040 vl=1559923.8125 ent=335.0693)
    ep 3/10  steps=500 timeout  wr=0.00  avg_r=20530.6725
      [PPO] main-t1 ep3 step31 cmd(pl=-0.0002 vl=2160485.6458 ent=2.4300) rad(pl=0.0002 vl=2583124.1250 ent=335.0941)
      [PPO] main-t1 ep3 step73 cmd(pl=-0.0003 vl=2247383.5833 ent=2.4324) rad(pl=-0.0014 vl=3001186.5833 ent=335.1054)
      [PPO] main-t1 ep3 step115 cmd(pl=-0.0008 vl=2181347.3125 ent=2.4357) rad(pl=-0.0028 vl=2961136.9167 ent=335.1122)
      [PPO] main-t1 ep3 step157 cmd(pl=-0.0002 vl=2154742.5000 ent=2.4387) rad(pl=0.0007 vl=2945736.9583 ent=335.1152)
      [PPO] main-t1 ep3 step199 cmd(pl=-0.0006 vl=2195745.3750 ent=2.4409) rad(pl=-0.0013 vl=2918559.1250 ent=335.1179)
      [PPO] main-t1 ep3 step241 cmd(pl=0.0000 vl=2178754.2500 ent=2.4450) rad(pl=-0.0006 vl=2913484.0417 ent=335.1374)
      [PPO] main-t1 ep3 step283 cmd(pl=-0.0004 vl=2130535.2292 ent=2.4470) rad(pl=-0.0014 vl=2876560.6667 ent=335.1618)
      [PPO] main-t1 ep3 step325 cmd(pl=-0.0004 vl=2199285.7917 ent=2.4462) rad(pl=-0.0002 vl=2870439.7917 ent=335.1765)
      [PPO] main-t1 ep3 step367 cmd(pl=-0.0001 vl=2209264.6250 ent=2.4459) rad(pl=-0.0008 vl=2807393.9167 ent=335.1956)
      [PPO] main-t1 ep3 step409 cmd(pl=-0.0006 vl=2114897.2292 ent=2.4459) rad(pl=0.0018 vl=2772560.0833 ent=335.2161)
      [PPO] main-t1 ep3 step451 cmd(pl=-0.0002 vl=2201954.1250 ent=2.4479) rad(pl=-0.0013 vl=2736165.4583 ent=335.2263)
      [PPO] main-t1 ep3 step493 cmd(pl=-0.0008 vl=2121698.9583 ent=2.4482) rad(pl=-0.0015 vl=2719761.2917 ent=335.2329)
    ep 4/10  steps=500 timeout  wr=0.00  avg_r=20431.7745
      [PPO] main-t1 ep4 step36 cmd(pl=-0.0002 vl=2177135.5417 ent=2.4455) rad(pl=0.0003 vl=2696229.2917 ent=335.2536)
      [PPO] main-t1 ep4 step78 cmd(pl=-0.0003 vl=2152950.4167 ent=2.4450) rad(pl=-0.0025 vl=2671692.3333 ent=335.2616)
      [PPO] main-t1 ep4 step120 cmd(pl=-0.0003 vl=2216595.8750 ent=2.4443) rad(pl=-0.0013 vl=2699471.8750 ent=335.2619)
      [PPO] main-t1 ep4 step162 cmd(pl=-0.0005 vl=2199349.5833 ent=2.4444) rad(pl=-0.0018 vl=2680258.1667 ent=335.2678)
      [PPO] main-t1 ep4 step204 cmd(pl=-0.0005 vl=2082065.0625 ent=2.4433) rad(pl=-0.0003 vl=2639886.5000 ent=335.2616)
      [PPO] main-t1 ep4 step246 cmd(pl=-0.0003 vl=2152825.2708 ent=2.4429) rad(pl=-0.0021 vl=2641696.2917 ent=335.2822)
      [PPO] main-t1 ep4 step288 cmd(pl=-0.0001 vl=2123931.6042 ent=2.4452) rad(pl=-0.0027 vl=2631134.6667 ent=335.2958)
      [PPO] main-t1 ep4 step330 cmd(pl=0.0001 vl=2131305.1667 ent=2.4464) rad(pl=-0.0021 vl=2604381.4583 ent=335.2974)
