[gpu] Using device: cuda
[gpu] GPU: NVIDIA RTX PRO 6000 Blackwell Workstation Edition
[gpu] VRAM: 102.0 GB
FluxPhased League Training
Config: configs/ablation_f1f8/v3_scaling.yaml
Device: cuda
Environment: E=12, R=4, N=625, P=4, bins=64
State dim: 163783, Action dim: 13753
[wandb] wandb not available; skipping logging
Warp 1.10.1 initialized:
   CUDA Toolkit 12.8, Driver 13.2
   Devices:
     "cpu"      : "x86_64"
     "cuda:0"   : "NVIDIA RTX PRO 6000 Blackwell Workstation Edition" (95 GiB, sm_120, mempool enabled)
   Kernel cache:
     /home/ubuntu/.cache/warp/1.10.1
[League] kill_radius initialized at 50.000m (will anneal toward 0.200m)

============================================================
PSRO Iteration 0/24
============================================================
[League] Iteration 0: Evaluating payoff matrix...
  [payoff] p0000 vs p0003 (1/9)... Module radar_sim.gpu.vec_channel 6a2afee load on device 'cuda:0' took 0.41 ms  (cached)
Module radar_sim.gpu.vec_array 0e899e2 load on device 'cuda:0' took 29.28 ms  (cached)
win_rate=0.62 (6.0s)
  [payoff] p0000 vs p0004 (2/9)...     step 100: alive=7 red_wins=1/1 wr_sofar=1.00
    step 200: alive=7 red_wins=1/1 wr_sofar=1.00
    step 300: alive=7 red_wins=1/1 wr_sofar=1.00
    step 400: alive=7 red_wins=1/1 wr_sofar=1.00
    [p0000 vs p0004] final-step illumination_progress: team0=0.0292 team1=0.0500 (max t0=0.1000 t1=0.4000)
win_rate=0.69 (117.8s)
  [payoff] p0000 vs p0005 (3/9)... win_rate=0.25 (5.6s)
  [payoff] p0001 vs p0003 (4/9)... win_rate=0.88 (16.9s)
  [payoff] p0001 vs p0004 (5/9)...     step 100: alive=1 red_wins=7/7 wr_sofar=1.00
    step 200: alive=1 red_wins=7/7 wr_sofar=1.00
    step 300: alive=1 red_wins=7/7 wr_sofar=1.00
win_rate=1.00 (88.6s)
  [payoff] p0001 vs p0005 (6/9)... win_rate=1.00 (5.6s)
  [payoff] p0002 vs p0003 (7/9)...     step 100: alive=1 red_wins=4/7 wr_sofar=0.57
    step 200: alive=1 red_wins=4/7 wr_sofar=0.57
    step 300: alive=1 red_wins=4/7 wr_sofar=0.57
    step 400: alive=1 red_wins=4/7 wr_sofar=0.57
    [p0002 vs p0003] final-step illumination_progress: team0=0.0083 team1=0.0042 (max t0=0.1000 t1=0.0500)
win_rate=0.56 (117.4s)
  [payoff] p0002 vs p0004 (8/9)...     step 100: alive=6 red_wins=1/2 wr_sofar=0.50
    step 200: alive=6 red_wins=1/2 wr_sofar=0.50
    step 300: alive=6 red_wins=1/2 wr_sofar=0.50
    step 400: alive=6 red_wins=1/2 wr_sofar=0.50
    [p0002 vs p0004] final-step illumination_progress: team0=0.0125 team1=0.0375 (max t0=0.1500 t1=0.1500)
win_rate=0.38 (117.9s)
  [payoff] p0002 vs p0005 (9/9)... win_rate=0.12 (6.8s)
  Team 0 sigma=[0. 1. 0.] NashConv=0.0000 H_task=1.386 effK=1.00
  Team 1 sigma=[1. 0. 0.] NashConv=0.2292 H_task=1.386 effK=1.00
  Training main (team 0, p0000) against self...
    ep 1/10  steps=8 kill  wr=2.00  avg_r=-1272.7763
      [dart] fire_rate=0.542  min_dist_init=63.89m  final=nanm  change=+nanm  min=0.24m
    ep 2/10  steps=7 kill  wr=1.50  avg_r=-1333.9547
      [dart] fire_rate=0.535  min_dist_init=44.34m  final=nanm  change=+nanm  min=0.41m
    ep 3/10  steps=8 kill  wr=1.33  avg_r=-664.5781
      [dart] fire_rate=0.500  min_dist_init=37.07m  final=nanm  change=+nanm  min=0.10m
    ep 4/10  steps=8 kill  wr=1.25  avg_r=-821.1371
      [dart] fire_rate=0.542  min_dist_init=32.27m  final=nanm  change=+nanm  min=0.24m
    ep 5/10  steps=7 kill  wr=1.20  avg_r=-946.8458
      [dart] fire_rate=0.576  min_dist_init=37.08m  final=nanm  change=+nanm  min=0.36m
    ── ep 5/10  wr=1.20  avg_r=-946.8458
  Training main (team 0, p0000) against p0005...
    ep 1/10  steps=6 kill  wr=0.00  avg_r=499.7649
      [dart] fire_rate=0.433  min_dist_init=62.06m  final=nanm  change=+nanm  min=0.40m
    ep 2/10  steps=6 kill  wr=0.50  avg_r=-498.6594
      [dart] fire_rate=0.508  min_dist_init=44.13m  final=nanm  change=+nanm  min=0.30m
    ep 3/10  steps=6 kill  wr=0.67  avg_r=-849.4131
      [dart] fire_rate=0.525  min_dist_init=94.49m  final=nanm  change=+nanm  min=0.05m
    ep 4/10  steps=6 kill  wr=0.75  avg_r=-1018.5444
      [dart] fire_rate=0.592  min_dist_init=85.87m  final=nanm  change=+nanm  min=0.24m
    ep 5/10  steps=6 kill  wr=0.60  avg_r=-720.8214
      [dart] fire_rate=0.475  min_dist_init=44.26m  final=nanm  change=+nanm  min=0.24m
    ── ep 5/10  wr=0.60  avg_r=-720.8214
  Training main_exploiter (team 0, p0001) against p0003...
    ep 1/10  steps=16 kill  wr=0.00  avg_r=1446.4421
      [dart] fire_rate=0.478  min_dist_init=16.39m  final=nanm  change=+nanm  min=0.10m
    ep 2/10  steps=9 kill  wr=0.50  avg_r=103.3791
      [dart] fire_rate=0.526  min_dist_init=28.69m  final=nanm  change=+nanm  min=0.23m
    ep 3/10  steps=6 kill  wr=0.67  avg_r=-419.5457
      [dart] fire_rate=0.425  min_dist_init=128.33m  final=nanm  change=+nanm  min=0.17m
    ep 4/10  steps=6 kill  wr=0.75  avg_r=-703.9487
      [dart] fire_rate=0.417  min_dist_init=44.17m  final=nanm  change=+nanm  min=0.12m
    ep 5/10  steps=6 kill  wr=0.60  avg_r=-472.8091
      [dart] fire_rate=0.492  min_dist_init=85.82m  final=nanm  change=+nanm  min=0.40m
    ── ep 5/10  wr=0.60  avg_r=-472.8091
    ep 6/10  steps=7 kill  wr=0.83  avg_r=-964.0437
      [dart] fire_rate=0.424  min_dist_init=71.93m  final=nanm  change=+nanm  min=0.32m
    ep 7/10  steps=6 kill  wr=0.71  avg_r=-749.2681
      [dart] fire_rate=0.550  min_dist_init=45.80m  final=nanm  change=+nanm  min=0.09m
    ep 8/10  steps=6 kill  wr=0.62  avg_r=-603.0593
      [dart] fire_rate=0.558  min_dist_init=85.94m  final=nanm  change=+nanm  min=0.18m
    ep 9/10  steps=6 kill  wr=0.67  avg_r=-702.0962
      [dart] fire_rate=0.525  min_dist_init=91.87m  final=nanm  change=+nanm  min=0.24m
    ep 10/10  steps=8 kill  wr=0.60  avg_r=-564.0400
      [dart] fire_rate=0.470  min_dist_init=37.03m  final=nanm  change=+nanm  min=0.17m
    ── ep 10/10  wr=0.60  avg_r=-564.0400
  Training league_exploiter (team 0, p0002) against p0005...
    ep 1/10  steps=13 kill  wr=0.00  avg_r=1136.1904
      [dart] fire_rate=0.490  min_dist_init=40.82m  final=nanm  change=+nanm  min=0.08m
    ep 2/10  steps=6 kill  wr=0.50  avg_r=-195.4801
      [dart] fire_rate=0.633  min_dist_init=64.44m  final=nanm  change=+nanm  min=0.26m
    ep 3/10  steps=10 kill  wr=0.33  avg_r=166.8730
      [dart] fire_rate=0.551  min_dist_init=33.29m  final=nanm  change=+nanm  min=0.20m
    ep 4/10  steps=10 kill  wr=0.25  avg_r=328.7160
      [dart] fire_rate=0.523  min_dist_init=25.85m  final=nanm  change=+nanm  min=0.17m
    ep 5/10  steps=6 kill  wr=0.20  avg_r=362.6894
      [dart] fire_rate=0.517  min_dist_init=44.20m  final=nanm  change=+nanm  min=0.47m
    ── ep 5/10  wr=0.20  avg_r=362.6894
    ep 6/10  steps=6 kill  wr=0.17  avg_r=379.6053
      [dart] fire_rate=0.483  min_dist_init=85.85m  final=nanm  change=+nanm  min=0.48m
    ep 7/10  steps=6 kill  wr=0.14  avg_r=391.3435
      [dart] fire_rate=0.483  min_dist_init=44.18m  final=nanm  change=+nanm  min=0.21m
    ep 8/10  steps=6 kill  wr=0.12  avg_r=405.1028
      [dart] fire_rate=0.492  min_dist_init=127.33m  final=nanm  change=+nanm  min=0.15m
    ep 9/10  steps=6 kill  wr=0.11  avg_r=411.6840
      [dart] fire_rate=0.450  min_dist_init=44.34m  final=nanm  change=+nanm  min=0.20m
    ep 10/10  steps=13 kill  wr=0.10  avg_r=483.8584
      [dart] fire_rate=0.451  min_dist_init=19.89m  final=nanm  change=+nanm  min=0.13m
    ── ep 10/10  wr=0.10  avg_r=483.8584
  Training main (team 1, p0003) against self...
    ep 1/10  steps=9 kill  wr=1.00  avg_r=-1217.2930
      [dart] fire_rate=0.536  min_dist_init=37.65m  final=nanm  change=+nanm  min=0.25m
    ep 2/10  steps=9 kill  wr=1.00  avg_r=-1238.8596
      [dart] fire_rate=0.510  min_dist_init=28.55m  final=nanm  change=+nanm  min=0.20m
  Training main (team 1, p0003) against p0000...
    ep 1/10  steps=6 kill  wr=1.00  avg_r=-1509.9559
      [dart] fire_rate=0.475  min_dist_init=54.58m  final=nanm  change=+nanm  min=0.17m
    ep 2/10  steps=9 kill  wr=1.00  avg_r=-1385.1821
      [dart] fire_rate=0.526  min_dist_init=28.54m  final=nanm  change=+nanm  min=0.14m
  Training main (team 1, p0003) against p0002...
    ep 1/10  steps=6 kill  wr=0.00  avg_r=497.7608
      [dart] fire_rate=0.617  min_dist_init=44.17m  final=nanm  change=+nanm  min=0.17m
    ep 2/10  steps=6 kill  wr=0.00  avg_r=472.8540
      [dart] fire_rate=0.608  min_dist_init=140.98m  final=nanm  change=+nanm  min=0.26m
  Training main (team 1, p0003) against p0008...
    ep 1/10  steps=6 kill  wr=2.00  avg_r=-3503.9246
      [dart] fire_rate=0.550  min_dist_init=85.85m  final=nanm  change=+nanm  min=0.21m
    ep 2/10  steps=6 kill  wr=1.00  avg_r=-1520.9421
      [dart] fire_rate=0.533  min_dist_init=44.36m  final=nanm  change=+nanm  min=0.25m
  Resetting p0004 to anchor p0009 (role=main, gen=1)
  Training main_exploiter (team 1, p0004) against p0006...
    ep 1/10  steps=6 kill  wr=1.00  avg_r=-1540.3923
      [dart] fire_rate=0.550  min_dist_init=44.12m  final=nanm  change=+nanm  min=0.18m
    ep 2/10  steps=6 kill  wr=0.50  avg_r=-547.5728
      [dart] fire_rate=0.558  min_dist_init=127.61m  final=nanm  change=+nanm  min=0.05m
    ep 3/10  steps=8 kill  wr=0.33  avg_r=-152.5895
      [dart] fire_rate=0.512  min_dist_init=32.20m  final=nanm  change=+nanm  min=0.10m
    ep 4/10  steps=6 kill  wr=0.25  avg_r=14.6533
      [dart] fire_rate=0.500  min_dist_init=88.34m  final=nanm  change=+nanm  min=0.42m
    ep 5/10  steps=7 kill  wr=0.20  avg_r=117.0380
      [dart] fire_rate=0.521  min_dist_init=40.58m  final=nanm  change=+nanm  min=0.45m
    ── ep 5/10  wr=0.20  avg_r=117.0380
    ep 6/10  steps=6 kill  wr=0.17  avg_r=179.4355
      [dart] fire_rate=0.558  min_dist_init=85.86m  final=nanm  change=+nanm  min=0.22m
    ep 7/10  steps=6 kill  wr=0.14  avg_r=221.5252
      [dart] fire_rate=0.558  min_dist_init=44.20m  final=nanm  change=+nanm  min=0.27m
    ep 8/10  steps=6 kill  wr=0.12  avg_r=245.7338
      [dart] fire_rate=0.433  min_dist_init=44.13m  final=nanm  change=+nanm  min=0.07m
    ep 9/10  steps=7 kill  wr=0.11  avg_r=284.0005
      [dart] fire_rate=0.486  min_dist_init=37.23m  final=nanm  change=+nanm  min=0.20m
    ep 10/10  steps=6 kill  wr=0.20  avg_r=100.2133
      [dart] fire_rate=0.525  min_dist_init=44.23m  final=nanm  change=+nanm  min=0.47m
    ── ep 10/10  wr=0.20  avg_r=100.2133
  Training league_exploiter (team 1, p0005) against p0007...
    ep 1/10  steps=6 kill  wr=1.00  avg_r=-1539.5631
      [dart] fire_rate=0.483  min_dist_init=44.28m  final=nanm  change=+nanm  min=0.33m
    ep 2/10  steps=9 kill  wr=1.00  avg_r=-1372.3909
      [dart] fire_rate=0.542  min_dist_init=28.69m  final=nanm  change=+nanm  min=0.20m
    ep 3/10  steps=6 kill  wr=1.00  avg_r=-1416.0694
      [dart] fire_rate=0.542  min_dist_init=85.90m  final=nanm  change=+nanm  min=0.14m
    ep 4/10  steps=8 kill  wr=0.75  avg_r=-1395.7415
      [dart] fire_rate=0.500  min_dist_init=62.01m  final=nanm  change=+nanm  min=0.58m
    ep 5/10  steps=6 kill  wr=1.00  avg_r=-1817.2824
      [dart] fire_rate=0.625  min_dist_init=127.47m  final=nanm  change=+nanm  min=0.12m
    ── ep 5/10  wr=1.00  avg_r=-1817.2824
    ep 6/10  steps=6 kill  wr=0.83  avg_r=-1442.8190
      [dart] fire_rate=0.558  min_dist_init=44.09m  final=nanm  change=+nanm  min=0.16m
    ep 7/10  steps=6 kill  wr=0.86  avg_r=-1458.5536
      [dart] fire_rate=0.567  min_dist_init=45.82m  final=nanm  change=+nanm  min=0.21m
    ep 8/10  steps=6 kill  wr=0.75  avg_r=-1221.2355
      [dart] fire_rate=0.542  min_dist_init=85.78m  final=nanm  change=+nanm  min=0.19m
    ep 9/10  steps=12 kill  wr=0.78  avg_r=-1188.4808
      [dart] fire_rate=0.523  min_dist_init=26.55m  final=nanm  change=+nanm  min=0.09m
    ep 10/10  steps=8 kill  wr=0.80  avg_r=-1201.3944
      [dart] fire_rate=0.512  min_dist_init=61.94m  final=nanm  change=+nanm  min=0.28m
    ── ep 10/10  wr=0.80  avg_r=-1201.3944
[League] Iteration 0 complete in 888.3s
[League] alpha=0.000 (schedule=linear) beta_kl=0.100
  [mutant] Created p0012 from p0001 (team=0, wr=0.729, eps=0.05, 1/2)
  [mutant] Created p0013 from p0001 (team=0, wr=0.729, eps=0.05, 2/2)
[League] Generated 2 mutant policies in iteration 0
[League] kill_radius anneal: 50.000m → 35.000m (kill_rate=1.00 ≥ 0.7)
  Checkpoint saved at iteration 0

============================================================
PSRO Iteration 1/24
============================================================
[League] Iteration 1: Evaluating payoff matrix...
  [payoff] p0000 vs p0009 (4/36)...     step 100: alive=6 red_wins=0/2 wr_sofar=0.00
    step 200: alive=6 red_wins=0/2 wr_sofar=0.00
    step 300: alive=6 red_wins=0/2 wr_sofar=0.00
    step 400: alive=6 red_wins=0/2 wr_sofar=0.00
    [p0000 vs p0009] final-step illumination_progress: team0=0.0000 team1=0.0208 (max t0=0.0000 t1=0.2500)
win_rate=0.31 (116.6s)
  [payoff] p0000 vs p0010 (5/36)...     step 100: alive=3 red_wins=0/5 wr_sofar=0.00
    step 200: alive=3 red_wins=0/5 wr_sofar=0.00
    step 300: alive=3 red_wins=0/5 wr_sofar=0.00
    step 400: alive=3 red_wins=0/5 wr_sofar=0.00
    [p0000 vs p0010] final-step illumination_progress: team0=0.0000 team1=0.0125 (max t0=0.0000 t1=0.0500)
win_rate=0.00 (117.8s)
  [payoff] p0000 vs p0011 (6/36)...     step 100: alive=8 red_wins=0/0 wr_sofar=0.00
    step 200: alive=8 red_wins=0/0 wr_sofar=0.00
    step 300: alive=8 red_wins=0/0 wr_sofar=0.00
    step 400: alive=8 red_wins=0/0 wr_sofar=0.00
    [p0000 vs p0011] final-step illumination_progress: team0=0.0000 team1=0.0000 (max t0=0.0000 t1=0.0000)
win_rate=0.50 (515.9s)
  [payoff] p0006 vs p0003 (7/36)...     step 100: alive=4 red_wins=0/4 wr_sofar=0.00
    step 200: alive=4 red_wins=0/4 wr_sofar=0.00
    step 300: alive=4 red_wins=0/4 wr_sofar=0.00
    step 400: alive=4 red_wins=0/4 wr_sofar=0.00
    [p0006 vs p0003] final-step illumination_progress: team0=0.0000 team1=0.0667 (max t0=0.0000 t1=0.5500)
win_rate=0.12 (117.3s)
  [payoff] p0006 vs p0004 (8/36)...     step 100: alive=3 red_wins=0/5 wr_sofar=0.00
    step 200: alive=3 red_wins=0/5 wr_sofar=0.00
    step 300: alive=3 red_wins=0/5 wr_sofar=0.00
    step 400: alive=3 red_wins=0/5 wr_sofar=0.00
    [p0006 vs p0004] final-step illumination_progress: team0=0.0000 team1=0.0000 (max t0=0.0000 t1=0.0000)
win_rate=0.19 (117.5s)
  [payoff] p0006 vs p0005 (9/36)...     step 100: alive=8 red_wins=0/0 wr_sofar=0.00
    step 200: alive=8 red_wins=0/0 wr_sofar=0.00
    step 300: alive=8 red_wins=0/0 wr_sofar=0.00
    step 400: alive=8 red_wins=0/0 wr_sofar=0.00
    [p0006 vs p0005] final-step illumination_progress: team0=0.0000 team1=0.0208 (max t0=0.0000 t1=0.2500)
win_rate=0.44 (513.2s)
  [payoff] p0006 vs p0009 (10/36)...     step 100: alive=5 red_wins=0/3 wr_sofar=0.00
    step 200: alive=5 red_wins=0/3 wr_sofar=0.00
    step 300: alive=5 red_wins=0/3 wr_sofar=0.00
    step 400: alive=5 red_wins=0/3 wr_sofar=0.00
    [p0006 vs p0009] final-step illumination_progress: team0=0.0000 team1=0.0167 (max t0=0.0000 t1=0.2000)
win_rate=0.25 (117.8s)
  [payoff] p0006 vs p0010 (11/36)...     step 100: alive=4 red_wins=0/4 wr_sofar=0.00
    step 200: alive=4 red_wins=0/4 wr_sofar=0.00
    step 300: alive=4 red_wins=0/4 wr_sofar=0.00
    step 400: alive=4 red_wins=0/4 wr_sofar=0.00
    [p0006 vs p0010] final-step illumination_progress: team0=0.0000 team1=0.0042 (max t0=0.0000 t1=0.0500)
win_rate=0.25 (117.3s)
  [payoff] p0006 vs p0011 (12/36)...     step 100: alive=8 red_wins=0/0 wr_sofar=0.00
    step 200: alive=8 red_wins=0/0 wr_sofar=0.00
    step 300: alive=8 red_wins=0/0 wr_sofar=0.00
    step 400: alive=8 red_wins=0/0 wr_sofar=0.00
    [p0006 vs p0011] final-step illumination_progress: team0=0.0000 team1=0.0208 (max t0=0.0000 t1=0.2500)
win_rate=0.44 (512.8s)
  [payoff] p0007 vs p0003 (13/36)...     step 100: alive=5 red_wins=2/3 wr_sofar=0.67
    step 200: alive=5 red_wins=2/3 wr_sofar=0.67
    step 300: alive=4 red_wins=2/4 wr_sofar=0.50
    step 400: alive=4 red_wins=2/4 wr_sofar=0.50
    [p0007 vs p0003] final-step illumination_progress: team0=0.0000 team1=0.0708 (max t0=0.0000 t1=0.5500)
win_rate=0.38 (117.7s)
  [payoff] p0007 vs p0004 (14/36)... win_rate=0.38 (6.8s)
  [payoff] p0007 vs p0005 (15/36)...     step 100: alive=3 red_wins=5/5 wr_sofar=1.00
    step 200: alive=3 red_wins=5/5 wr_sofar=1.00
    step 300: alive=3 red_wins=5/5 wr_sofar=1.00
    step 400: alive=3 red_wins=5/5 wr_sofar=1.00
    [p0007 vs p0005] final-step illumination_progress: team0=0.0042 team1=0.0042 (max t0=0.0500 t1=0.0500)
win_rate=0.88 (118.3s)
  [payoff] p0007 vs p0009 (16/36)...     step 100: alive=5 red_wins=3/3 wr_sofar=1.00
    step 200: alive=5 red_wins=3/3 wr_sofar=1.00
    step 300: alive=5 red_wins=3/3 wr_sofar=1.00
    step 400: alive=5 red_wins=3/3 wr_sofar=1.00
    [p0007 vs p0009] final-step illumination_progress: team0=0.0000 team1=0.0000 (max t0=0.0000 t1=0.0000)
win_rate=0.69 (118.1s)
  [payoff] p0007 vs p0010 (17/36)... win_rate=0.62 (7.9s)
  [payoff] p0007 vs p0011 (18/36)...     step 100: alive=6 red_wins=2/2 wr_sofar=1.00
    step 200: alive=6 red_wins=2/2 wr_sofar=1.00
    step 300: alive=6 red_wins=2/2 wr_sofar=1.00
    step 400: alive=6 red_wins=2/2 wr_sofar=1.00
    [p0007 vs p0011] final-step illumination_progress: team0=0.0083 team1=0.0042 (max t0=0.0500 t1=0.0500)
win_rate=0.62 (118.1s)
  [payoff] p0008 vs p0003 (19/36)...     step 100: alive=4 red_wins=0/4 wr_sofar=0.00
    step 200: alive=4 red_wins=0/4 wr_sofar=0.00
    step 300: alive=4 red_wins=0/4 wr_sofar=0.00
    step 400: alive=4 red_wins=0/4 wr_sofar=0.00
    [p0008 vs p0003] final-step illumination_progress: team0=0.0000 team1=0.0167 (max t0=0.0000 t1=0.2000)
win_rate=0.25 (117.5s)
  [payoff] p0008 vs p0004 (20/36)...     step 100: alive=3 red_wins=0/5 wr_sofar=0.00
    step 200: alive=3 red_wins=0/5 wr_sofar=0.00
    step 300: alive=3 red_wins=0/5 wr_sofar=0.00
    step 400: alive=3 red_wins=0/5 wr_sofar=0.00
    [p0008 vs p0004] final-step illumination_progress: team0=0.0000 team1=0.0125 (max t0=0.0000 t1=0.1500)
win_rate=0.12 (118.7s)
  [payoff] p0008 vs p0005 (21/36)...     step 100: alive=8 red_wins=0/0 wr_sofar=0.00
    step 200: alive=8 red_wins=0/0 wr_sofar=0.00
    step 300: alive=8 red_wins=0/0 wr_sofar=0.00
    step 400: alive=8 red_wins=0/0 wr_sofar=0.00
    [p0008 vs p0005] final-step illumination_progress: team0=0.0000 team1=0.0208 (max t0=0.0000 t1=0.2500)
win_rate=0.44 (515.1s)
  [payoff] p0008 vs p0009 (22/36)...     step 100: alive=4 red_wins=0/4 wr_sofar=0.00
    step 200: alive=4 red_wins=0/4 wr_sofar=0.00
    step 300: alive=4 red_wins=0/4 wr_sofar=0.00
    step 400: alive=4 red_wins=0/4 wr_sofar=0.00
    [p0008 vs p0009] final-step illumination_progress: team0=0.0000 team1=0.0083 (max t0=0.0000 t1=0.1000)
win_rate=0.19 (118.3s)
  [payoff] p0008 vs p0010 (23/36)...     step 100: alive=6 red_wins=0/2 wr_sofar=0.00
    step 200: alive=6 red_wins=0/2 wr_sofar=0.00
    step 300: alive=6 red_wins=0/2 wr_sofar=0.00
    step 400: alive=6 red_wins=0/2 wr_sofar=0.00
    [p0008 vs p0010] final-step illumination_progress: team0=0.0000 team1=0.0125 (max t0=0.0000 t1=0.0500)
win_rate=0.25 (118.0s)
  [payoff] p0008 vs p0011 (24/36)...     step 100: alive=8 red_wins=0/0 wr_sofar=0.00
    step 200: alive=8 red_wins=0/0 wr_sofar=0.00
    step 300: alive=8 red_wins=0/0 wr_sofar=0.00
    step 400: alive=8 red_wins=0/0 wr_sofar=0.00
    [p0008 vs p0011] final-step illumination_progress: team0=0.0000 team1=0.0417 (max t0=0.0000 t1=0.2500)
win_rate=0.44 (512.5s)
  [payoff] p0012 vs p0003 (25/36)...     step 100: alive=6 red_wins=0/2 wr_sofar=0.00
    step 200: alive=6 red_wins=0/2 wr_sofar=0.00
    step 300: alive=6 red_wins=0/2 wr_sofar=0.00
    step 400: alive=6 red_wins=0/2 wr_sofar=0.00
    [p0012 vs p0003] final-step illumination_progress: team0=0.0000 team1=0.0042 (max t0=0.0000 t1=0.0500)
win_rate=0.31 (117.0s)
  [payoff] p0012 vs p0004 (26/36)...     step 100: alive=2 red_wins=0/6 wr_sofar=0.00
    step 200: alive=2 red_wins=0/6 wr_sofar=0.00
    step 300: alive=2 red_wins=0/6 wr_sofar=0.00
    step 400: alive=2 red_wins=0/6 wr_sofar=0.00
    [p0012 vs p0004] final-step illumination_progress: team0=0.0000 team1=0.0083 (max t0=0.0000 t1=0.0500)
win_rate=0.06 (116.2s)
  [payoff] p0012 vs p0005 (27/36)...     step 100: alive=8 red_wins=0/0 wr_sofar=0.00
    step 200: alive=8 red_wins=0/0 wr_sofar=0.00
    step 300: alive=8 red_wins=0/0 wr_sofar=0.00
    step 400: alive=8 red_wins=0/0 wr_sofar=0.00
    [p0012 vs p0005] final-step illumination_progress: team0=0.0000 team1=0.0417 (max t0=0.0000 t1=0.2500)
win_rate=0.44 (512.0s)
  [payoff] p0012 vs p0009 (28/36)...     step 100: alive=4 red_wins=0/4 wr_sofar=0.00
    step 200: alive=4 red_wins=0/4 wr_sofar=0.00
    step 300: alive=4 red_wins=0/4 wr_sofar=0.00
    step 400: alive=3 red_wins=0/5 wr_sofar=0.00
    [p0012 vs p0009] final-step illumination_progress: team0=0.0000 team1=0.0083 (max t0=0.0000 t1=0.0500)
win_rate=0.12 (116.9s)
  [payoff] p0012 vs p0010 (29/36)...     step 100: alive=2 red_wins=0/6 wr_sofar=0.00
    step 200: alive=2 red_wins=0/6 wr_sofar=0.00
    step 300: alive=2 red_wins=0/6 wr_sofar=0.00
    step 400: alive=2 red_wins=0/6 wr_sofar=0.00
    [p0012 vs p0010] final-step illumination_progress: team0=0.0000 team1=0.0083 (max t0=0.0000 t1=0.0500)
win_rate=0.06 (117.5s)
  [payoff] p0012 vs p0011 (30/36)...     step 100: alive=8 red_wins=0/0 wr_sofar=0.00
    step 200: alive=8 red_wins=0/0 wr_sofar=0.00
    step 300: alive=8 red_wins=0/0 wr_sofar=0.00
    step 400: alive=7 red_wins=0/1 wr_sofar=0.00
    [p0012 vs p0011] final-step illumination_progress: team0=0.0000 team1=0.0000 (max t0=0.0000 t1=0.0000)
win_rate=0.44 (376.2s)
  [payoff] p0013 vs p0003 (31/36)...     step 100: alive=5 red_wins=0/3 wr_sofar=0.00
    step 200: alive=5 red_wins=0/3 wr_sofar=0.00
    step 300: alive=5 red_wins=0/3 wr_sofar=0.00
    step 400: alive=5 red_wins=0/3 wr_sofar=0.00
    [p0013 vs p0003] final-step illumination_progress: team0=0.0000 team1=0.0000 (max t0=0.0000 t1=0.0000)
win_rate=0.31 (116.9s)
  [payoff] p0013 vs p0004 (32/36)...     step 100: alive=1 red_wins=0/7 wr_sofar=0.00
    step 200: alive=1 red_wins=0/7 wr_sofar=0.00
    step 300: alive=1 red_wins=0/7 wr_sofar=0.00
    step 400: alive=1 red_wins=0/7 wr_sofar=0.00
    [p0013 vs p0004] final-step illumination_progress: team0=0.0000 team1=0.0292 (max t0=0.0000 t1=0.3500)
win_rate=0.00 (116.7s)
  [payoff] p0013 vs p0005 (33/36)...     step 100: alive=8 red_wins=0/0 wr_sofar=0.00
    step 200: alive=8 red_wins=0/0 wr_sofar=0.00
    step 300: alive=8 red_wins=0/0 wr_sofar=0.00
    step 400: alive=8 red_wins=0/0 wr_sofar=0.00
    [p0013 vs p0005] final-step illumination_progress: team0=0.0000 team1=0.0833 (max t0=0.0000 t1=0.7500)
win_rate=0.44 (512.9s)
  [payoff] p0013 vs p0009 (34/36)...     step 100: alive=7 red_wins=0/1 wr_sofar=0.00
    step 200: alive=6 red_wins=0/2 wr_sofar=0.00
    step 300: alive=5 red_wins=0/3 wr_sofar=0.00
    step 400: alive=5 red_wins=0/3 wr_sofar=0.00
    [p0013 vs p0009] final-step illumination_progress: team0=0.0000 team1=0.0000 (max t0=0.0000 t1=0.0000)
win_rate=0.31 (117.5s)
  [payoff] p0013 vs p0010 (35/36)...     step 100: alive=4 red_wins=0/4 wr_sofar=0.00
    step 200: alive=3 red_wins=0/5 wr_sofar=0.00
    step 300: alive=3 red_wins=0/5 wr_sofar=0.00
    step 400: alive=3 red_wins=0/5 wr_sofar=0.00
    [p0013 vs p0010] final-step illumination_progress: team0=0.0000 team1=0.0000 (max t0=0.0000 t1=0.0000)
win_rate=0.19 (117.1s)
  [payoff] p0013 vs p0011 (36/36)...     step 100: alive=8 red_wins=0/0 wr_sofar=0.00
    step 200: alive=8 red_wins=0/0 wr_sofar=0.00
    step 300: alive=8 red_wins=0/0 wr_sofar=0.00
    step 400: alive=8 red_wins=0/0 wr_sofar=0.00
    [p0013 vs p0011] final-step illumination_progress: team0=0.0000 team1=0.0208 (max t0=0.0000 t1=0.2500)
win_rate=0.44 (511.1s)
  Team 0 sigma=[0.286 0.    0.714 0.   ] NashConv=0.0565 H_task=1.386 effK=1.82
  Team 1 sigma=[0.714 0.    0.    0.    0.286 0.   ] NashConv=0.0446 H_task=1.386 effK=1.82
  Training main (team 0, p0000) against self...
    ep 1/10  steps=8 kill  wr=1.00  avg_r=-1268.3975
      [dart] fire_rate=0.524  min_dist_init=32.11m  final=nanm  change=+nanm  min=0.17m
    ep 2/10  steps=10 kill  wr=2.00  avg_r=-224.0863
      [dart] fire_rate=0.472  min_dist_init=77.31m  final=nanm  change=+nanm  min=0.18m
  Training main (team 0, p0000) against p0005...
    ep 1/10  steps=6 kill  wr=0.00  avg_r=426.2875
      [dart] fire_rate=0.417  min_dist_init=44.12m  final=nanm  change=+nanm  min=0.06m
    ep 2/10  steps=6 kill  wr=0.50  avg_r=-548.3562
      [dart] fire_rate=0.417  min_dist_init=61.61m  final=nanm  change=+nanm  min=0.09m
  Training main (team 0, p0000) against p0010...
    ep 1/10  steps=7 kill  wr=0.00  avg_r=553.3308
      [dart] fire_rate=0.403  min_dist_init=38.39m  final=nanm  change=+nanm  min=0.35m
    ep 2/10  steps=6 kill  wr=0.00  avg_r=486.8761
      [dart] fire_rate=0.467  min_dist_init=47.47m  final=nanm  change=+nanm  min=0.37m
  Training main (team 0, p0000) against p0011...
    ep 1/10  steps=6 kill  wr=0.00  avg_r=463.2827
      [dart] fire_rate=0.417  min_dist_init=44.06m  final=nanm  change=+nanm  min=0.18m
    ep 2/10  steps=10 kill  wr=0.00  avg_r=649.3724
      [dart] fire_rate=0.407  min_dist_init=25.59m  final=nanm  change=+nanm  min=0.22m
  Training main (team 1, p0003) against self...
    ep 1/10  steps=6 kill  wr=1.00  avg_r=497.9811
      [dart] fire_rate=0.583  min_dist_init=44.30m  final=nanm  change=+nanm  min=0.33m
    ep 2/10  steps=7 kill  wr=2.00  avg_r=-2458.9145
      [dart] fire_rate=0.556  min_dist_init=110.85m  final=nanm  change=+nanm  min=0.16m
    ep 3/10  steps=16 kill  wr=2.00  avg_r=-1829.6405
      [dart] fire_rate=0.444  min_dist_init=30.20m  final=nanm  change=+nanm  min=0.16m
  Training main (team 1, p0003) against p0014...
    ep 1/10  steps=6 kill  wr=0.00  avg_r=439.7577
      [dart] fire_rate=0.475  min_dist_init=85.86m  final=nanm  change=+nanm  min=0.26m
    ep 2/10  steps=6 kill  wr=0.00  avg_r=422.0812
      [dart] fire_rate=0.483  min_dist_init=53.18m  final=nanm  change=+nanm  min=0.14m
    ep 3/10  steps=6 kill  wr=0.00  avg_r=458.6648
      [dart] fire_rate=0.567  min_dist_init=94.67m  final=nanm  change=+nanm  min=0.31m
  Training main (team 1, p0003) against p0008...
    ep 1/10  steps=6 kill  wr=0.00  avg_r=439.7354
      [dart] fire_rate=0.533  min_dist_init=54.01m  final=nanm  change=+nanm  min=0.19m
    ep 2/10  steps=6 kill  wr=0.00  avg_r=429.5986
      [dart] fire_rate=0.417  min_dist_init=59.74m  final=nanm  change=+nanm  min=0.29m
    ep 3/10  steps=9 kill  wr=0.67  avg_r=-796.1427
      [dart] fire_rate=0.411  min_dist_init=54.44m  final=nanm  change=+nanm  min=0.20m
  Training main_exploiter (team 1, p0004) against p0014...
    ep 1/10  steps=7 kill  wr=0.00  avg_r=558.4229
      [dart] fire_rate=0.472  min_dist_init=37.21m  final=nanm  change=+nanm  min=0.34m
    ep 2/10  steps=8 kill  wr=0.00  avg_r=599.8629
      [dart] fire_rate=0.494  min_dist_init=32.20m  final=nanm  change=+nanm  min=0.18m
    ep 3/10  steps=13 kill  wr=0.00  avg_r=790.9873
      [dart] fire_rate=0.510  min_dist_init=20.00m  final=nanm  change=+nanm  min=0.25m
    ep 4/10  steps=6 kill  wr=0.25  avg_r=211.6409
      [dart] fire_rate=0.400  min_dist_init=44.27m  final=nanm  change=+nanm  min=0.12m
    ep 5/10  steps=6 kill  wr=0.20  avg_r=271.0144
      [dart] fire_rate=0.458  min_dist_init=44.33m  final=nanm  change=+nanm  min=0.36m
    ── ep 5/10  wr=0.20  avg_r=271.0144
    ep 6/10  steps=6 kill  wr=0.33  avg_r=-24.2171
      [dart] fire_rate=0.550  min_dist_init=92.47m  final=nanm  change=+nanm  min=0.13m
    ep 7/10  steps=6 kill  wr=0.29  avg_r=44.0248
      [dart] fire_rate=0.600  min_dist_init=85.94m  final=nanm  change=+nanm  min=0.34m
    ep 8/10  steps=6 kill  wr=0.38  avg_r=-154.5472
      [dart] fire_rate=0.517  min_dist_init=44.29m  final=nanm  change=+nanm  min=0.20m
    ep 9/10  steps=6 kill  wr=0.33  avg_r=-86.8407
      [dart] fire_rate=0.508  min_dist_init=85.88m  final=nanm  change=+nanm  min=0.61m
    ep 10/10  steps=7 kill  wr=0.30  avg_r=-18.2208
      [dart] fire_rate=0.451  min_dist_init=37.34m  final=nanm  change=+nanm  min=0.15m
    ── ep 10/10  wr=0.30  avg_r=-18.2208
  Training league_exploiter (team 1, p0005) against p0007...
    ep 1/10  steps=6 kill  wr=1.00  avg_r=-1520.4004
      [dart] fire_rate=0.525  min_dist_init=44.19m  final=nanm  change=+nanm  min=0.21m
    ep 2/10  steps=6 kill  wr=0.50  avg_r=-532.9297
      [dart] fire_rate=0.517  min_dist_init=58.50m  final=nanm  change=+nanm  min=0.11m
    ep 3/10  steps=6 kill  wr=0.67  avg_r=-851.4459
      [dart] fire_rate=0.450  min_dist_init=44.15m  final=nanm  change=+nanm  min=0.42m
    ep 4/10  steps=9 kill  wr=0.75  avg_r=-942.6252
      [dart] fire_rate=0.490  min_dist_init=28.56m  final=nanm  change=+nanm  min=0.35m
    ep 5/10  steps=6 kill  wr=0.80  avg_r=-1062.4194
      [dart] fire_rate=0.483  min_dist_init=44.12m  final=nanm  change=+nanm  min=0.07m
    ── ep 5/10  wr=0.80  avg_r=-1062.4194
    ep 6/10  steps=9 kill  wr=0.67  avg_r=-759.3649
      [dart] fire_rate=0.432  min_dist_init=28.47m  final=nanm  change=+nanm  min=0.19m
    ep 7/10  steps=7 kill  wr=0.71  avg_r=-856.4199
      [dart] fire_rate=0.486  min_dist_init=37.20m  final=nanm  change=+nanm  min=0.24m
    ep 8/10  steps=8 kill  wr=0.62  avg_r=-663.5208
      [dart] fire_rate=0.458  min_dist_init=32.23m  final=nanm  change=+nanm  min=0.06m
    ep 9/10  steps=6 kill  wr=0.78  avg_r=-982.6799
      [dart] fire_rate=0.500  min_dist_init=139.89m  final=nanm  change=+nanm  min=0.06m
    ep 10/10  steps=10 kill  wr=0.70  avg_r=-798.1504
      [dart] fire_rate=0.505  min_dist_init=25.62m  final=nanm  change=+nanm  min=0.10m
    ── ep 10/10  wr=0.70  avg_r=-798.1504
  Training main (team 0, p0006) against self...
    ep 1/10  steps=9 kill  wr=1.00  avg_r=746.6337
      [dart] fire_rate=0.380  min_dist_init=28.54m  final=nanm  change=+nanm  min=0.15m
    ep 2/10  steps=6 kill  wr=1.00  avg_r=605.0885
      [dart] fire_rate=0.358  min_dist_init=58.46m  final=nanm  change=+nanm  min=0.25m
    ep 3/10  steps=6 kill  wr=1.67  avg_r=557.4353
      [dart] fire_rate=0.467  min_dist_init=150.43m  final=nanm  change=+nanm  min=0.15m
  Training main (team 0, p0006) against p0011...
    ep 1/10  steps=6 kill  wr=0.00  avg_r=467.1306
      [dart] fire_rate=0.467  min_dist_init=44.19m  final=nanm  change=+nanm  min=0.25m
    ep 2/10  steps=8 kill  wr=0.00  avg_r=561.3131
      [dart] fire_rate=0.375  min_dist_init=32.35m  final=nanm  change=+nanm  min=0.34m
    ep 3/10  steps=9 kill  wr=0.33  avg_r=-56.6117
      [dart] fire_rate=0.406  min_dist_init=62.08m  final=nanm  change=+nanm  min=0.14m
  Training main (team 0, p0006) against p0017...
    ep 1/10  steps=14 kill  wr=0.00  avg_r=1156.7645
      [dart] fire_rate=0.394  min_dist_init=34.70m  final=nanm  change=+nanm  min=0.19m
    ep 2/10  steps=7 kill  wr=0.00  avg_r=836.1138
      [dart] fire_rate=0.444  min_dist_init=44.93m  final=nanm  change=+nanm  min=0.11m
    ep 3/10  steps=7 kill  wr=0.00  avg_r=724.9257
      [dart] fire_rate=0.396  min_dist_init=37.28m  final=nanm  change=+nanm  min=0.45m
  Training main_exploiter (team 0, p0007) against p0015...
    ep 1/10  steps=7 kill  wr=0.00  avg_r=602.0192
      [dart] fire_rate=0.410  min_dist_init=37.40m  final=nanm  change=+nanm  min=0.30m
    ep 2/10  steps=6 kill  wr=0.50  avg_r=-477.2761
      [dart] fire_rate=0.475  min_dist_init=85.80m  final=nanm  change=+nanm  min=0.40m
    ep 3/10  steps=7 kill  wr=0.67  avg_r=-812.6558
      [dart] fire_rate=0.389  min_dist_init=37.28m  final=nanm  change=+nanm  min=0.20m
    ep 4/10  steps=10 kill  wr=0.75  avg_r=-896.2948
      [dart] fire_rate=0.435  min_dist_init=28.21m  final=nanm  change=+nanm  min=0.10m
    ep 5/10  steps=14 kill  wr=0.80  avg_r=-872.9110
      [dart] fire_rate=0.407  min_dist_init=24.11m  final=nanm  change=+nanm  min=0.07m
    ── ep 5/10  wr=0.80  avg_r=-872.9110
    ep 6/10  steps=6 kill  wr=0.67  avg_r=-645.2305
      [dart] fire_rate=0.417  min_dist_init=44.17m  final=nanm  change=+nanm  min=0.18m
    ep 7/10  steps=8 kill  wr=0.57  avg_r=-455.6116
      [dart] fire_rate=0.423  min_dist_init=65.04m  final=nanm  change=+nanm  min=0.16m
    ep 8/10  steps=6 kill  wr=0.75  avg_r=-834.7673
      [dart] fire_rate=0.433  min_dist_init=85.95m  final=nanm  change=+nanm  min=0.23m
    ep 9/10  steps=6 kill  wr=0.78  avg_r=-911.8529
      [dart] fire_rate=0.392  min_dist_init=49.49m  final=nanm  change=+nanm  min=0.31m
    ep 10/10  steps=12 kill  wr=0.80  avg_r=-915.5563
      [dart] fire_rate=0.424  min_dist_init=26.52m  final=nanm  change=+nanm  min=0.34m
    ── ep 10/10  wr=0.80  avg_r=-915.5563
  Training league_exploiter (team 0, p0008) against p0017...
    ep 1/10  steps=11 kill  wr=0.00  avg_r=936.5387
      [dart] fire_rate=0.429  min_dist_init=23.29m  final=nanm  change=+nanm  min=0.17m
    ep 2/10  steps=7 kill  wr=0.50  avg_r=-235.9154
      [dart] fire_rate=0.472  min_dist_init=71.90m  final=nanm  change=+nanm  min=0.41m
    ep 3/10  steps=15 kill  wr=0.67  avg_r=-386.4497
      [dart] fire_rate=0.458  min_dist_init=18.25m  final=nanm  change=+nanm  min=0.15m
    ep 4/10  steps=7 kill  wr=0.50  avg_r=-138.7716
      [dart] fire_rate=0.500  min_dist_init=37.08m  final=nanm  change=+nanm  min=0.16m
    ep 5/10  steps=12 kill  wr=0.40  avg_r=92.0360
      [dart] fire_rate=0.432  min_dist_init=21.53m  final=nanm  change=+nanm  min=0.22m
    ── ep 5/10  wr=0.40  avg_r=92.0360
    ep 6/10  steps=12 kill  wr=0.50  avg_r=-89.9365
      [dart] fire_rate=0.409  min_dist_init=21.45m  final=nanm  change=+nanm  min=0.28m
    ep 7/10  steps=8 kill  wr=0.57  avg_r=-271.1752
      [dart] fire_rate=0.452  min_dist_init=32.35m  final=nanm  change=+nanm  min=0.14m
    ep 8/10  steps=7 kill  wr=0.50  avg_r=-161.7707
      [dart] fire_rate=0.486  min_dist_init=37.40m  final=nanm  change=+nanm  min=0.23m
    ep 9/10  steps=15 kill  wr=0.44  avg_r=-1.7138
      [dart] fire_rate=0.446  min_dist_init=17.35m  final=nanm  change=+nanm  min=0.11m
    ep 10/10  steps=9 kill  wr=0.40  avg_r=76.1364
      [dart] fire_rate=0.500  min_dist_init=28.65m  final=nanm  change=+nanm  min=0.10m
    ── ep 10/10  wr=0.40  avg_r=76.1364
  Training main (team 1, p0009) against self...
    ep 1/10  steps=7 kill  wr=1.00  avg_r=526.5819
      [dart] fire_rate=0.444  min_dist_init=37.33m  final=nanm  change=+nanm  min=0.07m
    ep 2/10  steps=6 kill  wr=1.00  avg_r=474.1071
      [dart] fire_rate=0.450  min_dist_init=44.46m  final=nanm  change=+nanm  min=0.39m
    ep 3/10  steps=8 kill  wr=1.00  avg_r=-123.9073
      [dart] fire_rate=0.482  min_dist_init=32.33m  final=nanm  change=+nanm  min=0.14m
  Training main (team 1, p0009) against p0020...
    ep 1/10  steps=8 kill  wr=0.00  avg_r=681.2071
      [dart] fire_rate=0.458  min_dist_init=37.90m  final=nanm  change=+nanm  min=0.37m
    ep 2/10  steps=8 kill  wr=0.50  avg_r=-297.0767
      [dart] fire_rate=0.530  min_dist_init=32.17m  final=nanm  change=+nanm  min=0.12m
    ep 3/10  steps=7 kill  wr=0.67  avg_r=-672.4089
      [dart] fire_rate=0.465  min_dist_init=37.15m  final=nanm  change=+nanm  min=0.33m
  Training main (team 1, p0009) against p0019...
    ep 1/10  steps=6 kill  wr=0.00  avg_r=451.2478
      [dart] fire_rate=0.533  min_dist_init=44.05m  final=nanm  change=+nanm  min=0.19m
    ep 2/10  steps=6 kill  wr=0.50  avg_r=-527.9304
      [dart] fire_rate=0.483  min_dist_init=44.22m  final=nanm  change=+nanm  min=0.53m
    ep 3/10  steps=8 kill  wr=0.67  avg_r=-789.6365
      [dart] fire_rate=0.565  min_dist_init=32.36m  final=nanm  change=+nanm  min=0.12m
  Resetting p0010 to anchor p0015 (role=main, gen=2)
  Training main_exploiter (team 1, p0010) against p0014...
    ep 1/10  steps=6 kill  wr=0.00  avg_r=451.4369
      [dart] fire_rate=0.517  min_dist_init=106.90m  final=nanm  change=+nanm  min=0.38m
    ep 2/10  steps=6 kill  wr=0.00  avg_r=450.1431
      [dart] fire_rate=0.475  min_dist_init=44.04m  final=nanm  change=+nanm  min=0.18m
    ep 3/10  steps=7 kill  wr=0.00  avg_r=486.0627
      [dart] fire_rate=0.507  min_dist_init=37.18m  final=nanm  change=+nanm  min=0.34m
    ep 4/10  steps=6 kill  wr=0.25  avg_r=-13.7401
      [dart] fire_rate=0.533  min_dist_init=44.22m  final=nanm  change=+nanm  min=0.42m
    ep 5/10  steps=10 kill  wr=0.40  avg_r=-239.3303
      [dart] fire_rate=0.500  min_dist_init=25.64m  final=nanm  change=+nanm  min=0.14m
    ── ep 5/10  wr=0.40  avg_r=-239.3303
    ep 6/10  steps=8 kill  wr=0.50  avg_r=-426.2070
      [dart] fire_rate=0.524  min_dist_init=32.33m  final=nanm  change=+nanm  min=0.10m
    ep 7/10  steps=6 kill  wr=0.43  avg_r=-300.7434
      [dart] fire_rate=0.558  min_dist_init=50.92m  final=nanm  change=+nanm  min=0.19m
    ep 8/10  steps=17 kill  wr=0.50  avg_r=-328.5893
      [dart] fire_rate=0.409  min_dist_init=15.52m  final=nanm  change=+nanm  min=0.12m
    ep 9/10  steps=6 kill  wr=0.44  avg_r=-239.6168
      [dart] fire_rate=0.417  min_dist_init=44.22m  final=nanm  change=+nanm  min=0.19m
    ep 10/10  steps=6 kill  wr=0.50  avg_r=-368.3748
      [dart] fire_rate=0.525  min_dist_init=85.81m  final=nanm  change=+nanm  min=0.50m
    ── ep 10/10  wr=0.50  avg_r=-368.3748
  Training league_exploiter (team 1, p0011) against p0020...
    ep 1/10  steps=6 kill  wr=1.00  avg_r=-1517.6282
      [dart] fire_rate=0.558  min_dist_init=131.46m  final=nanm  change=+nanm  min=0.41m
    ep 2/10  steps=10 kill  wr=0.50  avg_r=-352.6244
      [dart] fire_rate=0.417  min_dist_init=25.68m  final=nanm  change=+nanm  min=0.11m
    ep 3/10  steps=10 kill  wr=0.67  avg_r=-616.5756
      [dart] fire_rate=0.468  min_dist_init=48.79m  final=nanm  change=+nanm  min=0.14m
    ep 4/10  steps=7 kill  wr=0.75  avg_r=-823.1933
      [dart] fire_rate=0.417  min_dist_init=40.57m  final=nanm  change=+nanm  min=0.17m
    ep 5/10  steps=6 kill  wr=0.60  avg_r=-565.5300
      [dart] fire_rate=0.400  min_dist_init=44.08m  final=nanm  change=+nanm  min=0.21m
    ── ep 5/10  wr=0.60  avg_r=-565.5300
    ep 6/10  steps=9 kill  wr=0.67  avg_r=-678.8238
      [dart] fire_rate=0.469  min_dist_init=28.61m  final=nanm  change=+nanm  min=0.12m
    ep 7/10  steps=10 kill  wr=0.57  avg_r=-456.7621
      [dart] fire_rate=0.431  min_dist_init=26.50m  final=nanm  change=+nanm  min=0.14m
    ep 8/10  steps=6 kill  wr=0.62  avg_r=-590.2181
      [dart] fire_rate=0.383  min_dist_init=58.37m  final=nanm  change=+nanm  min=0.15m
    ep 9/10  steps=13 kill  wr=0.67  avg_r=-619.1608
      [dart] fire_rate=0.413  min_dist_init=19.90m  final=nanm  change=+nanm  min=0.13m
    ep 10/10  steps=9 kill  wr=0.60  avg_r=-481.7278
      [dart] fire_rate=0.453  min_dist_init=28.74m  final=nanm  change=+nanm  min=0.41m
    ── ep 10/10  wr=0.60  avg_r=-481.7278
[League] Iteration 1 complete in 7817.0s
[League] alpha=0.083 (schedule=linear) beta_kl=0.096
[League] kill_radius anneal: 35.000m → 24.500m (kill_rate=1.00 ≥ 0.7)

============================================================
PSRO Iteration 2/24
============================================================
[League] Iteration 2: Evaluating payoff matrix...
  [payoff] p0012 vs p0015 (1/36)...     step 100: alive=8 red_wins=0/0 wr_sofar=0.00
    step 200: alive=8 red_wins=0/0 wr_sofar=0.00
    step 300: alive=8 red_wins=0/0 wr_sofar=0.00
    step 400: alive=8 red_wins=0/0 wr_sofar=0.00
    [p0012 vs p0015] final-step illumination_progress: team0=0.0000 team1=0.0000 (max t0=0.0000 t1=0.0000)
win_rate=0.50 (509.2s)
  [payoff] p0012 vs p0016 (2/36)...     step 100: alive=8 red_wins=0/0 wr_sofar=0.00
    step 200: alive=8 red_wins=0/0 wr_sofar=0.00
    step 300: alive=8 red_wins=0/0 wr_sofar=0.00
    step 400: alive=8 red_wins=0/0 wr_sofar=0.00
    [p0012 vs p0016] final-step illumination_progress: team0=0.0000 team1=0.0000 (max t0=0.0000 t1=0.0000)
win_rate=0.50 (506.0s)
  [payoff] p0012 vs p0017 (3/36)...     step 100: alive=8 red_wins=0/0 wr_sofar=0.00
    step 200: alive=8 red_wins=0/0 wr_sofar=0.00
    step 300: alive=8 red_wins=0/0 wr_sofar=0.00
    step 400: alive=8 red_wins=0/0 wr_sofar=0.00
    [p0012 vs p0017] final-step illumination_progress: team0=0.0000 team1=0.0000 (max t0=0.0000 t1=0.0000)
win_rate=0.50 (505.7s)
  [payoff] p0012 vs p0021 (4/36)...     step 100: alive=8 red_wins=0/0 wr_sofar=0.00
    step 200: alive=8 red_wins=0/0 wr_sofar=0.00
    step 300: alive=8 red_wins=0/0 wr_sofar=0.00
    step 400: alive=8 red_wins=0/0 wr_sofar=0.00
    [p0012 vs p0021] final-step illumination_progress: team0=0.0000 team1=0.0208 (max t0=0.0000 t1=0.2500)
win_rate=0.50 (509.0s)
  [payoff] p0012 vs p0022 (5/36)...     step 100: alive=8 red_wins=0/0 wr_sofar=0.00
    step 200: alive=8 red_wins=0/0 wr_sofar=0.00
    step 300: alive=8 red_wins=0/0 wr_sofar=0.00
    step 400: alive=8 red_wins=0/0 wr_sofar=0.00
    [p0012 vs p0022] final-step illumination_progress: team0=0.0000 team1=0.0000 (max t0=0.0000 t1=0.0000)
win_rate=0.50 (507.4s)
  [payoff] p0012 vs p0023 (6/36)...     step 100: alive=8 red_wins=0/0 wr_sofar=0.00
    step 200: alive=8 red_wins=0/0 wr_sofar=0.00
    step 300: alive=8 red_wins=0/0 wr_sofar=0.00
    step 400: alive=8 red_wins=0/0 wr_sofar=0.00
    [p0012 vs p0023] final-step illumination_progress: team0=0.0000 team1=0.0000 (max t0=0.0000 t1=0.0000)
win_rate=0.50 (505.3s)
  [payoff] p0013 vs p0015 (7/36)...     step 100: alive=8 red_wins=0/0 wr_sofar=0.00
    step 200: alive=8 red_wins=0/0 wr_sofar=0.00
    step 300: alive=8 red_wins=0/0 wr_sofar=0.00
    step 400: alive=8 red_wins=0/0 wr_sofar=0.00
    [p0013 vs p0015] final-step illumination_progress: team0=0.0000 team1=0.0208 (max t0=0.0000 t1=0.2500)
win_rate=0.50 (510.6s)
  [payoff] p0013 vs p0016 (8/36)...     step 100: alive=8 red_wins=0/0 wr_sofar=0.00
    step 200: alive=8 red_wins=0/0 wr_sofar=0.00
    step 300: alive=8 red_wins=0/0 wr_sofar=0.00
    step 400: alive=8 red_wins=0/0 wr_sofar=0.00
    [p0013 vs p0016] final-step illumination_progress: team0=0.0000 team1=0.0000 (max t0=0.0000 t1=0.0000)
win_rate=0.50 (506.8s)
  [payoff] p0013 vs p0017 (9/36)...     step 100: alive=8 red_wins=0/0 wr_sofar=0.00
    step 200: alive=8 red_wins=0/0 wr_sofar=0.00
    step 300: alive=8 red_wins=0/0 wr_sofar=0.00
    step 400: alive=8 red_wins=0/0 wr_sofar=0.00
    [p0013 vs p0017] final-step illumination_progress: team0=0.0000 team1=0.0000 (max t0=0.0000 t1=0.0000)
win_rate=0.50 (512.1s)
  [payoff] p0013 vs p0021 (10/36)...     step 100: alive=8 red_wins=0/0 wr_sofar=0.00
    step 200: alive=8 red_wins=0/0 wr_sofar=0.00
    step 300: alive=8 red_wins=0/0 wr_sofar=0.00
    step 400: alive=8 red_wins=0/0 wr_sofar=0.00
    [p0013 vs p0021] final-step illumination_progress: team0=0.0000 team1=0.0208 (max t0=0.0000 t1=0.2500)
win_rate=0.44 (508.5s)
  [payoff] p0013 vs p0022 (11/36)...     step 100: alive=8 red_wins=0/0 wr_sofar=0.00
    step 200: alive=8 red_wins=0/0 wr_sofar=0.00
    step 300: alive=8 red_wins=0/0 wr_sofar=0.00
    step 400: alive=8 red_wins=0/0 wr_sofar=0.00
    [p0013 vs p0022] final-step illumination_progress: team0=0.0000 team1=0.0000 (max t0=0.0000 t1=0.0000)
win_rate=0.50 (509.0s)
  [payoff] p0013 vs p0023 (12/36)...     step 100: alive=8 red_wins=0/0 wr_sofar=0.00
    step 200: alive=8 red_wins=0/0 wr_sofar=0.00
    step 300: alive=8 red_wins=0/0 wr_sofar=0.00
    step 400: alive=8 red_wins=0/0 wr_sofar=0.00
    [p0013 vs p0023] final-step illumination_progress: team0=0.0000 team1=0.0000 (max t0=0.0000 t1=0.0000)
win_rate=0.50 (504.3s)
  [payoff] p0014 vs p0015 (13/36)...     step 100: alive=8 red_wins=0/0 wr_sofar=0.00
    step 200: alive=8 red_wins=0/0 wr_sofar=0.00
    step 300: alive=8 red_wins=0/0 wr_sofar=0.00
    step 400: alive=8 red_wins=0/0 wr_sofar=0.00
    [p0014 vs p0015] final-step illumination_progress: team0=0.0000 team1=0.0417 (max t0=0.0000 t1=0.2500)
win_rate=0.38 (510.4s)
  [payoff] p0014 vs p0016 (14/36)...     step 100: alive=8 red_wins=0/0 wr_sofar=0.00
    step 200: alive=8 red_wins=0/0 wr_sofar=0.00
    step 300: alive=8 red_wins=0/0 wr_sofar=0.00
    step 400: alive=8 red_wins=0/0 wr_sofar=0.00
    [p0014 vs p0016] final-step illumination_progress: team0=0.0000 team1=0.0000 (max t0=0.0000 t1=0.0000)
win_rate=0.50 (508.5s)
  [payoff] p0014 vs p0017 (15/36)...     step 100: alive=8 red_wins=0/0 wr_sofar=0.00
    step 200: alive=8 red_wins=0/0 wr_sofar=0.00
    step 300: alive=8 red_wins=0/0 wr_sofar=0.00
    step 400: alive=8 red_wins=0/0 wr_sofar=0.00
    [p0014 vs p0017] final-step illumination_progress: team0=0.0000 team1=0.0000 (max t0=0.0000 t1=0.0000)
win_rate=0.50 (508.6s)
  [payoff] p0014 vs p0021 (16/36)...     step 100: alive=8 red_wins=0/0 wr_sofar=0.00
    step 200: alive=8 red_wins=0/0 wr_sofar=0.00
    step 300: alive=8 red_wins=0/0 wr_sofar=0.00
    step 400: alive=8 red_wins=0/0 wr_sofar=0.00
    [p0014 vs p0021] final-step illumination_progress: team0=0.0000 team1=0.0208 (max t0=0.0000 t1=0.2500)
win_rate=0.50 (508.1s)
  [payoff] p0014 vs p0022 (17/36)...     step 100: alive=8 red_wins=0/0 wr_sofar=0.00
    step 200: alive=8 red_wins=0/0 wr_sofar=0.00
    step 300: alive=8 red_wins=0/0 wr_sofar=0.00
    step 400: alive=8 red_wins=0/0 wr_sofar=0.00
    [p0014 vs p0022] final-step illumination_progress: team0=0.0000 team1=0.0000 (max t0=0.0000 t1=0.0000)
win_rate=0.50 (506.7s)
  [payoff] p0014 vs p0023 (18/36)...     step 100: alive=8 red_wins=0/0 wr_sofar=0.00
    step 200: alive=8 red_wins=0/0 wr_sofar=0.00
    step 300: alive=8 red_wins=0/0 wr_sofar=0.00
    step 400: alive=8 red_wins=0/0 wr_sofar=0.00
    [p0014 vs p0023] final-step illumination_progress: team0=0.0000 team1=0.0000 (max t0=0.0000 t1=0.0000)
win_rate=0.50 (510.0s)
  [payoff] p0018 vs p0015 (19/36)...     step 100: alive=8 red_wins=0/0 wr_sofar=0.00
    step 200: alive=8 red_wins=0/0 wr_sofar=0.00
    step 300: alive=8 red_wins=0/0 wr_sofar=0.00
    step 400: alive=8 red_wins=0/0 wr_sofar=0.00
    [p0018 vs p0015] final-step illumination_progress: team0=0.0000 team1=0.0208 (max t0=0.0000 t1=0.2500)
win_rate=0.44 (508.5s)
  [payoff] p0018 vs p0016 (20/36)...     step 100: alive=8 red_wins=0/0 wr_sofar=0.00
    step 200: alive=8 red_wins=0/0 wr_sofar=0.00
    step 300: alive=8 red_wins=0/0 wr_sofar=0.00
    step 400: alive=8 red_wins=0/0 wr_sofar=0.00
    [p0018 vs p0016] final-step illumination_progress: team0=0.0000 team1=0.0000 (max t0=0.0000 t1=0.0000)
win_rate=0.50 (510.2s)
  [payoff] p0018 vs p0017 (21/36)...     step 100: alive=8 red_wins=0/0 wr_sofar=0.00
    step 200: alive=8 red_wins=0/0 wr_sofar=0.00
    step 300: alive=8 red_wins=0/0 wr_sofar=0.00
    step 400: alive=8 red_wins=0/0 wr_sofar=0.00
    [p0018 vs p0017] final-step illumination_progress: team0=0.0000 team1=0.0000 (max t0=0.0000 t1=0.0000)
win_rate=0.50 (508.0s)
  [payoff] p0018 vs p0021 (22/36)...     step 100: alive=8 red_wins=0/0 wr_sofar=0.00
    step 200: alive=8 red_wins=0/0 wr_sofar=0.00
    step 300: alive=8 red_wins=0/0 wr_sofar=0.00
    step 400: alive=8 red_wins=0/0 wr_sofar=0.00
    [p0018 vs p0021] final-step illumination_progress: team0=0.0000 team1=0.0208 (max t0=0.0000 t1=0.2500)
win_rate=0.44 (508.4s)
  [payoff] p0018 vs p0022 (23/36)...     step 100: alive=8 red_wins=0/0 wr_sofar=0.00
    step 200: alive=8 red_wins=0/0 wr_sofar=0.00
    step 300: alive=8 red_wins=0/0 wr_sofar=0.00
    step 400: alive=8 red_wins=0/0 wr_sofar=0.00
    [p0018 vs p0022] final-step illumination_progress: team0=0.0000 team1=0.0000 (max t0=0.0000 t1=0.0000)
win_rate=0.50 (507.0s)
  [payoff] p0018 vs p0023 (24/36)...     step 100: alive=8 red_wins=0/0 wr_sofar=0.00
    step 200: alive=8 red_wins=0/0 wr_sofar=0.00
    step 300: alive=8 red_wins=0/0 wr_sofar=0.00
    step 400: alive=8 red_wins=0/0 wr_sofar=0.00
    [p0018 vs p0023] final-step illumination_progress: team0=0.0000 team1=0.0000 (max t0=0.0000 t1=0.0000)
win_rate=0.50 (508.2s)
  [payoff] p0019 vs p0015 (25/36)...     step 100: alive=6 red_wins=2/2 wr_sofar=1.00
    step 200: alive=6 red_wins=2/2 wr_sofar=1.00
    step 300: alive=6 red_wins=2/2 wr_sofar=1.00
    step 400: alive=6 red_wins=2/2 wr_sofar=1.00
    [p0019 vs p0015] final-step illumination_progress: team0=0.0208 team1=0.0042 (max t0=0.0500 t1=0.0500)
win_rate=0.81 (115.9s)
  [payoff] p0019 vs p0016 (26/36)...     step 100: alive=6 red_wins=2/2 wr_sofar=1.00
    step 200: alive=6 red_wins=2/2 wr_sofar=1.00
    step 300: alive=6 red_wins=2/2 wr_sofar=1.00
    step 400: alive=6 red_wins=2/2 wr_sofar=1.00
    [p0019 vs p0016] final-step illumination_progress: team0=0.0292 team1=0.0000 (max t0=0.0500 t1=0.0000)
win_rate=0.88 (123.5s)
  [payoff] p0019 vs p0017 (27/36)...     step 100: alive=6 red_wins=2/2 wr_sofar=1.00
    step 200: alive=6 red_wins=2/2 wr_sofar=1.00
    step 300: alive=6 red_wins=2/2 wr_sofar=1.00
    step 400: alive=6 red_wins=2/2 wr_sofar=1.00
    [p0019 vs p0017] final-step illumination_progress: team0=0.0125 team1=0.0000 (max t0=0.0500 t1=0.0000)
win_rate=0.62 (119.6s)
  [payoff] p0019 vs p0021 (28/36)...     step 100: alive=8 red_wins=0/0 wr_sofar=0.00
    step 200: alive=8 red_wins=0/0 wr_sofar=0.00
    step 300: alive=8 red_wins=0/0 wr_sofar=0.00
    step 400: alive=8 red_wins=0/0 wr_sofar=0.00
    [p0019 vs p0021] final-step illumination_progress: team0=0.1458 team1=0.0000 (max t0=0.2500 t1=0.0000)
win_rate=0.81 (507.8s)
  [payoff] p0019 vs p0022 (29/36)...     step 100: alive=7 red_wins=1/1 wr_sofar=1.00
    step 200: alive=7 red_wins=1/1 wr_sofar=1.00
    step 300: alive=7 red_wins=1/1 wr_sofar=1.00
    step 400: alive=7 red_wins=1/1 wr_sofar=1.00
    [p0019 vs p0022] final-step illumination_progress: team0=0.0167 team1=0.0000 (max t0=0.0500 t1=0.0000)
win_rate=0.62 (117.0s)
  [payoff] p0019 vs p0023 (30/36)...     step 100: alive=7 red_wins=1/1 wr_sofar=1.00
    step 200: alive=7 red_wins=1/1 wr_sofar=1.00
    step 300: alive=7 red_wins=1/1 wr_sofar=1.00
    step 400: alive=7 red_wins=1/1 wr_sofar=1.00
    [p0019 vs p0023] final-step illumination_progress: team0=0.0208 team1=0.0000 (max t0=0.0500 t1=0.0000)
win_rate=0.69 (117.4s)
  [payoff] p0020 vs p0015 (31/36)...     step 100: alive=8 red_wins=0/0 wr_sofar=0.00
    step 200: alive=8 red_wins=0/0 wr_sofar=0.00
    step 300: alive=8 red_wins=0/0 wr_sofar=0.00
    step 400: alive=8 red_wins=0/0 wr_sofar=0.00
    [p0020 vs p0015] final-step illumination_progress: team0=0.0000 team1=0.0000 (max t0=0.0000 t1=0.0000)
win_rate=0.50 (510.6s)
  [payoff] p0020 vs p0016 (32/36)...     step 100: alive=8 red_wins=0/0 wr_sofar=0.00
    step 200: alive=8 red_wins=0/0 wr_sofar=0.00
    step 300: alive=8 red_wins=0/0 wr_sofar=0.00
    step 400: alive=8 red_wins=0/0 wr_sofar=0.00
    [p0020 vs p0016] final-step illumination_progress: team0=0.0000 team1=0.0000 (max t0=0.0000 t1=0.0000)
win_rate=0.50 (508.2s)
  [payoff] p0020 vs p0017 (33/36)...     step 100: alive=8 red_wins=0/0 wr_sofar=0.00
    step 200: alive=8 red_wins=0/0 wr_sofar=0.00
    step 300: alive=8 red_wins=0/0 wr_sofar=0.00
    step 400: alive=8 red_wins=0/0 wr_sofar=0.00
    [p0020 vs p0017] final-step illumination_progress: team0=0.0000 team1=0.0000 (max t0=0.0000 t1=0.0000)
win_rate=0.50 (506.2s)
  [payoff] p0020 vs p0021 (34/36)...     step 100: alive=8 red_wins=0/0 wr_sofar=0.00
    step 200: alive=8 red_wins=0/0 wr_sofar=0.00
    step 300: alive=8 red_wins=0/0 wr_sofar=0.00
    step 400: alive=8 red_wins=0/0 wr_sofar=0.00
    [p0020 vs p0021] final-step illumination_progress: team0=0.0000 team1=0.0208 (max t0=0.0000 t1=0.2500)
win_rate=0.50 (509.3s)
  [payoff] p0020 vs p0022 (35/36)...     step 100: alive=8 red_wins=0/0 wr_sofar=0.00
    step 200: alive=8 red_wins=0/0 wr_sofar=0.00
    step 300: alive=8 red_wins=0/0 wr_sofar=0.00
    step 400: alive=8 red_wins=0/0 wr_sofar=0.00
    [p0020 vs p0022] final-step illumination_progress: team0=0.0000 team1=0.0000 (max t0=0.0000 t1=0.0000)
win_rate=0.50 (507.1s)
  [payoff] p0020 vs p0023 (36/36)...     step 100: alive=8 red_wins=0/0 wr_sofar=0.00
    step 200: alive=8 red_wins=0/0 wr_sofar=0.00
    step 300: alive=8 red_wins=0/0 wr_sofar=0.00
    step 400: alive=8 red_wins=0/0 wr_sofar=0.00
    [p0020 vs p0023] final-step illumination_progress: team0=0.0000 team1=0.0000 (max t0=0.0000 t1=0.0000)
win_rate=0.50 (507.4s)
  Team 0 sigma=[0. 0. 1. 0.] NashConv=0.0000 H_task=1.386 effK=1.00
  Team 1 sigma=[0. 0. 1. 0. 0. 0.] NashConv=0.0000 H_task=1.386 effK=1.00
  Training main (team 0, p0014) against self...
    ep 1/10  steps=13 kill  wr=1.00  avg_r=1063.3683
      [dart] fire_rate=0.340  min_dist_init=19.87m  final=nanm  change=+nanm  min=0.18m
    ep 2/10  steps=8 kill  wr=1.50  avg_r=-137.4513
      [dart] fire_rate=0.381  min_dist_init=62.05m  final=nanm  change=+nanm  min=0.37m
    ep 3/10  steps=22 kill  wr=1.33  avg_r=-115.4851
      [dart] fire_rate=0.371  min_dist_init=2.58m  final=nanm  change=+nanm  min=0.14m
  Training main (team 0, p0014) against p0015...
    ep 1/10  steps=7 kill  wr=0.00  avg_r=561.4905
      [dart] fire_rate=0.403  min_dist_init=42.66m  final=nanm  change=+nanm  min=0.14m
    ep 2/10  steps=12 kill  wr=0.00  avg_r=791.3894
      [dart] fire_rate=0.352  min_dist_init=21.44m  final=nanm  change=+nanm  min=0.23m
    ep 3/10  steps=7 kill  wr=0.00  avg_r=697.1439
      [dart] fire_rate=0.424  min_dist_init=37.30m  final=nanm  change=+nanm  min=0.20m
  Training main (team 0, p0014) against p0023...
    ep 1/10  steps=11 kill  wr=1.00  avg_r=-1084.8263
      [dart] fire_rate=0.296  min_dist_init=23.31m  final=nanm  change=+nanm  min=0.26m
      [PPO] main-t0 ep1 step33 cmd(pl=-0.0006 vl=33.3449 ent=2.2639) rad(pl=-0.0014 vl=31230.9704 ent=322.0886)
    ep 2/10  steps=34 kill  wr=0.50  avg_r=957.4098
      [dart] fire_rate=0.337  min_dist_init=2.57m  final=nanm  change=+nanm  min=0.13m
    ep 3/10  steps=12 kill  wr=0.33  avg_r=985.3431
      [dart] fire_rate=0.311  min_dist_init=21.33m  final=nanm  change=+nanm  min=0.10m
  Training main (team 1, p0015) against self...
    ep 1/10  steps=6 kill  wr=1.00  avg_r=480.8836
      [dart] fire_rate=0.425  min_dist_init=49.59m  final=nanm  change=+nanm  min=0.14m
    ep 2/10  steps=8 kill  wr=1.00  avg_r=549.6682
      [dart] fire_rate=0.512  min_dist_init=39.74m  final=nanm  change=+nanm  min=0.16m
  Training main (team 1, p0015) against p0013...
    ep 1/10  steps=7 kill  wr=0.00  avg_r=-7088.7978
      [dart] fire_rate=0.569  min_dist_init=2981.99m  final=nanm  change=+nanm  min=0.38m
    ep 2/10  steps=12 kill  wr=0.00  avg_r=-1878.0738
      [dart] fire_rate=0.553  min_dist_init=3033.24m  final=nanm  change=+nanm  min=0.28m
  Training main (team 1, p0015) against p0020...
    ep 1/10  steps=10 kill  wr=0.00  avg_r=840.8652
      [dart] fire_rate=0.431  min_dist_init=25.66m  final=nanm  change=+nanm  min=0.19m
    ep 2/10  steps=6 kill  wr=0.50  avg_r=-346.4374
      [dart] fire_rate=0.500  min_dist_init=89.88m  final=nanm  change=+nanm  min=0.29m
  Training main (team 1, p0015) against p0019...
    ep 1/10  steps=6 kill  wr=2.00  avg_r=-3510.7180
      [dart] fire_rate=0.592  min_dist_init=146.08m  final=nanm  change=+nanm  min=0.66m
    ep 2/10  steps=8 kill  wr=1.00  avg_r=-1431.3275
      [dart] fire_rate=0.512  min_dist_init=32.34m  final=nanm  change=+nanm  min=0.05m
  Training main_exploiter (team 1, p0016) against p0024...
    ep 1/10  steps=6 kill  wr=0.00  avg_r=473.7952
      [dart] fire_rate=0.483  min_dist_init=121.57m  final=nanm  change=+nanm  min=0.29m
    ep 2/10  steps=6 kill  wr=0.00  avg_r=484.8549
      [dart] fire_rate=0.483  min_dist_init=58.44m  final=nanm  change=+nanm  min=0.26m
    ep 3/10  steps=8 kill  wr=0.00  avg_r=523.7462
      [dart] fire_rate=0.452  min_dist_init=32.55m  final=nanm  change=+nanm  min=0.26m
    ep 4/10  steps=13 kill  wr=0.25  avg_r=170.3146
      [dart] fire_rate=0.441  min_dist_init=19.90m  final=nanm  change=+nanm  min=0.08m
    ep 5/10  steps=8 kill  wr=0.20  avg_r=256.4401
      [dart] fire_rate=0.429  min_dist_init=32.25m  final=nanm  change=+nanm  min=0.10m
    ── ep 5/10  wr=0.20  avg_r=256.4401
    ep 6/10  steps=10 kill  wr=0.17  avg_r=347.0761
      [dart] fire_rate=0.398  min_dist_init=25.76m  final=nanm  change=+nanm  min=0.40m
    ep 7/10  steps=6 kill  wr=0.14  avg_r=356.8839
      [dart] fire_rate=0.392  min_dist_init=44.42m  final=nanm  change=+nanm  min=0.26m
    ep 8/10  steps=8 kill  wr=0.25  avg_r=140.4750
      [dart] fire_rate=0.405  min_dist_init=51.78m  final=nanm  change=+nanm  min=0.07m
    ep 9/10  steps=25 kill  wr=0.22  avg_r=371.5458
      [dart] fire_rate=0.415  min_dist_init=2.63m  final=nanm  change=+nanm  min=0.09m
    ep 10/10  steps=6 kill  wr=0.20  avg_r=377.6287
      [dart] fire_rate=0.442  min_dist_init=85.84m  final=nanm  change=+nanm  min=0.14m
    ── ep 10/10  wr=0.20  avg_r=377.6287
  Training league_exploiter (team 1, p0017) against p0018...
    ep 1/10  steps=7 kill  wr=2.00  avg_r=-3431.7440
      [dart] fire_rate=0.396  min_dist_init=71.95m  final=nanm  change=+nanm  min=0.21m
    ep 2/10  steps=6 kill  wr=1.50  avg_r=-2466.5664
      [dart] fire_rate=0.450  min_dist_init=44.20m  final=nanm  change=+nanm  min=0.44m
    ep 3/10  steps=9 kill  wr=1.00  avg_r=-1392.4027
      [dart] fire_rate=0.448  min_dist_init=29.27m  final=nanm  change=+nanm  min=0.12m
    ep 4/10  steps=6 kill  wr=1.00  avg_r=-1419.5213
      [dart] fire_rate=0.400  min_dist_init=56.26m  final=nanm  change=+nanm  min=0.17m
    ep 5/10  steps=7 kill  wr=1.00  avg_r=-1416.8582
      [dart] fire_rate=0.486  min_dist_init=37.23m  final=nanm  change=+nanm  min=0.20m
    ── ep 5/10  wr=1.00  avg_r=-1416.8582
    ep 6/10  steps=6 kill  wr=1.00  avg_r=-1435.2295
      [dart] fire_rate=0.317  min_dist_init=44.34m  final=nanm  change=+nanm  min=0.43m
    ep 7/10  steps=8 kill  wr=0.86  avg_r=-1142.4434
      [dart] fire_rate=0.452  min_dist_init=32.40m  final=nanm  change=+nanm  min=0.08m
    ep 8/10  steps=6 kill  wr=0.88  avg_r=-1195.0717
      [dart] fire_rate=0.350  min_dist_init=44.11m  final=nanm  change=+nanm  min=0.22m
    ep 9/10  steps=13 kill  wr=0.78  avg_r=-941.6694
      [dart] fire_rate=0.382  min_dist_init=19.95m  final=nanm  change=+nanm  min=0.30m
    ep 10/10  steps=19 kill  wr=0.80  avg_r=-881.5245
      [dart] fire_rate=0.410  min_dist_init=30.55m  final=nanm  change=+nanm  min=0.22m
    ── ep 10/10  wr=0.80  avg_r=-881.5245
  Training main (team 0, p0018) against self...
    ep 1/10  steps=6 kill  wr=1.00  avg_r=458.0387
      [dart] fire_rate=0.333  min_dist_init=44.27m  final=nanm  change=+nanm  min=0.37m
    ep 2/10  steps=6 kill  wr=1.00  avg_r=459.2566
      [dart] fire_rate=0.400  min_dist_init=44.18m  final=nanm  change=+nanm  min=0.08m
  Training main (team 0, p0018) against p0025...
    ep 1/10  steps=9 kill  wr=0.00  avg_r=754.2190
      [dart] fire_rate=0.396  min_dist_init=28.58m  final=nanm  change=+nanm  min=0.34m
    ep 2/10  steps=11 kill  wr=0.00  avg_r=825.5411
      [dart] fire_rate=0.354  min_dist_init=28.48m  final=nanm  change=+nanm  min=0.26m
  Training main (team 0, p0018) against p0026...
      [PPO] main-t0 ep0 step25 cmd(pl=0.0010 vl=12.9804 ent=2.2565) rad(pl=0.0028 vl=28779.8418 ent=322.4553)
    ep 1/10  steps=26 kill  wr=0.00  avg_r=2271.3146
      [dart] fire_rate=0.320  min_dist_init=2.60m  final=nanm  change=+nanm  min=0.11m
      [PPO] main-t0 ep1 step42 cmd(pl=0.0020 vl=28.5320 ent=2.2607) rad(pl=0.0001 vl=23516.1891 ent=322.5143)
    ep 2/10  steps=47 kill  wr=0.00  avg_r=3240.6954
      [dart] fire_rate=0.341  min_dist_init=2.54m  final=nanm  change=+nanm  min=0.05m
  Training main (team 0, p0018) against p0022...
    ep 1/10  steps=20 kill  wr=0.00  avg_r=1702.7806
      [dart] fire_rate=0.325  min_dist_init=13.54m  final=nanm  change=+nanm  min=0.09m
    ep 2/10  steps=11 kill  wr=0.00  avg_r=1309.0175
      [dart] fire_rate=0.383  min_dist_init=23.37m  final=nanm  change=+nanm  min=0.34m
  Training main_exploiter (team 0, p0019) against p0025...
    ep 1/10  steps=8 kill  wr=0.00  avg_r=685.5594
      [dart] fire_rate=0.512  min_dist_init=32.04m  final=nanm  change=+nanm  min=0.29m
    ep 2/10  steps=7 kill  wr=0.00  avg_r=630.3503
      [dart] fire_rate=0.507  min_dist_init=46.70m  final=nanm  change=+nanm  min=0.06m
    ep 3/10  steps=6 kill  wr=0.00  avg_r=569.6978
      [dart] fire_rate=0.442  min_dist_init=44.17m  final=nanm  change=+nanm  min=0.11m
    ep 4/10  steps=11 kill  wr=0.00  avg_r=665.8102
      [dart] fire_rate=0.446  min_dist_init=23.47m  final=nanm  change=+nanm  min=0.25m
    ep 5/10  steps=6 kill  wr=0.20  avg_r=219.1292
      [dart] fire_rate=0.492  min_dist_init=48.63m  final=nanm  change=+nanm  min=0.31m
    ── ep 5/10  wr=0.20  avg_r=219.1292
    ep 6/10  steps=13 kill  wr=0.17  avg_r=367.5019
      [dart] fire_rate=0.451  min_dist_init=19.99m  final=nanm  change=+nanm  min=0.03m
    ep 7/10  steps=6 kill  wr=0.29  avg_r=93.5872
      [dart] fire_rate=0.425  min_dist_init=46.02m  final=nanm  change=+nanm  min=0.10m
    ep 8/10  steps=19 kill  wr=0.25  avg_r=292.3032
      [dart] fire_rate=0.444  min_dist_init=14.07m  final=nanm  change=+nanm  min=0.11m
    ep 9/10  steps=12 kill  wr=0.22  avg_r=372.4690
      [dart] fire_rate=0.394  min_dist_init=30.28m  final=nanm  change=+nanm  min=0.13m
    ep 10/10  steps=14 kill  wr=0.20  avg_r=455.3419
      [dart] fire_rate=0.455  min_dist_init=27.76m  final=nanm  change=+nanm  min=0.01m
    ── ep 10/10  wr=0.20  avg_r=455.3419
  Training league_exploiter (team 0, p0020) against p0027...
    ep 1/10  steps=10 kill  wr=1.00  avg_r=-1182.7805
      [dart] fire_rate=0.421  min_dist_init=25.50m  final=nanm  change=+nanm  min=0.19m
    ep 2/10  steps=7 kill  wr=1.00  avg_r=-1300.9694
      [dart] fire_rate=0.438  min_dist_init=37.30m  final=nanm  change=+nanm  min=0.13m
    ep 3/10  steps=41 kill  wr=0.67  avg_r=395.9591
      [dart] fire_rate=0.407  min_dist_init=2.57m  final=nanm  change=+nanm  min=0.06m
    ep 4/10  steps=6 kill  wr=0.75  avg_r=-84.8293
      [dart] fire_rate=0.400  min_dist_init=44.10m  final=nanm  change=+nanm  min=0.18m
    ep 5/10  steps=6 kill  wr=0.80  avg_r=-372.1550
      [dart] fire_rate=0.408  min_dist_init=44.11m  final=nanm  change=+nanm  min=0.27m
    ── ep 5/10  wr=0.80  avg_r=-372.1550
    ep 6/10  steps=7 kill  wr=0.83  avg_r=-546.7280
      [dart] fire_rate=0.389  min_dist_init=37.27m  final=nanm  change=+nanm  min=0.11m
    ep 7/10  steps=6 kill  wr=0.71  avg_r=-405.3247
      [dart] fire_rate=0.383  min_dist_init=44.21m  final=nanm  change=+nanm  min=0.20m
    ep 8/10  steps=13 kill  wr=0.75  avg_r=-467.3375
      [dart] fire_rate=0.458  min_dist_init=19.95m  final=nanm  change=+nanm  min=0.13m
    ep 9/10  steps=6 kill  wr=0.78  avg_r=-580.9900
      [dart] fire_rate=0.450  min_dist_init=44.13m  final=nanm  change=+nanm  min=0.18m
    ep 10/10  steps=6 kill  wr=0.80  avg_r=-674.8526
      [dart] fire_rate=0.450  min_dist_init=44.13m  final=nanm  change=+nanm  min=0.10m
    ── ep 10/10  wr=0.80  avg_r=-674.8526
  Training main (team 1, p0021) against self...
    ep 1/10  steps=7 kill  wr=1.00  avg_r=544.4456
      [dart] fire_rate=0.556  min_dist_init=37.23m  final=nanm  change=+nanm  min=0.53m
    ep 2/10  steps=8 kill  wr=1.00  avg_r=601.4963
      [dart] fire_rate=0.500  min_dist_init=32.36m  final=nanm  change=+nanm  min=0.05m
  Training main (team 1, p0021) against p0030...
    ep 1/10  steps=10 kill  wr=0.00  avg_r=881.2923
      [dart] fire_rate=0.532  min_dist_init=28.11m  final=nanm  change=+nanm  min=0.55m
    ep 2/10  steps=7 kill  wr=0.50  avg_r=-254.6468
      [dart] fire_rate=0.486  min_dist_init=71.84m  final=nanm  change=+nanm  min=0.16m
  Training main (team 1, p0021) against p0028...
    ep 1/10  steps=9 kill  wr=0.00  avg_r=735.0499
      [dart] fire_rate=0.484  min_dist_init=28.53m  final=nanm  change=+nanm  min=0.13m
    ep 2/10  steps=9 kill  wr=0.00  avg_r=738.5289
      [dart] fire_rate=0.479  min_dist_init=54.59m  final=nanm  change=+nanm  min=0.16m
  Training main (team 1, p0021) against p0019...
    ep 1/10  steps=7 kill  wr=0.00  avg_r=583.9171
      [dart] fire_rate=0.535  min_dist_init=37.13m  final=nanm  change=+nanm  min=0.15m
    ep 2/10  steps=6 kill  wr=0.00  avg_r=535.5193
      [dart] fire_rate=0.542  min_dist_init=44.17m  final=nanm  change=+nanm  min=0.24m
  Training main_exploiter (team 1, p0022) against p0024...
    ep 1/10  steps=9 kill  wr=0.00  avg_r=726.5087
      [dart] fire_rate=0.385  min_dist_init=28.66m  final=nanm  change=+nanm  min=0.15m
    ep 2/10  steps=11 kill  wr=0.50  avg_r=-189.2828
      [dart] fire_rate=0.429  min_dist_init=61.31m  final=nanm  change=+nanm  min=0.30m
    ep 3/10  steps=6 kill  wr=0.33  avg_r=42.4680
      [dart] fire_rate=0.525  min_dist_init=102.64m  final=nanm  change=+nanm  min=0.16m
    ep 4/10  steps=6 kill  wr=0.50  avg_r=-347.9584
      [dart] fire_rate=0.383  min_dist_init=44.36m  final=nanm  change=+nanm  min=0.37m
    ep 5/10  steps=8 kill  wr=0.60  avg_r=-546.2488
      [dart] fire_rate=0.423  min_dist_init=62.00m  final=nanm  change=+nanm  min=0.27m
    ── ep 5/10  wr=0.60  avg_r=-546.2488
    ep 6/10  steps=8 kill  wr=0.67  avg_r=-675.7837
      [dart] fire_rate=0.488  min_dist_init=32.31m  final=nanm  change=+nanm  min=0.01m
    ep 7/10  steps=7 kill  wr=0.57  avg_r=-499.5902
      [dart] fire_rate=0.444  min_dist_init=72.05m  final=nanm  change=+nanm  min=0.20m
    ep 8/10  steps=6 kill  wr=0.62  avg_r=-626.7996
      [dart] fire_rate=0.483  min_dist_init=47.00m  final=nanm  change=+nanm  min=0.23m
    ep 9/10  steps=13 kill  wr=0.56  avg_r=-432.4326
      [dart] fire_rate=0.490  min_dist_init=19.82m  final=nanm  change=+nanm  min=0.12m
    ep 10/10  steps=12 kill  wr=0.50  avg_r=-287.5616
      [dart] fire_rate=0.405  min_dist_init=30.77m  final=nanm  change=+nanm  min=0.20m
    ── ep 10/10  wr=0.50  avg_r=-287.5616
  Training league_exploiter (team 1, p0023) against p0029...
    ep 1/10  steps=6 kill  wr=2.00  avg_r=-3532.7960
      [dart] fire_rate=0.550  min_dist_init=127.43m  final=nanm  change=+nanm  min=0.26m
    ep 2/10  steps=6 kill  wr=1.50  avg_r=-2515.4798
      [dart] fire_rate=0.533  min_dist_init=44.37m  final=nanm  change=+nanm  min=0.20m
    ep 3/10  steps=6 kill  wr=1.33  avg_r=-2170.9904
      [dart] fire_rate=0.450  min_dist_init=44.20m  final=nanm  change=+nanm  min=0.40m
    ep 4/10  steps=7 kill  wr=1.25  avg_r=-1984.8724
      [dart] fire_rate=0.472  min_dist_init=37.27m  final=nanm  change=+nanm  min=0.18m
    ep 5/10  steps=8 kill  wr=1.20  avg_r=-1855.6710
      [dart] fire_rate=0.411  min_dist_init=32.33m  final=nanm  change=+nanm  min=0.22m
    ── ep 5/10  wr=1.20  avg_r=-1855.6710
    ep 6/10  steps=8 kill  wr=1.00  avg_r=-1436.0718
      [dart] fire_rate=0.470  min_dist_init=32.33m  final=nanm  change=+nanm  min=0.21m
    ep 7/10  steps=9 kill  wr=1.00  avg_r=-1403.9798
      [dart] fire_rate=0.427  min_dist_init=32.59m  final=nanm  change=+nanm  min=0.04m
    ep 8/10  steps=6 kill  wr=1.00  avg_r=-1422.5486
      [dart] fire_rate=0.458  min_dist_init=44.40m  final=nanm  change=+nanm  min=0.40m
    ep 9/10  steps=6 kill  wr=1.00  avg_r=-1429.6654
      [dart] fire_rate=0.508  min_dist_init=44.20m  final=nanm  change=+nanm  min=0.32m
    ep 10/10  steps=6 kill  wr=1.00  avg_r=-1437.3649
      [dart] fire_rate=0.383  min_dist_init=44.05m  final=nanm  change=+nanm  min=0.20m
    ── ep 10/10  wr=1.00  avg_r=-1437.3649
[League] Iteration 2 complete in 17263.9s
[League] alpha=0.167 (schedule=linear) beta_kl=0.092
[League] kill_radius hold at 24.500m (kill_rate=0.25 < 0.7)

============================================================
PSRO Iteration 3/24
============================================================
[League] Iteration 3: Evaluating payoff matrix...
  [payoff] p0024 vs p0022 (1/32)...     step 100: alive=8 red_wins=0/0 wr_sofar=0.00
    step 200: alive=8 red_wins=0/0 wr_sofar=0.00
    step 300: alive=8 red_wins=0/0 wr_sofar=0.00
    step 400: alive=8 red_wins=0/0 wr_sofar=0.00
    [p0024 vs p0022] final-step illumination_progress: team0=0.0000 team1=0.0000 (max t0=0.0000 t1=0.0000)
win_rate=0.50 (511.5s)
  [payoff] p0024 vs p0023 (2/32)...     step 100: alive=8 red_wins=0/0 wr_sofar=0.00
    step 200: alive=8 red_wins=0/0 wr_sofar=0.00
    step 300: alive=8 red_wins=0/0 wr_sofar=0.00
    step 400: alive=8 red_wins=0/0 wr_sofar=0.00
    [p0024 vs p0023] final-step illumination_progress: team0=0.0000 team1=0.0417 (max t0=0.0000 t1=0.2500)
win_rate=0.44 (508.4s)
  [payoff] p0024 vs p0025 (3/32)...     step 100: alive=7 red_wins=0/1 wr_sofar=0.00
    step 200: alive=6 red_wins=0/2 wr_sofar=0.00
    step 300: alive=6 red_wins=0/2 wr_sofar=0.00
    step 400: alive=6 red_wins=0/2 wr_sofar=0.00
    [p0024 vs p0025] final-step illumination_progress: team0=0.0000 team1=0.0125 (max t0=0.0000 t1=0.0500)
win_rate=0.25 (115.8s)
  [payoff] p0024 vs p0026 (4/32)...     step 100: alive=8 red_wins=0/0 wr_sofar=0.00
    step 200: alive=8 red_wins=0/0 wr_sofar=0.00
    step 300: alive=8 red_wins=0/0 wr_sofar=0.00
    step 400: alive=8 red_wins=0/0 wr_sofar=0.00
    [p0024 vs p0026] final-step illumination_progress: team0=0.0000 team1=0.0000 (max t0=0.0000 t1=0.0000)
win_rate=0.50 (514.6s)
  [payoff] p0024 vs p0027 (5/32)...     step 100: alive=8 red_wins=0/0 wr_sofar=0.00
    step 200: alive=8 red_wins=0/0 wr_sofar=0.00
    step 300: alive=8 red_wins=0/0 wr_sofar=0.00
    step 400: alive=8 red_wins=0/0 wr_sofar=0.00
    [p0024 vs p0027] final-step illumination_progress: team0=0.0000 team1=0.0833 (max t0=0.0000 t1=0.2500)
win_rate=0.31 (511.3s)
  [payoff] p0024 vs p0031 (6/32)...     step 100: alive=7 red_wins=0/1 wr_sofar=0.00
    step 200: alive=7 red_wins=0/1 wr_sofar=0.00
    step 300: alive=6 red_wins=0/2 wr_sofar=0.00
    step 400: alive=6 red_wins=0/2 wr_sofar=0.00
    [p0024 vs p0031] final-step illumination_progress: team0=0.0000 team1=0.0042 (max t0=0.0000 t1=0.0500)
win_rate=0.31 (118.2s)
  [payoff] p0024 vs p0032 (7/32)...     step 100: alive=8 red_wins=0/0 wr_sofar=0.00
    step 200: alive=8 red_wins=0/0 wr_sofar=0.00
    step 300: alive=8 red_wins=0/0 wr_sofar=0.00
    step 400: alive=8 red_wins=0/0 wr_sofar=0.00
    [p0024 vs p0032] final-step illumination_progress: team0=0.0000 team1=0.0000 (max t0=0.0000 t1=0.0000)
win_rate=0.50 (516.1s)
  [payoff] p0024 vs p0033 (8/32)...     step 100: alive=8 red_wins=0/0 wr_sofar=0.00
    step 200: alive=8 red_wins=0/0 wr_sofar=0.00
    step 300: alive=8 red_wins=0/0 wr_sofar=0.00
    step 400: alive=8 red_wins=0/0 wr_sofar=0.00
    [p0024 vs p0033] final-step illumination_progress: team0=0.0000 team1=0.1042 (max t0=0.0000 t1=0.2500)
win_rate=0.31 (515.2s)
  [payoff] p0028 vs p0022 (9/32)...     step 100: alive=8 red_wins=0/0 wr_sofar=0.00
    step 200: alive=8 red_wins=0/0 wr_sofar=0.00
    step 300: alive=8 red_wins=0/0 wr_sofar=0.00
    step 400: alive=8 red_wins=0/0 wr_sofar=0.00
    [p0028 vs p0022] final-step illumination_progress: team0=0.0000 team1=0.0000 (max t0=0.0000 t1=0.0000)
win_rate=0.50 (510.3s)
  [payoff] p0028 vs p0023 (10/32)...     step 100: alive=8 red_wins=0/0 wr_sofar=0.00
    step 200: alive=8 red_wins=0/0 wr_sofar=0.00
    step 300: alive=8 red_wins=0/0 wr_sofar=0.00
    step 400: alive=8 red_wins=0/0 wr_sofar=0.00
    [p0028 vs p0023] final-step illumination_progress: team0=0.0000 team1=0.1250 (max t0=0.0000 t1=0.2500)
win_rate=0.25 (516.2s)
  [payoff] p0028 vs p0025 (11/32)...     step 100: alive=6 red_wins=0/2 wr_sofar=0.00
    step 200: alive=6 red_wins=0/2 wr_sofar=0.00
    step 300: alive=6 red_wins=0/2 wr_sofar=0.00
    step 400: alive=6 red_wins=0/2 wr_sofar=0.00
    [p0028 vs p0025] final-step illumination_progress: team0=0.0000 team1=0.0042 (max t0=0.0000 t1=0.0500)
win_rate=0.31 (117.8s)
  [payoff] p0028 vs p0026 (12/32)...     step 100: alive=8 red_wins=0/0 wr_sofar=0.00
    step 200: alive=8 red_wins=0/0 wr_sofar=0.00
    step 300: alive=8 red_wins=0/0 wr_sofar=0.00
    step 400: alive=8 red_wins=0/0 wr_sofar=0.00
    [p0028 vs p0026] final-step illumination_progress: team0=0.0000 team1=0.0000 (max t0=0.0000 t1=0.0000)
win_rate=0.50 (514.0s)
  [payoff] p0028 vs p0027 (13/32)...     step 100: alive=8 red_wins=0/0 wr_sofar=0.00
    step 200: alive=8 red_wins=0/0 wr_sofar=0.00
    step 300: alive=8 red_wins=0/0 wr_sofar=0.00
    step 400: alive=8 red_wins=0/0 wr_sofar=0.00
    [p0028 vs p0027] final-step illumination_progress: team0=0.0000 team1=0.0833 (max t0=0.0000 t1=0.2500)
win_rate=0.31 (511.0s)
  [payoff] p0028 vs p0031 (14/32)...     step 100: alive=8 red_wins=0/0 wr_sofar=0.00
    step 200: alive=8 red_wins=0/0 wr_sofar=0.00
    step 300: alive=8 red_wins=0/0 wr_sofar=0.00
    step 400: alive=8 red_wins=0/0 wr_sofar=0.00
    [p0028 vs p0031] final-step illumination_progress: team0=0.0000 team1=0.0000 (max t0=0.0000 t1=0.0000)
win_rate=0.50 (514.6s)
  [payoff] p0028 vs p0032 (15/32)...     step 100: alive=8 red_wins=0/0 wr_sofar=0.00
    step 200: alive=8 red_wins=0/0 wr_sofar=0.00
    step 300: alive=8 red_wins=0/0 wr_sofar=0.00
    step 400: alive=8 red_wins=0/0 wr_sofar=0.00
    [p0028 vs p0032] final-step illumination_progress: team0=0.0000 team1=0.0000 (max t0=0.0000 t1=0.0000)
win_rate=0.50 (511.7s)
  [payoff] p0028 vs p0033 (16/32)...     step 100: alive=8 red_wins=0/0 wr_sofar=0.00
    step 200: alive=8 red_wins=0/0 wr_sofar=0.00
    step 300: alive=8 red_wins=0/0 wr_sofar=0.00
    step 400: alive=8 red_wins=0/0 wr_sofar=0.00
    [p0028 vs p0033] final-step illumination_progress: team0=0.0000 team1=0.1250 (max t0=0.0000 t1=0.2500)
win_rate=0.25 (511.7s)
  [payoff] p0029 vs p0022 (17/32)...     step 100: alive=8 red_wins=0/0 wr_sofar=0.00
    step 200: alive=8 red_wins=0/0 wr_sofar=0.00
    step 300: alive=8 red_wins=0/0 wr_sofar=0.00
    step 400: alive=8 red_wins=0/0 wr_sofar=0.00
    [p0029 vs p0022] final-step illumination_progress: team0=0.0208 team1=0.0000 (max t0=0.2500 t1=0.0000)
win_rate=0.56 (516.2s)
  [payoff] p0029 vs p0023 (18/32)...     step 100: alive=8 red_wins=0/0 wr_sofar=0.00
    step 200: alive=8 red_wins=0/0 wr_sofar=0.00
    step 300: alive=8 red_wins=0/0 wr_sofar=0.00
    step 400: alive=8 red_wins=0/0 wr_sofar=0.00
    [p0029 vs p0023] final-step illumination_progress: team0=0.0000 team1=0.1042 (max t0=0.0000 t1=0.2500)
win_rate=0.31 (509.1s)
  [payoff] p0029 vs p0025 (19/32)...     step 100: alive=8 red_wins=0/0 wr_sofar=0.00
    step 200: alive=8 red_wins=0/0 wr_sofar=0.00
    step 300: alive=8 red_wins=0/0 wr_sofar=0.00
    step 400: alive=8 red_wins=0/0 wr_sofar=0.00
    [p0029 vs p0025] final-step illumination_progress: team0=0.0000 team1=0.0417 (max t0=0.0000 t1=0.2500)
win_rate=0.38 (508.2s)
  [payoff] p0029 vs p0026 (20/32)...     step 100: alive=8 red_wins=0/0 wr_sofar=0.00
    step 200: alive=8 red_wins=0/0 wr_sofar=0.00
    step 300: alive=8 red_wins=0/0 wr_sofar=0.00
    step 400: alive=8 red_wins=0/0 wr_sofar=0.00
    [p0029 vs p0026] final-step illumination_progress: team0=0.0000 team1=0.0000 (max t0=0.0000 t1=0.0000)
win_rate=0.50 (507.5s)
  [payoff] p0029 vs p0027 (21/32)...     step 100: alive=8 red_wins=0/0 wr_sofar=0.00
    step 200: alive=8 red_wins=0/0 wr_sofar=0.00
    step 300: alive=8 red_wins=0/0 wr_sofar=0.00
    step 400: alive=8 red_wins=0/0 wr_sofar=0.00
    [p0029 vs p0027] final-step illumination_progress: team0=0.0000 team1=0.0833 (max t0=0.0000 t1=0.2500)
win_rate=0.25 (507.8s)
  [payoff] p0029 vs p0031 (22/32)...     step 100: alive=6 red_wins=0/2 wr_sofar=0.00
    step 200: alive=6 red_wins=0/2 wr_sofar=0.00
    step 300: alive=6 red_wins=0/2 wr_sofar=0.00
    step 400: alive=5 red_wins=0/3 wr_sofar=0.00
    [p0029 vs p0031] final-step illumination_progress: team0=0.0000 team1=0.0042 (max t0=0.0000 t1=0.0500)
win_rate=0.25 (116.0s)
  [payoff] p0029 vs p0032 (23/32)...     step 100: alive=8 red_wins=0/0 wr_sofar=0.00
    step 200: alive=8 red_wins=0/0 wr_sofar=0.00
    step 300: alive=8 red_wins=0/0 wr_sofar=0.00
    step 400: alive=8 red_wins=0/0 wr_sofar=0.00
    [p0029 vs p0032] final-step illumination_progress: team0=0.0000 team1=0.0000 (max t0=0.0000 t1=0.0000)
win_rate=0.50 (506.6s)
  [payoff] p0029 vs p0033 (24/32)...     step 100: alive=8 red_wins=0/0 wr_sofar=0.00
    step 200: alive=8 red_wins=0/0 wr_sofar=0.00
    step 300: alive=8 red_wins=0/0 wr_sofar=0.00
    step 400: alive=8 red_wins=0/0 wr_sofar=0.00
    [p0029 vs p0033] final-step illumination_progress: team0=0.0000 team1=0.0833 (max t0=0.0000 t1=0.2500)
win_rate=0.44 (512.9s)
  [payoff] p0030 vs p0022 (25/32)...     step 100: alive=8 red_wins=0/0 wr_sofar=0.00
    step 200: alive=8 red_wins=0/0 wr_sofar=0.00
    step 300: alive=8 red_wins=0/0 wr_sofar=0.00
    step 400: alive=8 red_wins=0/0 wr_sofar=0.00
    [p0030 vs p0022] final-step illumination_progress: team0=0.0000 team1=0.0000 (max t0=0.0000 t1=0.0000)
win_rate=0.50 (509.4s)
  [payoff] p0030 vs p0023 (26/32)...     step 100: alive=8 red_wins=0/0 wr_sofar=0.00
    step 200: alive=8 red_wins=0/0 wr_sofar=0.00
    step 300: alive=8 red_wins=0/0 wr_sofar=0.00
    step 400: alive=8 red_wins=0/0 wr_sofar=0.00
    [p0030 vs p0023] final-step illumination_progress: team0=0.0000 team1=0.1042 (max t0=0.0000 t1=0.2500)
win_rate=0.25 (514.5s)
  [payoff] p0030 vs p0025 (27/32)...     step 100: alive=6 red_wins=0/2 wr_sofar=0.00
    step 200: alive=6 red_wins=0/2 wr_sofar=0.00
    step 300: alive=6 red_wins=0/2 wr_sofar=0.00
    step 400: alive=6 red_wins=0/2 wr_sofar=0.00
    [p0030 vs p0025] final-step illumination_progress: team0=0.0000 team1=0.0125 (max t0=0.0000 t1=0.0500)
win_rate=0.25 (118.1s)
  [payoff] p0030 vs p0026 (28/32)...     step 100: alive=8 red_wins=0/0 wr_sofar=0.00
    step 200: alive=8 red_wins=0/0 wr_sofar=0.00
    step 300: alive=8 red_wins=0/0 wr_sofar=0.00
    step 400: alive=8 red_wins=0/0 wr_sofar=0.00
    [p0030 vs p0026] final-step illumination_progress: team0=0.0000 team1=0.0000 (max t0=0.0000 t1=0.0000)
win_rate=0.50 (513.2s)
  [payoff] p0030 vs p0027 (29/32)...     step 100: alive=8 red_wins=0/0 wr_sofar=0.00
    step 200: alive=8 red_wins=0/0 wr_sofar=0.00
    step 300: alive=8 red_wins=0/0 wr_sofar=0.00
    step 400: alive=8 red_wins=0/0 wr_sofar=0.00
    [p0030 vs p0027] final-step illumination_progress: team0=0.0000 team1=0.1042 (max t0=0.0000 t1=0.2500)
win_rate=0.38 (511.7s)
  [payoff] p0030 vs p0031 (30/32)...     step 100: alive=8 red_wins=0/0 wr_sofar=0.00
    step 200: alive=8 red_wins=0/0 wr_sofar=0.00
    step 300: alive=8 red_wins=0/0 wr_sofar=0.00
    step 400: alive=8 red_wins=0/0 wr_sofar=0.00
    [p0030 vs p0031] final-step illumination_progress: team0=0.0000 team1=0.0083 (max t0=0.0000 t1=0.0500)
win_rate=0.44 (118.1s)
  [payoff] p0030 vs p0032 (31/32)...     step 100: alive=8 red_wins=0/0 wr_sofar=0.00
    step 200: alive=8 red_wins=0/0 wr_sofar=0.00
    step 300: alive=8 red_wins=0/0 wr_sofar=0.00
    step 400: alive=8 red_wins=0/0 wr_sofar=0.00
    [p0030 vs p0032] final-step illumination_progress: team0=0.0000 team1=0.0000 (max t0=0.0000 t1=0.0000)
win_rate=0.50 (516.2s)
  [payoff] p0030 vs p0033 (32/32)...     step 100: alive=8 red_wins=0/0 wr_sofar=0.00
    step 200: alive=8 red_wins=0/0 wr_sofar=0.00
    step 300: alive=8 red_wins=0/0 wr_sofar=0.00
    step 400: alive=8 red_wins=0/0 wr_sofar=0.00
    [p0030 vs p0033] final-step illumination_progress: team0=0.0000 team1=0.1042 (max t0=0.0000 t1=0.2500)
win_rate=0.25 (511.2s)
  Team 0 sigma=[0.154 0.    0.462 0.385] NashConv=0.0072 H_task=1.386 effK=2.75
  Team 1 sigma=[0.    0.154 0.385 0.    0.462 0.    0.    0.   ] NashConv=0.0096 H_task=1.386 effK=2.75
  Training main_exploiter (team 1, p0022) against p0024...
    ep 1/10  steps=6 kill  wr=0.00  avg_r=475.0331
      [dart] fire_rate=0.542  min_dist_init=44.16m  final=nanm  change=+nanm  min=0.29m
    ep 2/10  steps=9 kill  wr=0.00  avg_r=603.7841
      [dart] fire_rate=0.490  min_dist_init=28.49m  final=nanm  change=+nanm  min=0.17m
    ep 3/10  steps=15 kill  wr=0.00  avg_r=834.2115
      [dart] fire_rate=0.426  min_dist_init=17.37m  final=nanm  change=+nanm  min=0.23m
    ep 4/10  steps=6 kill  wr=0.25  avg_r=244.3500
      [dart] fire_rate=0.475  min_dist_init=44.26m  final=nanm  change=+nanm  min=0.20m
    ep 5/10  steps=12 kill  wr=0.20  avg_r=396.7144
      [dart] fire_rate=0.390  min_dist_init=21.56m  final=nanm  change=+nanm  min=0.18m
    ── ep 5/10  wr=0.20  avg_r=396.7144
    ep 6/10  steps=7 kill  wr=0.17  avg_r=424.9001
      [dart] fire_rate=0.438  min_dist_init=49.80m  final=nanm  change=+nanm  min=0.14m
    ep 7/10  steps=9 kill  wr=0.29  avg_r=183.6017
      [dart] fire_rate=0.443  min_dist_init=28.44m  final=nanm  change=+nanm  min=0.09m
    ep 8/10  steps=7 kill  wr=0.25  avg_r=229.3833
      [dart] fire_rate=0.451  min_dist_init=54.70m  final=nanm  change=+nanm  min=0.22m
    ep 9/10  steps=6 kill  wr=0.22  avg_r=253.6115
      [dart] fire_rate=0.525  min_dist_init=44.10m  final=nanm  change=+nanm  min=0.14m
    ep 10/10  steps=8 kill  wr=0.30  avg_r=98.4290
      [dart] fire_rate=0.446  min_dist_init=32.33m  final=nanm  change=+nanm  min=0.39m
    ── ep 10/10  wr=0.30  avg_r=98.4290
  Training league_exploiter (team 1, p0023) against p0029...
    ep 1/10  steps=6 kill  wr=0.00  avg_r=469.8630
      [dart] fire_rate=0.450  min_dist_init=44.19m  final=nanm  change=+nanm  min=0.06m
    ep 2/10  steps=6 kill  wr=0.50  avg_r=-501.3620
      [dart] fire_rate=0.500  min_dist_init=44.37m  final=nanm  change=+nanm  min=0.10m
    ep 3/10  steps=9 kill  wr=0.33  avg_r=-82.8081
      [dart] fire_rate=0.479  min_dist_init=28.47m  final=nanm  change=+nanm  min=0.25m
    ep 4/10  steps=6 kill  wr=0.50  avg_r=-436.3680
      [dart] fire_rate=0.483  min_dist_init=104.55m  final=nanm  change=+nanm  min=0.14m
    ep 5/10  steps=6 kill  wr=0.60  avg_r=-651.2071
      [dart] fire_rate=0.600  min_dist_init=44.30m  final=nanm  change=+nanm  min=0.03m
    ── ep 5/10  wr=0.60  avg_r=-651.2071
    ep 6/10  steps=7 kill  wr=0.50  avg_r=-439.0095
      [dart] fire_rate=0.493  min_dist_init=37.30m  final=nanm  change=+nanm  min=0.34m
    ep 7/10  steps=6 kill  wr=0.57  avg_r=-591.0070
      [dart] fire_rate=0.500  min_dist_init=98.01m  final=nanm  change=+nanm  min=0.64m
    ep 8/10  steps=7 kill  wr=0.62  avg_r=-698.1461
      [dart] fire_rate=0.444  min_dist_init=37.10m  final=nanm  change=+nanm  min=0.21m
    ep 9/10  steps=7 kill  wr=0.56  avg_r=-558.3717
      [dart] fire_rate=0.542  min_dist_init=37.34m  final=nanm  change=+nanm  min=0.58m
    ep 10/10  steps=6 kill  wr=0.70  avg_r=-850.9251
      [dart] fire_rate=0.550  min_dist_init=86.03m  final=nanm  change=+nanm  min=0.75m
    ── ep 10/10  wr=0.70  avg_r=-850.9251
  Training main (team 0, p0024) against self...
    ep 1/10  steps=13 kill  wr=1.00  avg_r=1084.1156
      [dart] fire_rate=0.274  min_dist_init=19.96m  final=nanm  change=+nanm  min=0.23m
    ep 2/10  steps=22 kill  wr=1.00  avg_r=1500.5846
      [dart] fire_rate=0.363  min_dist_init=2.55m  final=nanm  change=+nanm  min=0.08m
  Training main (team 0, p0024) against p0033...
    ep 1/10  steps=15 kill  wr=1.00  avg_r=-685.8497
      [dart] fire_rate=0.387  min_dist_init=17.44m  final=nanm  change=+nanm  min=0.12m
    ep 2/10  steps=8 kill  wr=0.50  avg_r=-25.8195
      [dart] fire_rate=0.440  min_dist_init=32.15m  final=nanm  change=+nanm  min=0.24m
  Training main (team 0, p0024) against p0035...
    ep 1/10  steps=6 kill  wr=0.00  avg_r=446.1365
      [dart] fire_rate=0.383  min_dist_init=44.25m  final=nanm  change=+nanm  min=0.10m
    ep 2/10  steps=14 kill  wr=0.50  avg_r=-181.2421
      [dart] fire_rate=0.381  min_dist_init=18.52m  final=nanm  change=+nanm  min=0.12m
  Training main (team 0, p0024) against p0027...
    ep 1/10  steps=14 kill  wr=0.00  avg_r=1172.0536
      [dart] fire_rate=0.397  min_dist_init=18.58m  final=nanm  change=+nanm  min=0.28m
    ep 2/10  steps=6 kill  wr=0.00  avg_r=818.1643
      [dart] fire_rate=0.383  min_dist_init=44.13m  final=nanm  change=+nanm  min=0.19m
  Training main (team 1, p0025) against self...
    ep 1/10  steps=6 kill  wr=2.00  avg_r=-1521.8155
      [dart] fire_rate=0.525  min_dist_init=85.79m  final=nanm  change=+nanm  min=0.03m
    ep 2/10  steps=7 kill  wr=1.50  avg_r=-487.1124
      [dart] fire_rate=0.451  min_dist_init=37.36m  final=nanm  change=+nanm  min=0.19m
    ep 3/10  steps=7 kill  wr=1.67  avg_r=-800.1334
      [dart] fire_rate=0.507  min_dist_init=71.92m  final=nanm  change=+nanm  min=0.14m
  Training main (team 1, p0025) against p0036...
    ep 1/10  steps=11 kill  wr=1.00  avg_r=-1094.9091
      [dart] fire_rate=0.438  min_dist_init=23.38m  final=nanm  change=+nanm  min=0.19m
    ep 2/10  steps=10 kill  wr=0.50  avg_r=-130.8005
      [dart] fire_rate=0.449  min_dist_init=25.67m  final=nanm  change=+nanm  min=0.29m
    ep 3/10  steps=7 kill  wr=0.33  avg_r=72.8737
      [dart] fire_rate=0.417  min_dist_init=37.42m  final=nanm  change=+nanm  min=0.47m
  Training main (team 1, p0025) against p0030...
    ep 1/10  steps=6 kill  wr=0.00  avg_r=485.8928
      [dart] fire_rate=0.525  min_dist_init=49.27m  final=nanm  change=+nanm  min=0.36m
    ep 2/10  steps=6 kill  wr=0.50  avg_r=-510.7063
      [dart] fire_rate=0.517  min_dist_init=44.24m  final=nanm  change=+nanm  min=0.33m
    ep 3/10  steps=6 kill  wr=0.33  avg_r=-189.5632
      [dart] fire_rate=0.500  min_dist_init=44.12m  final=nanm  change=+nanm  min=0.25m
  Training main_exploiter (team 1, p0026) against p0036...
    ep 1/10  steps=10 kill  wr=1.00  avg_r=-1112.4657
      [dart] fire_rate=0.472  min_dist_init=25.63m  final=nanm  change=+nanm  min=0.11m
    ep 2/10  steps=6 kill  wr=0.50  avg_r=-342.0869
      [dart] fire_rate=0.417  min_dist_init=44.00m  final=nanm  change=+nanm  min=0.14m
      [PPO] main-t1 ep2 step22 cmd(pl=0.0115 vl=47.6677 ent=2.3664) rad(pl=0.3204 vl=27860.2529 ent=322.7678)
    ep 3/10  steps=25 kill  wr=0.67  avg_r=-154.7611
      [dart] fire_rate=0.408  min_dist_init=2.49m  final=nanm  change=+nanm  min=0.19m
    ep 4/10  steps=14 kill  wr=0.75  avg_r=-315.7942
      [dart] fire_rate=0.442  min_dist_init=18.62m  final=nanm  change=+nanm  min=0.06m
    ep 5/10  steps=7 kill  wr=0.60  avg_r=-138.9485
      [dart] fire_rate=0.410  min_dist_init=37.21m  final=nanm  change=+nanm  min=0.17m
    ── ep 5/10  wr=0.60  avg_r=-138.9485
    ep 6/10  steps=8 kill  wr=0.50  avg_r=-13.0249
      [dart] fire_rate=0.399  min_dist_init=32.27m  final=nanm  change=+nanm  min=0.18m
    ep 7/10  steps=6 kill  wr=0.43  avg_r=54.6732
      [dart] fire_rate=0.492  min_dist_init=44.19m  final=nanm  change=+nanm  min=0.14m
    ep 8/10  steps=24 kill  wr=0.50  avg_r=65.1869
      [dart] fire_rate=0.364  min_dist_init=2.52m  final=nanm  change=+nanm  min=0.13m
    ep 9/10  steps=10 kill  wr=0.56  avg_r=-80.6255
      [dart] fire_rate=0.338  min_dist_init=25.69m  final=nanm  change=+nanm  min=0.05m
    ep 10/10  steps=10 kill  wr=0.50  avg_r=12.0553
      [dart] fire_rate=0.389  min_dist_init=25.74m  final=nanm  change=+nanm  min=0.27m
    ── ep 10/10  wr=0.50  avg_r=12.0553
  Training league_exploiter (team 1, p0027) against p0036...
    ep 1/10  steps=6 kill  wr=1.00  avg_r=-1533.2266
      [dart] fire_rate=0.417  min_dist_init=44.17m  final=nanm  change=+nanm  min=0.26m
    ep 2/10  steps=9 kill  wr=0.50  avg_r=-396.8427
      [dart] fire_rate=0.365  min_dist_init=28.48m  final=nanm  change=+nanm  min=0.30m
    ep 3/10  steps=7 kill  wr=0.67  avg_r=-739.0722
      [dart] fire_rate=0.424  min_dist_init=37.34m  final=nanm  change=+nanm  min=0.21m
    ep 4/10  steps=12 kill  wr=0.50  avg_r=-315.1094
      [dart] fire_rate=0.402  min_dist_init=28.38m  final=nanm  change=+nanm  min=0.09m
    ep 5/10  steps=10 kill  wr=0.40  avg_r=-86.3972
      [dart] fire_rate=0.463  min_dist_init=25.70m  final=nanm  change=+nanm  min=0.24m
    ── ep 5/10  wr=0.40  avg_r=-86.3972
    ep 6/10  steps=6 kill  wr=0.33  avg_r=11.2213
      [dart] fire_rate=0.517  min_dist_init=69.56m  final=nanm  change=+nanm  min=0.18m
    ep 7/10  steps=8 kill  wr=0.29  avg_r=102.8842
      [dart] fire_rate=0.452  min_dist_init=32.27m  final=nanm  change=+nanm  min=0.30m
    ep 8/10  steps=9 kill  wr=0.25  avg_r=184.6918
      [dart] fire_rate=0.417  min_dist_init=57.23m  final=nanm  change=+nanm  min=0.05m
    ep 9/10  steps=7 kill  wr=0.22  avg_r=227.0139
      [dart] fire_rate=0.444  min_dist_init=37.35m  final=nanm  change=+nanm  min=0.19m
    ep 10/10  steps=10 kill  wr=0.20  avg_r=284.4828
      [dart] fire_rate=0.398  min_dist_init=25.65m  final=nanm  change=+nanm  min=0.28m
    ── ep 10/10  wr=0.20  avg_r=284.4828
  Training main (team 0, p0028) against self...
    ep 1/10  steps=10 kill  wr=1.00  avg_r=839.5584
      [dart] fire_rate=0.296  min_dist_init=25.83m  final=nanm  change=+nanm  min=0.28m
    ep 2/10  steps=12 kill  wr=1.00  avg_r=940.5778
      [dart] fire_rate=0.348  min_dist_init=21.32m  final=nanm  change=+nanm  min=0.15m
    ep 3/10  steps=8 kill  wr=1.00  avg_r=851.3646
      [dart] fire_rate=0.363  min_dist_init=32.35m  final=nanm  change=+nanm  min=0.05m
  Training main (team 0, p0028) against p0033...
    ep 1/10  steps=6 kill  wr=0.00  avg_r=419.1077
      [dart] fire_rate=0.417  min_dist_init=66.03m  final=nanm  change=+nanm  min=0.33m
    ep 2/10  steps=6 kill  wr=0.00  avg_r=430.0046
      [dart] fire_rate=0.517  min_dist_init=86.15m  final=nanm  change=+nanm  min=0.30m
    ep 3/10  steps=13 kill  wr=0.00  avg_r=656.4627
      [dart] fire_rate=0.382  min_dist_init=19.95m  final=nanm  change=+nanm  min=0.11m
  Training main (team 0, p0028) against p0034...
      [PPO] main-t0 ep0 step26 cmd(pl=0.0010 vl=20.8764 ent=2.2747) rad(pl=0.0009 vl=20499.5443 ent=322.6639)
    ep 1/10  steps=44 kill  wr=1.00  avg_r=1965.1475
      [dart] fire_rate=0.298  min_dist_init=2.55m  final=nanm  change=+nanm  min=0.05m
      [PPO] main-t0 ep1 step25 cmd(pl=-0.0009 vl=56.4027 ent=2.2842) rad(pl=0.0001 vl=17674.4777 ent=322.6601)
      [PPO] main-t0 ep1 step67 cmd(pl=0.0009 vl=39.5811 ent=2.2949) rad(pl=-0.0003 vl=15928.6110 ent=322.7343)
    ep 2/10  steps=76 kill  wr=0.50  avg_r=4422.4525
      [dart] fire_rate=0.324  min_dist_init=2.59m  final=nanm  change=+nanm  min=0.06m
    ep 3/10  steps=11 kill  wr=0.67  avg_r=2587.4504
      [dart] fire_rate=0.379  min_dist_init=23.48m  final=nanm  change=+nanm  min=0.05m
  Training main_exploiter (team 0, p0029) against p0037...
    ep 1/10  steps=6 kill  wr=1.00  avg_r=-1530.0250
      [dart] fire_rate=0.392  min_dist_init=44.20m  final=nanm  change=+nanm  min=0.26m
    ep 2/10  steps=20 kill  wr=0.50  avg_r=78.0988
      [dart] fire_rate=0.401  min_dist_init=13.56m  final=nanm  change=+nanm  min=0.10m
    ep 3/10  steps=15 kill  wr=0.33  avg_r=478.1878
      [dart] fire_rate=0.438  min_dist_init=17.50m  final=nanm  change=+nanm  min=0.25m
    ep 4/10  steps=8 kill  wr=0.25  avg_r=530.0044
      [dart] fire_rate=0.393  min_dist_init=45.75m  final=nanm  change=+nanm  min=0.24m
    ep 5/10  steps=7 kill  wr=0.20  avg_r=535.4452
      [dart] fire_rate=0.472  min_dist_init=37.25m  final=nanm  change=+nanm  min=0.22m
    ── ep 5/10  wr=0.20  avg_r=535.4452
    ep 6/10  steps=8 kill  wr=0.17  avg_r=544.0340
      [dart] fire_rate=0.429  min_dist_init=32.32m  final=nanm  change=+nanm  min=0.12m
    ep 7/10  steps=9 kill  wr=0.29  avg_r=285.9541
      [dart] fire_rate=0.432  min_dist_init=33.53m  final=nanm  change=+nanm  min=0.11m
    ep 8/10  steps=15 kill  wr=0.25  avg_r=412.4263
      [dart] fire_rate=0.417  min_dist_init=17.37m  final=nanm  change=+nanm  min=0.16m
    ep 9/10  steps=24 kill  wr=0.33  avg_r=380.8607
      [dart] fire_rate=0.388  min_dist_init=2.57m  final=nanm  change=+nanm  min=0.19m
    ep 10/10  steps=10 kill  wr=0.30  avg_r=425.0601
      [dart] fire_rate=0.417  min_dist_init=25.70m  final=nanm  change=+nanm  min=0.13m
    ── ep 10/10  wr=0.30  avg_r=425.0601
  Training league_exploiter (team 0, p0030) against p0037...
    ep 1/10  steps=7 kill  wr=1.00  avg_r=-1474.2837
      [dart] fire_rate=0.486  min_dist_init=37.36m  final=nanm  change=+nanm  min=0.34m
    ep 2/10  steps=6 kill  wr=1.00  avg_r=-1481.7429
      [dart] fire_rate=0.492  min_dist_init=65.55m  final=nanm  change=+nanm  min=0.30m
    ep 3/10  steps=19 kill  wr=0.67  avg_r=-440.7670
      [dart] fire_rate=0.433  min_dist_init=14.13m  final=nanm  change=+nanm  min=0.23m
    ep 4/10  steps=7 kill  wr=0.75  avg_r=-684.9864
      [dart] fire_rate=0.438  min_dist_init=38.03m  final=nanm  change=+nanm  min=0.19m
    ep 5/10  steps=11 kill  wr=0.60  avg_r=-360.4855
      [dart] fire_rate=0.446  min_dist_init=23.45m  final=nanm  change=+nanm  min=0.13m
    ── ep 5/10  wr=0.60  avg_r=-360.4855
    ep 6/10  steps=6 kill  wr=0.50  avg_r=-221.6210
      [dart] fire_rate=0.458  min_dist_init=44.29m  final=nanm  change=+nanm  min=0.10m
    ep 7/10  steps=10 kill  wr=0.57  avg_r=-360.8909
      [dart] fire_rate=0.412  min_dist_init=25.65m  final=nanm  change=+nanm  min=0.25m
    ep 8/10  steps=6 kill  wr=0.62  avg_r=-508.4099
      [dart] fire_rate=0.467  min_dist_init=53.03m  final=nanm  change=+nanm  min=0.20m
    ep 9/10  steps=9 kill  wr=0.56  avg_r=-371.0215
      [dart] fire_rate=0.443  min_dist_init=28.67m  final=nanm  change=+nanm  min=0.46m
    ep 10/10  steps=17 kill  wr=0.60  avg_r=-381.4558
      [dart] fire_rate=0.427  min_dist_init=34.56m  final=nanm  change=+nanm  min=0.12m
    ── ep 10/10  wr=0.60  avg_r=-381.4558
  Training main (team 1, p0031) against self...
    ep 1/10  steps=8 kill  wr=1.00  avg_r=677.7995
      [dart] fire_rate=0.417  min_dist_init=41.36m  final=nanm  change=+nanm  min=0.11m
    ep 2/10  steps=7 kill  wr=1.00  avg_r=628.8292
      [dart] fire_rate=0.528  min_dist_init=37.31m  final=nanm  change=+nanm  min=0.14m
    ep 3/10  steps=7 kill  wr=1.00  avg_r=622.7499
      [dart] fire_rate=0.493  min_dist_init=37.27m  final=nanm  change=+nanm  min=0.08m
  Training main (team 1, p0031) against p0042...
    ep 1/10  steps=7 kill  wr=1.00  avg_r=-1436.2543
      [dart] fire_rate=0.451  min_dist_init=37.25m  final=nanm  change=+nanm  min=0.09m
    ep 2/10  steps=6 kill  wr=0.50  avg_r=-462.2500
      [dart] fire_rate=0.483  min_dist_init=48.71m  final=nanm  change=+nanm  min=0.34m
    ep 3/10  steps=8 kill  wr=0.33  avg_r=-75.7071
      [dart] fire_rate=0.554  min_dist_init=73.67m  final=nanm  change=+nanm  min=0.21m
  Training main (team 1, p0031) against p0040...
    ep 1/10  steps=9 kill  wr=0.00  avg_r=761.4358
      [dart] fire_rate=0.505  min_dist_init=28.54m  final=nanm  change=+nanm  min=0.31m
    ep 2/10  steps=6 kill  wr=0.50  avg_r=-385.3499
      [dart] fire_rate=0.567  min_dist_init=44.32m  final=nanm  change=+nanm  min=0.18m
    ep 3/10  steps=7 kill  wr=0.33  avg_r=-71.4083
      [dart] fire_rate=0.438  min_dist_init=39.02m  final=nanm  change=+nanm  min=0.22m
  Resetting p0032 to anchor p0037 (role=main, gen=4)
  Training main_exploiter (team 1, p0032) against p0036...
    ep 1/10  steps=10 kill  wr=0.00  avg_r=856.1605
      [dart] fire_rate=0.486  min_dist_init=25.76m  final=nanm  change=+nanm  min=0.33m
    ep 2/10  steps=8 kill  wr=0.00  avg_r=764.9237
      [dart] fire_rate=0.446  min_dist_init=33.26m  final=nanm  change=+nanm  min=0.22m
    ep 3/10  steps=7 kill  wr=0.00  avg_r=690.9662
      [dart] fire_rate=0.451  min_dist_init=37.24m  final=nanm  change=+nanm  min=0.18m
    ep 4/10  steps=6 kill  wr=0.00  avg_r=143.7772
      [dart] fire_rate=0.492  min_dist_init=88.96m  final=nanm  change=+nanm  min=0.15m
    ep 5/10  steps=6 kill  wr=0.20  avg_r=-186.8119
      [dart] fire_rate=0.467  min_dist_init=44.05m  final=nanm  change=+nanm  min=0.43m
    ── ep 5/10  wr=0.20  avg_r=-186.8119
    ep 6/10  steps=7 kill  wr=0.17  avg_r=-62.6518
      [dart] fire_rate=0.417  min_dist_init=37.34m  final=nanm  change=+nanm  min=0.11m
    ep 7/10  steps=11 kill  wr=0.29  avg_r=-204.5992
      [dart] fire_rate=0.442  min_dist_init=46.35m  final=nanm  change=+nanm  min=0.18m
    ep 8/10  steps=9 kill  wr=0.25  avg_r=-84.0143
      [dart] fire_rate=0.495  min_dist_init=60.59m  final=nanm  change=+nanm  min=0.49m
    ep 9/10  steps=6 kill  wr=0.22  avg_r=-24.3032
      [dart] fire_rate=0.458  min_dist_init=54.33m  final=nanm  change=+nanm  min=0.36m
    ep 10/10  steps=9 kill  wr=0.20  avg_r=50.9709
      [dart] fire_rate=0.396  min_dist_init=28.46m  final=nanm  change=+nanm  min=0.11m
    ── ep 10/10  wr=0.20  avg_r=50.9709
  Training league_exploiter (team 1, p0033) against p0040...
    ep 1/10  steps=7 kill  wr=1.00  avg_r=-1463.9583
      [dart] fire_rate=0.472  min_dist_init=72.13m  final=nanm  change=+nanm  min=0.14m
    ep 2/10  steps=17 kill  wr=1.00  avg_r=-970.7601
      [dart] fire_rate=0.401  min_dist_init=15.48m  final=nanm  change=+nanm  min=0.14m
    ep 3/10  steps=10 kill  wr=1.00  avg_r=-1025.0340
      [dart] fire_rate=0.449  min_dist_init=25.72m  final=nanm  change=+nanm  min=0.11m
    ep 4/10  steps=23 kill  wr=0.75  avg_r=-249.4135
      [dart] fire_rate=0.449  min_dist_init=2.57m  final=nanm  change=+nanm  min=0.08m
    ep 5/10  steps=10 kill  wr=0.80  avg_r=-425.7863
      [dart] fire_rate=0.454  min_dist_init=29.06m  final=nanm  change=+nanm  min=0.16m
    ── ep 5/10  wr=0.80  avg_r=-425.7863
    ep 6/10  steps=6 kill  wr=0.67  avg_r=-273.8961
      [dart] fire_rate=0.408  min_dist_init=44.16m  final=nanm  change=+nanm  min=0.22m
    ep 7/10  steps=6 kill  wr=0.57  avg_r=-171.6322
      [dart] fire_rate=0.475  min_dist_init=108.65m  final=nanm  change=+nanm  min=0.22m
    ep 8/10  steps=19 kill  wr=0.50  avg_r=60.2955
      [dart] fire_rate=0.426  min_dist_init=14.12m  final=nanm  change=+nanm  min=0.15m
    ep 9/10  steps=7 kill  wr=0.44  avg_r=118.1504
      [dart] fire_rate=0.507  min_dist_init=37.19m  final=nanm  change=+nanm  min=0.28m
    ep 10/10  steps=6 kill  wr=0.50  avg_r=-43.6975
      [dart] fire_rate=0.458  min_dist_init=69.47m  final=nanm  change=+nanm  min=0.42m
    ── ep 10/10  wr=0.50  avg_r=-43.6975
[League] Iteration 3 complete in 15178.5s
[League] alpha=0.250 (schedule=linear) beta_kl=0.088
[League] kill_radius hold at 24.500m (kill_rate=0.38 < 0.7)

============================================================
PSRO Iteration 4/24
============================================================
[League] Iteration 4: Evaluating payoff matrix...
  [payoff] p0036 vs p0034 (1/32)...     step 100: alive=8 red_wins=0/0 wr_sofar=0.00
    step 200: alive=8 red_wins=0/0 wr_sofar=0.00
    step 300: alive=8 red_wins=0/0 wr_sofar=0.00
    step 400: alive=8 red_wins=0/0 wr_sofar=0.00
    [p0036 vs p0034] final-step illumination_progress: team0=0.0000 team1=0.0000 (max t0=0.0000 t1=0.0000)
win_rate=0.50 (512.2s)
  [payoff] p0036 vs p0035 (2/32)...     step 100: alive=8 red_wins=0/0 wr_sofar=0.00
    step 200: alive=8 red_wins=0/0 wr_sofar=0.00
    step 300: alive=8 red_wins=0/0 wr_sofar=0.00
    step 400: alive=8 red_wins=0/0 wr_sofar=0.00
    [p0036 vs p0035] final-step illumination_progress: team0=0.0000 team1=0.0000 (max t0=0.0000 t1=0.0000)
win_rate=0.50 (514.2s)
  [payoff] p0036 vs p0037 (3/32)...     step 100: alive=8 red_wins=0/0 wr_sofar=0.00
    step 200: alive=8 red_wins=0/0 wr_sofar=0.00
    step 300: alive=8 red_wins=0/0 wr_sofar=0.00
    step 400: alive=8 red_wins=0/0 wr_sofar=0.00
    [p0036 vs p0037] final-step illumination_progress: team0=0.0000 team1=0.0417 (max t0=0.0000 t1=0.2500)
win_rate=0.38 (513.7s)
  [payoff] p0036 vs p0038 (4/32)...     step 100: alive=8 red_wins=0/0 wr_sofar=0.00
    step 200: alive=8 red_wins=0/0 wr_sofar=0.00
    step 300: alive=8 red_wins=0/0 wr_sofar=0.00
    step 400: alive=8 red_wins=0/0 wr_sofar=0.00
    [p0036 vs p0038] final-step illumination_progress: team0=0.0000 team1=0.0000 (max t0=0.0000 t1=0.0000)
win_rate=0.50 (515.4s)
  [payoff] p0036 vs p0039 (5/32)...     step 100: alive=8 red_wins=0/0 wr_sofar=0.00
    step 200: alive=8 red_wins=0/0 wr_sofar=0.00
    step 300: alive=8 red_wins=0/0 wr_sofar=0.00
    step 400: alive=8 red_wins=0/0 wr_sofar=0.00
    [p0036 vs p0039] final-step illumination_progress: team0=0.0000 team1=0.0000 (max t0=0.0000 t1=0.0000)
win_rate=0.50 (515.6s)
  [payoff] p0036 vs p0043 (6/32)...     step 100: alive=8 red_wins=0/0 wr_sofar=0.00
    step 200: alive=8 red_wins=0/0 wr_sofar=0.00
    step 300: alive=8 red_wins=0/0 wr_sofar=0.00
    step 400: alive=8 red_wins=0/0 wr_sofar=0.00
    [p0036 vs p0043] final-step illumination_progress: team0=0.0000 team1=0.0000 (max t0=0.0000 t1=0.0000)
win_rate=0.50 (513.3s)
  [payoff] p0036 vs p0044 (7/32)...     step 100: alive=8 red_wins=0/0 wr_sofar=0.00
    step 200: alive=8 red_wins=0/0 wr_sofar=0.00
    step 300: alive=8 red_wins=0/0 wr_sofar=0.00
    step 400: alive=8 red_wins=0/0 wr_sofar=0.00
    [p0036 vs p0044] final-step illumination_progress: team0=0.0000 team1=0.0208 (max t0=0.0000 t1=0.2500)
win_rate=0.50 (512.3s)
  [payoff] p0036 vs p0045 (8/32)...     step 100: alive=8 red_wins=0/0 wr_sofar=0.00
    step 200: alive=8 red_wins=0/0 wr_sofar=0.00
    step 300: alive=8 red_wins=0/0 wr_sofar=0.00
    step 400: alive=8 red_wins=0/0 wr_sofar=0.00
    [p0036 vs p0045] final-step illumination_progress: team0=0.0000 team1=0.0000 (max t0=0.0000 t1=0.0000)
win_rate=0.50 (514.1s)
  [payoff] p0040 vs p0034 (9/32)...     step 100: alive=8 red_wins=0/0 wr_sofar=0.00
    step 200: alive=8 red_wins=0/0 wr_sofar=0.00
    step 300: alive=8 red_wins=0/0 wr_sofar=0.00
    step 400: alive=8 red_wins=0/0 wr_sofar=0.00
    [p0040 vs p0034] final-step illumination_progress: team0=0.0000 team1=0.0000 (max t0=0.0000 t1=0.0000)
win_rate=0.50 (514.3s)
  [payoff] p0040 vs p0035 (10/32)...     step 100: alive=8 red_wins=0/0 wr_sofar=0.00
    step 200: alive=8 red_wins=0/0 wr_sofar=0.00
    step 300: alive=8 red_wins=0/0 wr_sofar=0.00
    step 400: alive=8 red_wins=0/0 wr_sofar=0.00
    [p0040 vs p0035] final-step illumination_progress: team0=0.0000 team1=0.0000 (max t0=0.0000 t1=0.0000)
win_rate=0.50 (513.5s)
  [payoff] p0040 vs p0037 (11/32)...     step 100: alive=8 red_wins=0/0 wr_sofar=0.00
    step 200: alive=8 red_wins=0/0 wr_sofar=0.00
    step 300: alive=8 red_wins=0/0 wr_sofar=0.00
    step 400: alive=8 red_wins=0/0 wr_sofar=0.00
    [p0040 vs p0037] final-step illumination_progress: team0=0.0000 team1=0.0000 (max t0=0.0000 t1=0.0000)
win_rate=0.50 (119.6s)
  [payoff] p0040 vs p0038 (12/32)...     step 100: alive=8 red_wins=0/0 wr_sofar=0.00
    step 200: alive=8 red_wins=0/0 wr_sofar=0.00
    step 300: alive=8 red_wins=0/0 wr_sofar=0.00
    step 400: alive=8 red_wins=0/0 wr_sofar=0.00
    [p0040 vs p0038] final-step illumination_progress: team0=0.0000 team1=0.0000 (max t0=0.0000 t1=0.0000)
win_rate=0.50 (511.9s)
  [payoff] p0040 vs p0039 (13/32)...     step 100: alive=8 red_wins=0/0 wr_sofar=0.00
    step 200: alive=8 red_wins=0/0 wr_sofar=0.00
    step 300: alive=8 red_wins=0/0 wr_sofar=0.00
    step 400: alive=8 red_wins=0/0 wr_sofar=0.00
    [p0040 vs p0039] final-step illumination_progress: team0=0.0000 team1=0.0000 (max t0=0.0000 t1=0.0000)
win_rate=0.50 (510.6s)
  [payoff] p0040 vs p0043 (14/32)...     step 100: alive=6 red_wins=0/2 wr_sofar=0.00
    step 200: alive=6 red_wins=0/2 wr_sofar=0.00
    step 300: alive=6 red_wins=0/2 wr_sofar=0.00
    step 400: alive=6 red_wins=0/2 wr_sofar=0.00
    [p0040 vs p0043] final-step illumination_progress: team0=0.0000 team1=0.0083 (max t0=0.0000 t1=0.0500)
win_rate=0.38 (117.5s)
  [payoff] p0040 vs p0044 (15/32)...     step 100: alive=8 red_wins=0/0 wr_sofar=0.00
    step 200: alive=8 red_wins=0/0 wr_sofar=0.00
    step 300: alive=8 red_wins=0/0 wr_sofar=0.00
    step 400: alive=8 red_wins=0/0 wr_sofar=0.00
    [p0040 vs p0044] final-step illumination_progress: team0=0.0000 team1=0.0000 (max t0=0.0000 t1=0.0000)
win_rate=0.50 (510.2s)
  [payoff] p0040 vs p0045 (16/32)...     step 100: alive=8 red_wins=0/0 wr_sofar=0.00
    step 200: alive=8 red_wins=0/0 wr_sofar=0.00
    step 300: alive=8 red_wins=0/0 wr_sofar=0.00
    step 400: alive=8 red_wins=0/0 wr_sofar=0.00
    [p0040 vs p0045] final-step illumination_progress: team0=0.0000 team1=0.0000 (max t0=0.0000 t1=0.0000)
win_rate=0.50 (512.8s)
  [payoff] p0041 vs p0034 (17/32)...     step 100: alive=8 red_wins=0/0 wr_sofar=0.00
    step 200: alive=8 red_wins=0/0 wr_sofar=0.00
    step 300: alive=8 red_wins=0/0 wr_sofar=0.00
    step 400: alive=8 red_wins=0/0 wr_sofar=0.00
    [p0041 vs p0034] final-step illumination_progress: team0=0.0000 team1=0.0208 (max t0=0.0000 t1=0.2500)
win_rate=0.44 (514.3s)
  [payoff] p0041 vs p0035 (18/32)...     step 100: alive=8 red_wins=0/0 wr_sofar=0.00
    step 200: alive=8 red_wins=0/0 wr_sofar=0.00
    step 300: alive=8 red_wins=0/0 wr_sofar=0.00
    step 400: alive=8 red_wins=0/0 wr_sofar=0.00
    [p0041 vs p0035] final-step illumination_progress: team0=0.0000 team1=0.0000 (max t0=0.0000 t1=0.0000)
win_rate=0.50 (514.0s)
  [payoff] p0041 vs p0037 (19/32)...     step 100: alive=6 red_wins=0/2 wr_sofar=0.00
    step 200: alive=6 red_wins=0/2 wr_sofar=0.00
    step 300: alive=6 red_wins=0/2 wr_sofar=0.00
    step 400: alive=6 red_wins=0/2 wr_sofar=0.00
    [p0041 vs p0037] final-step illumination_progress: team0=0.0000 team1=0.0083 (max t0=0.0000 t1=0.0500)
win_rate=0.31 (119.5s)
  [payoff] p0041 vs p0038 (20/32)...     step 100: alive=8 red_wins=0/0 wr_sofar=0.00
    step 200: alive=8 red_wins=0/0 wr_sofar=0.00
    step 300: alive=8 red_wins=0/0 wr_sofar=0.00
    step 400: alive=8 red_wins=0/0 wr_sofar=0.00
    [p0041 vs p0038] final-step illumination_progress: team0=0.0000 team1=0.0000 (max t0=0.0000 t1=0.0000)
win_rate=0.50 (513.7s)
  [payoff] p0041 vs p0039 (21/32)...     step 100: alive=8 red_wins=0/0 wr_sofar=0.00
    step 200: alive=8 red_wins=0/0 wr_sofar=0.00
    step 300: alive=8 red_wins=0/0 wr_sofar=0.00
    step 400: alive=8 red_wins=0/0 wr_sofar=0.00
    [p0041 vs p0039] final-step illumination_progress: team0=0.0000 team1=0.0000 (max t0=0.0000 t1=0.0000)
win_rate=0.50 (511.3s)
  [payoff] p0041 vs p0043 (22/32)...     step 100: alive=7 red_wins=0/1 wr_sofar=0.00
    step 200: alive=7 red_wins=0/1 wr_sofar=0.00
    step 300: alive=7 red_wins=0/1 wr_sofar=0.00
    step 400: alive=7 red_wins=0/1 wr_sofar=0.00
    [p0041 vs p0043] final-step illumination_progress: team0=0.0000 team1=0.0000 (max t0=0.0000 t1=0.0000)
win_rate=0.44 (148.8s)
  [payoff] p0041 vs p0044 (23/32)...     step 100: alive=8 red_wins=0/0 wr_sofar=0.00
    step 200: alive=8 red_wins=0/0 wr_sofar=0.00
    step 300: alive=8 red_wins=0/0 wr_sofar=0.00
    step 400: alive=8 red_wins=0/0 wr_sofar=0.00
    [p0041 vs p0044] final-step illumination_progress: team0=0.0000 team1=0.0208 (max t0=0.0000 t1=0.2500)
win_rate=0.50 (514.8s)
  [payoff] p0041 vs p0045 (24/32)...     step 100: alive=8 red_wins=0/0 wr_sofar=0.00
    step 200: alive=8 red_wins=0/0 wr_sofar=0.00
    step 300: alive=8 red_wins=0/0 wr_sofar=0.00
    step 400: alive=8 red_wins=0/0 wr_sofar=0.00
    [p0041 vs p0045] final-step illumination_progress: team0=0.0000 team1=0.0000 (max t0=0.0000 t1=0.0000)
win_rate=0.50 (509.4s)
  [payoff] p0042 vs p0034 (25/32)...     step 100: alive=8 red_wins=0/0 wr_sofar=0.00
    step 200: alive=8 red_wins=0/0 wr_sofar=0.00
    step 300: alive=8 red_wins=0/0 wr_sofar=0.00
    step 400: alive=8 red_wins=0/0 wr_sofar=0.00
    [p0042 vs p0034] final-step illumination_progress: team0=0.0000 team1=0.0000 (max t0=0.0000 t1=0.0000)
win_rate=0.50 (512.8s)
  [payoff] p0042 vs p0035 (26/32)...     step 100: alive=8 red_wins=0/0 wr_sofar=0.00
    step 200: alive=8 red_wins=0/0 wr_sofar=0.00
    step 300: alive=8 red_wins=0/0 wr_sofar=0.00
    step 400: alive=8 red_wins=0/0 wr_sofar=0.00
    [p0042 vs p0035] final-step illumination_progress: team0=0.0000 team1=0.0000 (max t0=0.0000 t1=0.0000)
win_rate=0.50 (515.8s)
  [payoff] p0042 vs p0037 (27/32)...     step 100: alive=8 red_wins=0/0 wr_sofar=0.00
    step 200: alive=8 red_wins=0/0 wr_sofar=0.00
    step 300: alive=8 red_wins=0/0 wr_sofar=0.00
    step 400: alive=8 red_wins=0/0 wr_sofar=0.00
    [p0042 vs p0037] final-step illumination_progress: team0=0.0000 team1=0.0208 (max t0=0.0000 t1=0.2500)
win_rate=0.44 (512.6s)
  [payoff] p0042 vs p0038 (28/32)...     step 100: alive=8 red_wins=0/0 wr_sofar=0.00
    step 200: alive=8 red_wins=0/0 wr_sofar=0.00
    step 300: alive=8 red_wins=0/0 wr_sofar=0.00
    step 400: alive=8 red_wins=0/0 wr_sofar=0.00
    [p0042 vs p0038] final-step illumination_progress: team0=0.0000 team1=0.0000 (max t0=0.0000 t1=0.0000)
win_rate=0.50 (510.9s)
  [payoff] p0042 vs p0039 (29/32)...     step 100: alive=8 red_wins=0/0 wr_sofar=0.00
    step 200: alive=8 red_wins=0/0 wr_sofar=0.00
    step 300: alive=8 red_wins=0/0 wr_sofar=0.00
    step 400: alive=8 red_wins=0/0 wr_sofar=0.00
    [p0042 vs p0039] final-step illumination_progress: team0=0.0000 team1=0.0000 (max t0=0.0000 t1=0.0000)
win_rate=0.50 (513.0s)
  [payoff] p0042 vs p0043 (30/32)...     step 100: alive=8 red_wins=0/0 wr_sofar=0.00
    step 200: alive=8 red_wins=0/0 wr_sofar=0.00
    step 300: alive=8 red_wins=0/0 wr_sofar=0.00
    step 400: alive=8 red_wins=0/0 wr_sofar=0.00
    [p0042 vs p0043] final-step illumination_progress: team0=0.0000 team1=0.0417 (max t0=0.0000 t1=0.2500)
win_rate=0.44 (512.1s)
  [payoff] p0042 vs p0044 (31/32)...     step 100: alive=8 red_wins=0/0 wr_sofar=0.00
    step 200: alive=8 red_wins=0/0 wr_sofar=0.00
    step 300: alive=8 red_wins=0/0 wr_sofar=0.00
    step 400: alive=8 red_wins=0/0 wr_sofar=0.00
    [p0042 vs p0044] final-step illumination_progress: team0=0.0000 team1=0.0000 (max t0=0.0000 t1=0.0000)
win_rate=0.50 (513.4s)
  [payoff] p0042 vs p0045 (32/32)...     step 100: alive=8 red_wins=0/0 wr_sofar=0.00
    step 200: alive=8 red_wins=0/0 wr_sofar=0.00
    step 300: alive=8 red_wins=0/0 wr_sofar=0.00
    step 400: alive=8 red_wins=0/0 wr_sofar=0.00
    [p0042 vs p0045] final-step illumination_progress: team0=0.0000 team1=0.0000 (max t0=0.0000 t1=0.0000)
win_rate=0.50 (513.1s)
  Team 0 sigma=[0.5 0.5 0.  0. ] NashConv=0.0000 H_task=1.386 effK=2.00
  Team 1 sigma=[0.  0.  0.5 0.  0.  0.5 0.  0. ] NashConv=0.0156 H_task=1.386 effK=2.00
  Training main_exploiter (team 1, p0034) against p0036...
    ep 1/10  steps=10 kill  wr=0.00  avg_r=821.8978
      [dart] fire_rate=0.417  min_dist_init=25.58m  final=nanm  change=+nanm  min=0.01m
    ep 2/10  steps=22 kill  wr=0.50  avg_r=414.8168
      [dart] fire_rate=0.407  min_dist_init=2.53m  final=nanm  change=+nanm  min=0.04m
    ep 3/10  steps=10 kill  wr=0.33  avg_r=552.0227
      [dart] fire_rate=0.407  min_dist_init=25.57m  final=nanm  change=+nanm  min=0.12m
    ep 4/10  steps=7 kill  wr=0.50  avg_r=63.1589
      [dart] fire_rate=0.417  min_dist_init=37.30m  final=nanm  change=+nanm  min=0.30m
    ep 5/10  steps=9 kill  wr=0.40  avg_r=200.4429
      [dart] fire_rate=0.484  min_dist_init=28.54m  final=nanm  change=+nanm  min=0.42m
    ── ep 5/10  wr=0.40  avg_r=200.4429
    ep 6/10  steps=6 kill  wr=0.50  avg_r=-91.4641
      [dart] fire_rate=0.500  min_dist_init=94.80m  final=nanm  change=+nanm  min=0.19m
    ep 7/10  steps=13 kill  wr=0.71  avg_r=-490.5542
      [dart] fire_rate=0.413  min_dist_init=37.19m  final=nanm  change=+nanm  min=0.13m
    ep 8/10  steps=7 kill  wr=0.62  avg_r=-362.5486
      [dart] fire_rate=0.333  min_dist_init=37.25m  final=nanm  change=+nanm  min=0.11m
    ep 9/10  steps=11 kill  wr=0.67  avg_r=-436.6108
      [dart] fire_rate=0.471  min_dist_init=23.25m  final=nanm  change=+nanm  min=0.15m
    ep 10/10  steps=6 kill  wr=0.70  avg_r=-544.1110
      [dart] fire_rate=0.450  min_dist_init=48.21m  final=nanm  change=+nanm  min=0.22m
    ── ep 10/10  wr=0.70  avg_r=-544.1110
  Training league_exploiter (team 1, p0035) against p0041...
    ep 1/10  steps=8 kill  wr=1.00  avg_r=-1292.3997
      [dart] fire_rate=0.464  min_dist_init=32.45m  final=nanm  change=+nanm  min=0.11m
    ep 2/10  steps=6 kill  wr=0.50  avg_r=-424.8883
      [dart] fire_rate=0.525  min_dist_init=65.36m  final=nanm  change=+nanm  min=0.01m
    ep 3/10  steps=6 kill  wr=0.33  avg_r=-123.2927
      [dart] fire_rate=0.442  min_dist_init=44.17m  final=nanm  change=+nanm  min=0.30m
    ep 4/10  steps=7 kill  wr=0.50  avg_r=-449.5783
      [dart] fire_rate=0.444  min_dist_init=48.00m  final=nanm  change=+nanm  min=0.24m
    ep 5/10  steps=8 kill  wr=0.40  avg_r=-230.6848
      [dart] fire_rate=0.393  min_dist_init=32.43m  final=nanm  change=+nanm  min=0.25m
    ── ep 5/10  wr=0.40  avg_r=-230.6848
    ep 6/10  steps=6 kill  wr=0.33  avg_r=-106.3546
      [dart] fire_rate=0.442  min_dist_init=60.08m  final=nanm  change=+nanm  min=0.15m
    ep 7/10  steps=6 kill  wr=0.29  avg_r=-19.2131
      [dart] fire_rate=0.467  min_dist_init=44.05m  final=nanm  change=+nanm  min=0.30m
    ep 8/10  steps=6 kill  wr=0.25  avg_r=34.5927
      [dart] fire_rate=0.400  min_dist_init=44.26m  final=nanm  change=+nanm  min=0.30m
    ep 9/10  steps=17 kill  wr=0.33  avg_r=-24.1047
      [dart] fire_rate=0.464  min_dist_init=15.57m  final=nanm  change=+nanm  min=0.06m
    ep 10/10  steps=6 kill  wr=0.40  avg_r=-180.6155
      [dart] fire_rate=0.442  min_dist_init=44.18m  final=nanm  change=+nanm  min=0.30m
    ── ep 10/10  wr=0.40  avg_r=-180.6155
  Training main (team 0, p0036) against self...
    ep 1/10  steps=6 kill  wr=1.00  avg_r=450.2446
      [dart] fire_rate=0.408  min_dist_init=44.13m  final=nanm  change=+nanm  min=0.26m
    ep 2/10  steps=6 kill  wr=1.00  avg_r=-568.9129
      [dart] fire_rate=0.358  min_dist_init=44.19m  final=nanm  change=+nanm  min=0.22m
    ep 3/10  steps=14 kill  wr=1.00  avg_r=-643.9516
      [dart] fire_rate=0.423  min_dist_init=18.73m  final=nanm  change=+nanm  min=0.21m
  Training main (team 0, p0036) against p0046...
    ep 1/10  steps=8 kill  wr=0.00  avg_r=684.3568
      [dart] fire_rate=0.375  min_dist_init=32.05m  final=nanm  change=+nanm  min=0.12m
    ep 2/10  steps=17 kill  wr=1.00  avg_r=-917.4715
      [dart] fire_rate=0.357  min_dist_init=31.72m  final=nanm  change=+nanm  min=0.25m
    ep 3/10  steps=6 kill  wr=1.00  avg_r=-1127.0335
      [dart] fire_rate=0.375  min_dist_init=45.80m  final=nanm  change=+nanm  min=0.18m
  Training main (team 0, p0036) against p0037...
      [PPO] main-t0 ep0 step22 cmd(pl=-0.0007 vl=88.4559 ent=2.3004) rad(pl=-0.0005 vl=18781.0710 ent=323.0160)
    ep 1/10  steps=32 kill  wr=0.00  avg_r=2829.9360
      [dart] fire_rate=0.384  min_dist_init=2.53m  final=nanm  change=+nanm  min=0.06m
    ep 2/10  steps=6 kill  wr=0.00  avg_r=1630.2611
      [dart] fire_rate=0.392  min_dist_init=44.18m  final=nanm  change=+nanm  min=0.16m
    ep 3/10  steps=8 kill  wr=0.00  avg_r=1289.7950
      [dart] fire_rate=0.369  min_dist_init=32.34m  final=nanm  change=+nanm  min=0.37m
  Training main (team 1, p0037) against self...
    ep 1/10  steps=16 kill  wr=1.00  avg_r=-561.3982
      [dart] fire_rate=0.464  min_dist_init=16.26m  final=nanm  change=+nanm  min=0.09m
    ep 2/10  steps=8 kill  wr=1.00  avg_r=48.6995
      [dart] fire_rate=0.494  min_dist_init=33.41m  final=nanm  change=+nanm  min=0.14m
    ep 3/10  steps=7 kill  wr=1.00  avg_r=-448.8842
      [dart] fire_rate=0.500  min_dist_init=39.13m  final=nanm  change=+nanm  min=0.03m
  Training main (team 1, p0037) against p0040...
    ep 1/10  steps=6 kill  wr=1.00  avg_r=-1530.0520
      [dart] fire_rate=0.550  min_dist_init=85.77m  final=nanm  change=+nanm  min=0.37m
    ep 2/10  steps=6 kill  wr=0.50  avg_r=-518.7218
      [dart] fire_rate=0.558  min_dist_init=44.21m  final=nanm  change=+nanm  min=0.35m
    ep 3/10  steps=6 kill  wr=0.33  avg_r=-187.5325
      [dart] fire_rate=0.500  min_dist_init=70.99m  final=nanm  change=+nanm  min=0.18m
  Training main (team 1, p0037) against p0042...
    ep 1/10  steps=8 kill  wr=0.00  avg_r=633.3730
      [dart] fire_rate=0.429  min_dist_init=32.55m  final=nanm  change=+nanm  min=0.08m
    ep 2/10  steps=7 kill  wr=1.00  avg_r=-1368.6821
      [dart] fire_rate=0.535  min_dist_init=72.00m  final=nanm  change=+nanm  min=0.17m
    ep 3/10  steps=6 kill  wr=0.67  avg_r=-754.6886
      [dart] fire_rate=0.425  min_dist_init=86.08m  final=nanm  change=+nanm  min=0.51m
  Training main_exploiter (team 1, p0038) against p0048...
    ep 1/10  steps=8 kill  wr=0.00  avg_r=676.3711
      [dart] fire_rate=0.530  min_dist_init=72.57m  final=nanm  change=+nanm  min=0.07m
    ep 2/10  steps=6 kill  wr=0.00  avg_r=572.2276
      [dart] fire_rate=0.458  min_dist_init=44.25m  final=nanm  change=+nanm  min=0.13m
    ep 3/10  steps=9 kill  wr=0.00  avg_r=634.3813
      [dart] fire_rate=0.417  min_dist_init=28.57m  final=nanm  change=+nanm  min=0.27m
    ep 4/10  steps=16 kill  wr=0.00  avg_r=813.5620
      [dart] fire_rate=0.406  min_dist_init=20.01m  final=nanm  change=+nanm  min=0.25m
    ep 5/10  steps=6 kill  wr=0.00  avg_r=747.2299
      [dart] fire_rate=0.408  min_dist_init=46.10m  final=nanm  change=+nanm  min=0.15m
    ── ep 5/10  wr=0.00  avg_r=747.2299
    ep 6/10  steps=6 kill  wr=0.17  avg_r=367.5900
      [dart] fire_rate=0.442  min_dist_init=44.29m  final=nanm  change=+nanm  min=0.19m
    ep 7/10  steps=9 kill  wr=0.14  avg_r=428.0320
      [dart] fire_rate=0.432  min_dist_init=28.53m  final=nanm  change=+nanm  min=0.26m
    ep 8/10  steps=8 kill  wr=0.25  avg_r=212.5443
      [dart] fire_rate=0.476  min_dist_init=40.58m  final=nanm  change=+nanm  min=0.19m
    ep 9/10  steps=9 kill  wr=0.22  avg_r=272.8912
      [dart] fire_rate=0.464  min_dist_init=28.67m  final=nanm  change=+nanm  min=0.38m
    ep 10/10  steps=11 kill  wr=0.20  avg_r=342.9606
      [dart] fire_rate=0.467  min_dist_init=23.51m  final=nanm  change=+nanm  min=0.18m
    ── ep 10/10  wr=0.20  avg_r=342.9606
  Resetting p0039 to anchor p0049 (role=main, gen=5)
  Training league_exploiter (team 1, p0039) against p0041...
    ep 1/10  steps=9 kill  wr=0.00  avg_r=756.2756
      [dart] fire_rate=0.427  min_dist_init=28.70m  final=nanm  change=+nanm  min=0.10m
    ep 2/10  steps=7 kill  wr=0.50  avg_r=-334.8455
      [dart] fire_rate=0.444  min_dist_init=37.23m  final=nanm  change=+nanm  min=0.37m
    ep 3/10  steps=9 kill  wr=0.33  avg_r=37.1982
      [dart] fire_rate=0.432  min_dist_init=28.50m  final=nanm  change=+nanm  min=0.36m
    ep 4/10  steps=6 kill  wr=0.25  avg_r=138.3592
      [dart] fire_rate=0.483  min_dist_init=51.88m  final=nanm  change=+nanm  min=0.41m
    ep 5/10  steps=9 kill  wr=0.40  avg_r=-142.1938
      [dart] fire_rate=0.380  min_dist_init=28.78m  final=nanm  change=+nanm  min=0.03m
    ── ep 5/10  wr=0.40  avg_r=-142.1938
    ep 6/10  steps=10 kill  wr=0.50  avg_r=-313.2529
      [dart] fire_rate=0.431  min_dist_init=25.70m  final=nanm  change=+nanm  min=0.48m
    ep 7/10  steps=7 kill  wr=0.43  avg_r=-189.5069
      [dart] fire_rate=0.444  min_dist_init=37.31m  final=nanm  change=+nanm  min=0.08m
    ep 8/10  steps=8 kill  wr=0.50  avg_r=-328.7635
      [dart] fire_rate=0.440  min_dist_init=32.37m  final=nanm  change=+nanm  min=0.25m
    ep 9/10  steps=12 kill  wr=0.44  avg_r=-176.6621
      [dart] fire_rate=0.405  min_dist_init=40.39m  final=nanm  change=+nanm  min=0.11m
    ep 10/10  steps=8 kill  wr=0.40  avg_r=-95.7297
      [dart] fire_rate=0.405  min_dist_init=32.30m  final=nanm  change=+nanm  min=0.06m
    ── ep 10/10  wr=0.40  avg_r=-95.7297
  Training main (team 0, p0040) against self...
    ep 1/10  steps=12 kill  wr=1.00  avg_r=1051.0208
      [dart] fire_rate=0.394  min_dist_init=29.50m  final=nanm  change=+nanm  min=0.01m
    ep 2/10  steps=6 kill  wr=1.00  avg_r=754.7632
      [dart] fire_rate=0.417  min_dist_init=44.05m  final=nanm  change=+nanm  min=0.06m
    ep 3/10  steps=6 kill  wr=1.00  avg_r=667.4157
      [dart] fire_rate=0.442  min_dist_init=44.13m  final=nanm  change=+nanm  min=0.29m
  Training main (team 0, p0040) against p0043...
    ep 1/10  steps=9 kill  wr=0.00  avg_r=738.2357
      [dart] fire_rate=0.438  min_dist_init=28.59m  final=nanm  change=+nanm  min=0.47m
    ep 2/10  steps=19 kill  wr=0.00  avg_r=1171.7996
      [dart] fire_rate=0.419  min_dist_init=14.14m  final=nanm  change=+nanm  min=0.11m
    ep 3/10  steps=6 kill  wr=0.00  avg_r=941.4427
      [dart] fire_rate=0.425  min_dist_init=44.12m  final=nanm  change=+nanm  min=0.21m
  Training main (team 0, p0040) against p0046...
    ep 1/10  steps=7 kill  wr=0.00  avg_r=563.3685
      [dart] fire_rate=0.375  min_dist_init=37.21m  final=nanm  change=+nanm  min=0.26m
    ep 2/10  steps=6 kill  wr=0.00  avg_r=514.0622
      [dart] fire_rate=0.425  min_dist_init=44.16m  final=nanm  change=+nanm  min=0.20m
    ep 3/10  steps=8 kill  wr=0.33  avg_r=-104.0978
      [dart] fire_rate=0.357  min_dist_init=32.30m  final=nanm  change=+nanm  min=0.15m
  Training main_exploiter (team 0, p0041) against p0049...
    ep 1/10  steps=6 kill  wr=0.00  avg_r=438.0172
      [dart] fire_rate=0.375  min_dist_init=44.21m  final=nanm  change=+nanm  min=0.13m
    ep 2/10  steps=13 kill  wr=0.50  avg_r=-217.7847
      [dart] fire_rate=0.406  min_dist_init=26.39m  final=nanm  change=+nanm  min=0.39m
    ep 3/10  steps=19 kill  wr=0.33  avg_r=406.1584
      [dart] fire_rate=0.394  min_dist_init=19.16m  final=nanm  change=+nanm  min=0.07m
    ep 4/10  steps=10 kill  wr=0.25  avg_r=511.9785
      [dart] fire_rate=0.398  min_dist_init=30.94m  final=nanm  change=+nanm  min=0.37m
    ep 5/10  steps=24 kill  wr=0.20  avg_r=824.4139
      [dart] fire_rate=0.379  min_dist_init=2.63m  final=nanm  change=+nanm  min=0.06m
    ── ep 5/10  wr=0.20  avg_r=824.4139
    ep 6/10  steps=8 kill  wr=0.17  avg_r=797.0510
      [dart] fire_rate=0.387  min_dist_init=32.26m  final=nanm  change=+nanm  min=0.24m
    ep 7/10  steps=13 kill  wr=0.29  avg_r=562.1526
      [dart] fire_rate=0.403  min_dist_init=19.87m  final=nanm  change=+nanm  min=0.02m
    ep 8/10  steps=9 kill  wr=0.25  avg_r=587.1955
      [dart] fire_rate=0.344  min_dist_init=28.69m  final=nanm  change=+nanm  min=0.24m
    ep 9/10  steps=6 kill  wr=0.22  avg_r=569.7301
      [dart] fire_rate=0.425  min_dist_init=44.30m  final=nanm  change=+nanm  min=0.08m
    ep 10/10  steps=8 kill  wr=0.20  avg_r=576.8333
      [dart] fire_rate=0.423  min_dist_init=37.34m  final=nanm  change=+nanm  min=0.23m
    ── ep 10/10  wr=0.20  avg_r=576.8333
  Training league_exploiter (team 0, p0042) against p0047...
    ep 1/10  steps=6 kill  wr=1.00  avg_r=-1511.1149
      [dart] fire_rate=0.425  min_dist_init=44.27m  final=nanm  change=+nanm  min=0.27m
    ep 2/10  steps=28 kill  wr=1.00  avg_r=-496.4089
      [dart] fire_rate=0.394  min_dist_init=2.54m  final=nanm  change=+nanm  min=0.08m
    ep 3/10  steps=6 kill  wr=1.00  avg_r=-834.6121
      [dart] fire_rate=0.333  min_dist_init=55.61m  final=nanm  change=+nanm  min=0.23m
    ep 4/10  steps=9 kill  wr=1.00  avg_r=-943.0412
      [dart] fire_rate=0.333  min_dist_init=28.50m  final=nanm  change=+nanm  min=0.15m
    ep 5/10  steps=14 kill  wr=1.00  avg_r=-924.3221
      [dart] fire_rate=0.333  min_dist_init=18.65m  final=nanm  change=+nanm  min=0.33m
    ── ep 5/10  wr=1.00  avg_r=-924.3221
    ep 6/10  steps=17 kill  wr=1.00  avg_r=-854.5713
      [dart] fire_rate=0.385  min_dist_init=21.58m  final=nanm  change=+nanm  min=0.22m
    ep 7/10  steps=6 kill  wr=0.86  avg_r=-669.3948
      [dart] fire_rate=0.375  min_dist_init=44.22m  final=nanm  change=+nanm  min=0.22m
    ep 8/10  steps=7 kill  wr=0.75  avg_r=-517.9898
      [dart] fire_rate=0.333  min_dist_init=47.85m  final=nanm  change=+nanm  min=0.10m
    ep 9/10  steps=16 kill  wr=0.67  avg_r=-310.3939
      [dart] fire_rate=0.331  min_dist_init=16.37m  final=nanm  change=+nanm  min=0.12m
    ep 10/10  steps=14 kill  wr=0.60  avg_r=-165.8148
      [dart] fire_rate=0.362  min_dist_init=18.58m  final=nanm  change=+nanm  min=0.25m
    ── ep 10/10  wr=0.60  avg_r=-165.8148
  Training main (team 1, p0043) against self...
    ep 1/10  steps=6 kill  wr=3.00  avg_r=-1516.8681
      [dart] fire_rate=0.558  min_dist_init=127.42m  final=nanm  change=+nanm  min=0.63m
    ep 2/10  steps=6 kill  wr=2.50  avg_r=-2507.7831
      [dart] fire_rate=0.483  min_dist_init=121.91m  final=nanm  change=+nanm  min=0.35m
    ep 3/10  steps=6 kill  wr=2.33  avg_r=-2189.5300
      [dart] fire_rate=0.442  min_dist_init=85.70m  final=nanm  change=+nanm  min=0.21m
  Training main (team 1, p0043) against p0048...
    ep 1/10  steps=11 kill  wr=1.00  avg_r=-1055.8578
      [dart] fire_rate=0.467  min_dist_init=44.03m  final=nanm  change=+nanm  min=0.17m
    ep 2/10  steps=6 kill  wr=1.00  avg_r=-1307.2265
      [dart] fire_rate=0.433  min_dist_init=59.83m  final=nanm  change=+nanm  min=0.33m
    ep 3/10  steps=11 kill  wr=1.00  avg_r=-1225.4631
      [dart] fire_rate=0.438  min_dist_init=23.37m  final=nanm  change=+nanm  min=0.04m
  Training main (team 1, p0043) against p0054...
    ep 1/10  steps=6 kill  wr=0.00  avg_r=485.5331
      [dart] fire_rate=0.458  min_dist_init=44.08m  final=nanm  change=+nanm  min=0.15m
    ep 2/10  steps=8 kill  wr=0.50  avg_r=-422.2661
      [dart] fire_rate=0.393  min_dist_init=52.29m  final=nanm  change=+nanm  min=0.15m
    ep 3/10  steps=8 kill  wr=0.33  avg_r=-78.3867
      [dart] fire_rate=0.345  min_dist_init=38.59m  final=nanm  change=+nanm  min=0.26m
  Training main_exploiter (team 1, p0044) against p0048...
    ep 1/10  steps=14 kill  wr=1.00  avg_r=-792.0198
      [dart] fire_rate=0.462  min_dist_init=18.53m  final=nanm  change=+nanm  min=0.14m
    ep 2/10  steps=8 kill  wr=0.50  avg_r=-78.3212
      [dart] fire_rate=0.470  min_dist_init=32.06m  final=nanm  change=+nanm  min=0.28m
    ep 3/10  steps=6 kill  wr=0.33  avg_r=107.1212
      [dart] fire_rate=0.425  min_dist_init=44.41m  final=nanm  change=+nanm  min=0.23m
    ep 4/10  steps=6 kill  wr=0.25  avg_r=192.9979
      [dart] fire_rate=0.567  min_dist_init=44.19m  final=nanm  change=+nanm  min=0.10m
    ep 5/10  steps=9 kill  wr=0.40  avg_r=-88.6469
      [dart] fire_rate=0.495  min_dist_init=28.68m  final=nanm  change=+nanm  min=0.12m
    ── ep 5/10  wr=0.40  avg_r=-88.6469
    ep 6/10  steps=8 kill  wr=0.50  avg_r=-291.8622
      [dart] fire_rate=0.476  min_dist_init=32.25m  final=nanm  change=+nanm  min=0.22m
    ep 7/10  steps=6 kill  wr=0.57  avg_r=-469.8948
      [dart] fire_rate=0.508  min_dist_init=101.17m  final=nanm  change=+nanm  min=0.29m
    ep 8/10  steps=10 kill  wr=0.62  avg_r=-555.1659
      [dart] fire_rate=0.407  min_dist_init=28.95m  final=nanm  change=+nanm  min=0.16m
    ep 9/10  steps=6 kill  wr=0.56  avg_r=-436.0509
      [dart] fire_rate=0.450  min_dist_init=44.15m  final=nanm  change=+nanm  min=0.18m
    ep 10/10  steps=14 kill  wr=0.60  avg_r=-466.8597
      [dart] fire_rate=0.455  min_dist_init=18.54m  final=nanm  change=+nanm  min=0.12m
    ── ep 10/10  wr=0.60  avg_r=-466.8597
  Training league_exploiter (team 1, p0045) against p0054...
    ep 1/10  steps=6 kill  wr=0.00  avg_r=473.0941
      [dart] fire_rate=0.458  min_dist_init=85.95m  final=nanm  change=+nanm  min=0.40m
    ep 2/10  steps=11 kill  wr=0.00  avg_r=699.6429
      [dart] fire_rate=0.333  min_dist_init=23.46m  final=nanm  change=+nanm  min=0.18m
    ep 3/10  steps=14 kill  wr=0.00  avg_r=886.9021
      [dart] fire_rate=0.407  min_dist_init=23.50m  final=nanm  change=+nanm  min=0.07m
    ep 4/10  steps=6 kill  wr=0.00  avg_r=788.9567
      [dart] fire_rate=0.367  min_dist_init=44.25m  final=nanm  change=+nanm  min=0.65m
    ep 5/10  steps=6 kill  wr=0.00  avg_r=718.0356
      [dart] fire_rate=0.442  min_dist_init=43.97m  final=nanm  change=+nanm  min=0.13m
    ── ep 5/10  wr=0.00  avg_r=718.0356
    ep 6/10  steps=6 kill  wr=0.17  avg_r=342.6331
      [dart] fire_rate=0.383  min_dist_init=44.14m  final=nanm  change=+nanm  min=0.40m
    ep 7/10  steps=11 kill  wr=0.29  avg_r=140.2956
      [dart] fire_rate=0.413  min_dist_init=23.42m  final=nanm  change=+nanm  min=0.16m
    ep 8/10  steps=6 kill  wr=0.38  avg_r=-67.5374
      [dart] fire_rate=0.442  min_dist_init=44.34m  final=nanm  change=+nanm  min=0.49m
    ep 9/10  steps=12 kill  wr=0.33  avg_r=49.3688
      [dart] fire_rate=0.432  min_dist_init=21.40m  final=nanm  change=+nanm  min=0.17m
    ep 10/10  steps=10 kill  wr=0.30  avg_r=125.5699
      [dart] fire_rate=0.394  min_dist_init=62.61m  final=nanm  change=+nanm  min=0.19m
    ── ep 10/10  wr=0.30  avg_r=125.5699
[League] Iteration 4 complete in 15942.9s
[League] alpha=0.333 (schedule=linear) beta_kl=0.083
[League] kill_radius hold at 24.500m (kill_rate=0.25 < 0.7)

============================================================
PSRO Iteration 5/24
============================================================
[League] Iteration 5: Evaluating payoff matrix...
  [payoff] p0048 vs p0046 (1/32)...     step 100: alive=6 red_wins=0/2 wr_sofar=0.00
    step 200: alive=6 red_wins=0/2 wr_sofar=0.00
    step 300: alive=6 red_wins=0/2 wr_sofar=0.00
    step 400: alive=6 red_wins=0/2 wr_sofar=0.00
    [p0048 vs p0046] final-step illumination_progress: team0=0.0000 team1=0.0042 (max t0=0.0000 t1=0.0500)
win_rate=0.31 (117.8s)
  [payoff] p0048 vs p0047 (2/32)...     step 100: alive=8 red_wins=0/0 wr_sofar=0.00
    step 200: alive=8 red_wins=0/0 wr_sofar=0.00
    step 300: alive=8 red_wins=0/0 wr_sofar=0.00
    step 400: alive=8 red_wins=0/0 wr_sofar=0.00
    [p0048 vs p0047] final-step illumination_progress: team0=0.0000 team1=0.0000 (max t0=0.0000 t1=0.0000)
win_rate=0.50 (514.8s)
  [payoff] p0048 vs p0049 (3/32)...     step 100: alive=8 red_wins=0/0 wr_sofar=0.00
    step 200: alive=8 red_wins=0/0 wr_sofar=0.00
    step 300: alive=8 red_wins=0/0 wr_sofar=0.00
    step 400: alive=8 red_wins=0/0 wr_sofar=0.00
    [p0048 vs p0049] final-step illumination_progress: team0=0.0000 team1=0.0000 (max t0=0.0000 t1=0.0000)
win_rate=0.50 (512.0s)
  [payoff] p0048 vs p0050 (4/32)...     step 100: alive=5 red_wins=0/3 wr_sofar=0.00
    step 200: alive=5 red_wins=0/3 wr_sofar=0.00
    step 300: alive=5 red_wins=0/3 wr_sofar=0.00
    step 400: alive=5 red_wins=0/3 wr_sofar=0.00
    [p0048 vs p0050] final-step illumination_progress: team0=0.0000 team1=0.0000 (max t0=0.0000 t1=0.0000)
win_rate=0.31 (117.8s)
  [payoff] p0048 vs p0051 (5/32)...     step 100: alive=8 red_wins=0/0 wr_sofar=0.00
    step 200: alive=8 red_wins=0/0 wr_sofar=0.00
    step 300: alive=8 red_wins=0/0 wr_sofar=0.00
    step 400: alive=8 red_wins=0/0 wr_sofar=0.00
    [p0048 vs p0051] final-step illumination_progress: team0=0.0000 team1=0.0000 (max t0=0.0000 t1=0.0000)
win_rate=0.50 (511.1s)
  [payoff] p0048 vs p0055 (6/32)...     step 100: alive=8 red_wins=0/0 wr_sofar=0.00
    step 200: alive=8 red_wins=0/0 wr_sofar=0.00
    step 300: alive=8 red_wins=0/0 wr_sofar=0.00
    step 400: alive=8 red_wins=0/0 wr_sofar=0.00
    [p0048 vs p0055] final-step illumination_progress: team0=0.0000 team1=0.0000 (max t0=0.0000 t1=0.0000)
win_rate=0.50 (516.3s)
  [payoff] p0048 vs p0056 (7/32)...     step 100: alive=6 red_wins=0/2 wr_sofar=0.00
    step 200: alive=6 red_wins=0/2 wr_sofar=0.00
    step 300: alive=6 red_wins=0/2 wr_sofar=0.00
    step 400: alive=6 red_wins=0/2 wr_sofar=0.00
    [p0048 vs p0056] final-step illumination_progress: team0=0.0000 team1=0.0042 (max t0=0.0000 t1=0.0500)
win_rate=0.31 (117.4s)
  [payoff] p0048 vs p0057 (8/32)...     step 100: alive=8 red_wins=0/0 wr_sofar=0.00
    step 200: alive=8 red_wins=0/0 wr_sofar=0.00
    step 300: alive=8 red_wins=0/0 wr_sofar=0.00
    step 400: alive=8 red_wins=0/0 wr_sofar=0.00
    [p0048 vs p0057] final-step illumination_progress: team0=0.0000 team1=0.0000 (max t0=0.0000 t1=0.0000)
win_rate=0.50 (513.7s)
  [payoff] p0052 vs p0046 (9/32)...     step 100: alive=7 red_wins=0/1 wr_sofar=0.00
    step 200: alive=5 red_wins=0/3 wr_sofar=0.00
    step 300: alive=5 red_wins=0/3 wr_sofar=0.00
    step 400: alive=5 red_wins=0/3 wr_sofar=0.00
    [p0052 vs p0046] final-step illumination_progress: team0=0.0000 team1=0.0000 (max t0=0.0000 t1=0.0000)
win_rate=0.31 (121.8s)
  [payoff] p0052 vs p0047 (10/32)...     step 100: alive=8 red_wins=0/0 wr_sofar=0.00
    step 200: alive=8 red_wins=0/0 wr_sofar=0.00
    step 300: alive=8 red_wins=0/0 wr_sofar=0.00
    step 400: alive=8 red_wins=0/0 wr_sofar=0.00
    [p0052 vs p0047] final-step illumination_progress: team0=0.0000 team1=0.0000 (max t0=0.0000 t1=0.0000)
win_rate=0.50 (514.7s)
  [payoff] p0052 vs p0049 (11/32)...     step 100: alive=8 red_wins=0/0 wr_sofar=0.00
    step 200: alive=8 red_wins=0/0 wr_sofar=0.00
    step 300: alive=8 red_wins=0/0 wr_sofar=0.00
    step 400: alive=8 red_wins=0/0 wr_sofar=0.00
    [p0052 vs p0049] final-step illumination_progress: team0=0.0000 team1=0.0000 (max t0=0.0000 t1=0.0000)
win_rate=0.50 (514.9s)
  [payoff] p0052 vs p0050 (12/32)...     step 100: alive=5 red_wins=0/3 wr_sofar=0.00
    step 200: alive=5 red_wins=0/3 wr_sofar=0.00
    step 300: alive=5 red_wins=0/3 wr_sofar=0.00
    step 400: alive=5 red_wins=0/3 wr_sofar=0.00
    [p0052 vs p0050] final-step illumination_progress: team0=0.0000 team1=0.0000 (max t0=0.0000 t1=0.0000)
win_rate=0.31 (119.2s)
  [payoff] p0052 vs p0051 (13/32)...     step 100: alive=8 red_wins=0/0 wr_sofar=0.00
    step 200: alive=8 red_wins=0/0 wr_sofar=0.00
    step 300: alive=8 red_wins=0/0 wr_sofar=0.00
    step 400: alive=8 red_wins=0/0 wr_sofar=0.00
    [p0052 vs p0051] final-step illumination_progress: team0=0.0000 team1=0.0000 (max t0=0.0000 t1=0.0000)
win_rate=0.50 (512.6s)
  [payoff] p0052 vs p0055 (14/32)...     step 100: alive=8 red_wins=0/0 wr_sofar=0.00
    step 200: alive=8 red_wins=0/0 wr_sofar=0.00
    step 300: alive=8 red_wins=0/0 wr_sofar=0.00
    step 400: alive=8 red_wins=0/0 wr_sofar=0.00
    [p0052 vs p0055] final-step illumination_progress: team0=0.0000 team1=0.0000 (max t0=0.0000 t1=0.0000)
win_rate=0.50 (509.1s)
  [payoff] p0052 vs p0056 (15/32)...     step 100: alive=4 red_wins=0/4 wr_sofar=0.00
    step 200: alive=4 red_wins=0/4 wr_sofar=0.00
    step 300: alive=4 red_wins=0/4 wr_sofar=0.00
    step 400: alive=4 red_wins=0/4 wr_sofar=0.00
    [p0052 vs p0056] final-step illumination_progress: team0=0.0000 team1=0.0000 (max t0=0.0000 t1=0.0000)
win_rate=0.25 (118.5s)
  [payoff] p0052 vs p0057 (16/32)...     step 100: alive=8 red_wins=0/0 wr_sofar=0.00
    step 200: alive=8 red_wins=0/0 wr_sofar=0.00
    step 300: alive=8 red_wins=0/0 wr_sofar=0.00
    step 400: alive=8 red_wins=0/0 wr_sofar=0.00
    [p0052 vs p0057] final-step illumination_progress: team0=0.0000 team1=0.0000 (max t0=0.0000 t1=0.0000)
win_rate=0.50 (514.7s)
  [payoff] p0053 vs p0046 (17/32)...     step 100: alive=6 red_wins=0/2 wr_sofar=0.00
    step 200: alive=6 red_wins=0/2 wr_sofar=0.00
    step 300: alive=6 red_wins=0/2 wr_sofar=0.00
    step 400: alive=5 red_wins=0/3 wr_sofar=0.00
    [p0053 vs p0046] final-step illumination_progress: team0=0.0000 team1=0.0000 (max t0=0.0000 t1=0.0000)
win_rate=0.25 (116.9s)
  [payoff] p0053 vs p0047 (18/32)...     step 100: alive=8 red_wins=0/0 wr_sofar=0.00
    step 200: alive=8 red_wins=0/0 wr_sofar=0.00
    step 300: alive=8 red_wins=0/0 wr_sofar=0.00
    step 400: alive=8 red_wins=0/0 wr_sofar=0.00
    [p0053 vs p0047] final-step illumination_progress: team0=0.0000 team1=0.0000 (max t0=0.0000 t1=0.0000)
win_rate=0.50 (514.6s)
  [payoff] p0053 vs p0049 (19/32)...     step 100: alive=8 red_wins=0/0 wr_sofar=0.00
    step 200: alive=8 red_wins=0/0 wr_sofar=0.00
    step 300: alive=8 red_wins=0/0 wr_sofar=0.00
    step 400: alive=8 red_wins=0/0 wr_sofar=0.00
    [p0053 vs p0049] final-step illumination_progress: team0=0.0000 team1=0.0000 (max t0=0.0000 t1=0.0000)
win_rate=0.50 (511.8s)
  [payoff] p0053 vs p0050 (20/32)...     step 100: alive=5 red_wins=0/3 wr_sofar=0.00
    step 200: alive=4 red_wins=0/4 wr_sofar=0.00
    step 300: alive=4 red_wins=0/4 wr_sofar=0.00
    step 400: alive=4 red_wins=0/4 wr_sofar=0.00
    [p0053 vs p0050] final-step illumination_progress: team0=0.0000 team1=0.0083 (max t0=0.0000 t1=0.0500)
win_rate=0.25 (117.9s)
  [payoff] p0053 vs p0051 (21/32)...     step 100: alive=8 red_wins=0/0 wr_sofar=0.00
    step 200: alive=8 red_wins=0/0 wr_sofar=0.00
    step 300: alive=8 red_wins=0/0 wr_sofar=0.00
    step 400: alive=8 red_wins=0/0 wr_sofar=0.00
    [p0053 vs p0051] final-step illumination_progress: team0=0.0000 team1=0.0000 (max t0=0.0000 t1=0.0000)
win_rate=0.50 (511.4s)
  [payoff] p0053 vs p0055 (22/32)...     step 100: alive=8 red_wins=0/0 wr_sofar=0.00
    step 200: alive=8 red_wins=0/0 wr_sofar=0.00
    step 300: alive=8 red_wins=0/0 wr_sofar=0.00
    step 400: alive=8 red_wins=0/0 wr_sofar=0.00
    [p0053 vs p0055] final-step illumination_progress: team0=0.0000 team1=0.0000 (max t0=0.0000 t1=0.0000)
win_rate=0.50 (513.4s)
  [payoff] p0053 vs p0056 (23/32)...     step 100: alive=7 red_wins=0/1 wr_sofar=0.00
    step 200: alive=7 red_wins=0/1 wr_sofar=0.00
    step 300: alive=7 red_wins=0/1 wr_sofar=0.00
    step 400: alive=7 red_wins=0/1 wr_sofar=0.00
    [p0053 vs p0056] final-step illumination_progress: team0=0.0000 team1=0.0000 (max t0=0.0000 t1=0.0000)
win_rate=0.44 (117.4s)
  [payoff] p0053 vs p0057 (24/32)...     step 100: alive=8 red_wins=0/0 wr_sofar=0.00
    step 200: alive=8 red_wins=0/0 wr_sofar=0.00
    step 300: alive=8 red_wins=0/0 wr_sofar=0.00
    step 400: alive=8 red_wins=0/0 wr_sofar=0.00
    [p0053 vs p0057] final-step illumination_progress: team0=0.0000 team1=0.0000 (max t0=0.0000 t1=0.0000)
win_rate=0.50 (515.2s)
  [payoff] p0054 vs p0046 (25/32)...     step 100: alive=8 red_wins=0/0 wr_sofar=0.00
    step 200: alive=7 red_wins=0/1 wr_sofar=0.00
    step 300: alive=7 red_wins=0/1 wr_sofar=0.00
    step 400: alive=7 red_wins=0/1 wr_sofar=0.00
    [p0054 vs p0046] final-step illumination_progress: team0=0.0000 team1=0.0083 (max t0=0.0000 t1=0.0500)
win_rate=0.38 (117.6s)
  [payoff] p0054 vs p0047 (26/32)...     step 100: alive=8 red_wins=0/0 wr_sofar=0.00
    step 200: alive=8 red_wins=0/0 wr_sofar=0.00
    step 300: alive=8 red_wins=0/0 wr_sofar=0.00
    step 400: alive=8 red_wins=0/0 wr_sofar=0.00
    [p0054 vs p0047] final-step illumination_progress: team0=0.0000 team1=0.0000 (max t0=0.0000 t1=0.0000)
win_rate=0.50 (510.2s)
  [payoff] p0054 vs p0049 (27/32)...     step 100: alive=8 red_wins=0/0 wr_sofar=0.00
    step 200: alive=8 red_wins=0/0 wr_sofar=0.00
    step 300: alive=8 red_wins=0/0 wr_sofar=0.00
    step 400: alive=8 red_wins=0/0 wr_sofar=0.00
    [p0054 vs p0049] final-step illumination_progress: team0=0.0000 team1=0.0000 (max t0=0.0000 t1=0.0000)
win_rate=0.50 (512.3s)
  [payoff] p0054 vs p0050 (28/32)...     step 100: alive=5 red_wins=0/3 wr_sofar=0.00
    step 200: alive=5 red_wins=0/3 wr_sofar=0.00
    step 300: alive=5 red_wins=0/3 wr_sofar=0.00
    step 400: alive=5 red_wins=0/3 wr_sofar=0.00
    [p0054 vs p0050] final-step illumination_progress: team0=0.0000 team1=0.0000 (max t0=0.0000 t1=0.0000)
win_rate=0.31 (117.7s)
  [payoff] p0054 vs p0051 (29/32)...     step 100: alive=8 red_wins=0/0 wr_sofar=0.00
    step 200: alive=8 red_wins=0/0 wr_sofar=0.00
    step 300: alive=8 red_wins=0/0 wr_sofar=0.00
    step 400: alive=8 red_wins=0/0 wr_sofar=0.00
    [p0054 vs p0051] final-step illumination_progress: team0=0.0000 team1=0.0000 (max t0=0.0000 t1=0.0000)
win_rate=0.50 (511.1s)
  [payoff] p0054 vs p0055 (30/32)...     step 100: alive=8 red_wins=0/0 wr_sofar=0.00
    step 200: alive=8 red_wins=0/0 wr_sofar=0.00
    step 300: alive=8 red_wins=0/0 wr_sofar=0.00
    step 400: alive=8 red_wins=0/0 wr_sofar=0.00
    [p0054 vs p0055] final-step illumination_progress: team0=0.0000 team1=0.0000 (max t0=0.0000 t1=0.0000)
win_rate=0.50 (513.4s)
  [payoff] p0054 vs p0056 (31/32)...     step 100: alive=4 red_wins=0/4 wr_sofar=0.00
    step 200: alive=4 red_wins=0/4 wr_sofar=0.00
    step 300: alive=4 red_wins=0/4 wr_sofar=0.00
    step 400: alive=4 red_wins=0/4 wr_sofar=0.00
    [p0054 vs p0056] final-step illumination_progress: team0=0.0000 team1=0.0000 (max t0=0.0000 t1=0.0000)
win_rate=0.19 (117.8s)
  [payoff] p0054 vs p0057 (32/32)...     step 100: alive=8 red_wins=0/0 wr_sofar=0.00
    step 200: alive=8 red_wins=0/0 wr_sofar=0.00
    step 300: alive=8 red_wins=0/0 wr_sofar=0.00
    step 400: alive=8 red_wins=0/0 wr_sofar=0.00
    [p0054 vs p0057] final-step illumination_progress: team0=0.0000 team1=0.0000 (max t0=0.0000 t1=0.0000)
win_rate=0.50 (512.7s)
  Team 0 sigma=[1. 0. 0. 0.] NashConv=0.0000 H_task=1.386 effK=1.00
  Team 1 sigma=[0. 0. 0. 1. 0. 0. 0. 0.] NashConv=0.0000 H_task=1.386 effK=1.00
  Training main_exploiter (team 1, p0046) against p0048...
    ep 1/10  steps=7 kill  wr=0.00  avg_r=533.8192
      [dart] fire_rate=0.500  min_dist_init=37.33m  final=nanm  change=+nanm  min=0.18m
    ep 2/10  steps=6 kill  wr=0.00  avg_r=497.2400
      [dart] fire_rate=0.533  min_dist_init=44.09m  final=nanm  change=+nanm  min=0.25m
    ep 3/10  steps=6 kill  wr=0.33  avg_r=-167.6525
      [dart] fire_rate=0.408  min_dist_init=44.14m  final=nanm  change=+nanm  min=0.21m
    ep 4/10  steps=6 kill  wr=0.50  avg_r=-503.8260
      [dart] fire_rate=0.492  min_dist_init=85.93m  final=nanm  change=+nanm  min=0.15m
    ep 5/10  steps=9 kill  wr=0.40  avg_r=-256.2885
      [dart] fire_rate=0.490  min_dist_init=28.61m  final=nanm  change=+nanm  min=0.41m
    ── ep 5/10  wr=0.40  avg_r=-256.2885
    ep 6/10  steps=6 kill  wr=0.50  avg_r=-463.3836
      [dart] fire_rate=0.517  min_dist_init=85.95m  final=nanm  change=+nanm  min=0.12m
    ep 7/10  steps=6 kill  wr=0.57  avg_r=-616.3253
      [dart] fire_rate=0.467  min_dist_init=44.20m  final=nanm  change=+nanm  min=0.32m
    ep 8/10  steps=9 kill  wr=0.62  avg_r=-693.5331
      [dart] fire_rate=0.453  min_dist_init=28.51m  final=nanm  change=+nanm  min=0.26m
    ep 9/10  steps=6 kill  wr=0.67  avg_r=-787.6294
      [dart] fire_rate=0.475  min_dist_init=85.85m  final=nanm  change=+nanm  min=0.18m
    ep 10/10  steps=6 kill  wr=0.60  avg_r=-663.0895
      [dart] fire_rate=0.558  min_dist_init=44.23m  final=nanm  change=+nanm  min=0.15m
    ── ep 10/10  wr=0.60  avg_r=-663.0895
  Training league_exploiter (team 1, p0047) against p0048...
    ep 1/10  steps=9 kill  wr=1.00  avg_r=-1223.6126
      [dart] fire_rate=0.438  min_dist_init=36.55m  final=nanm  change=+nanm  min=0.05m
    ep 2/10  steps=9 kill  wr=0.50  avg_r=-219.9338
      [dart] fire_rate=0.448  min_dist_init=28.71m  final=nanm  change=+nanm  min=0.34m
    ep 3/10  steps=6 kill  wr=1.00  avg_r=-1316.1808
      [dart] fire_rate=0.450  min_dist_init=107.10m  final=nanm  change=+nanm  min=0.19m
    ep 4/10  steps=7 kill  wr=1.00  avg_r=-1347.2777
      [dart] fire_rate=0.438  min_dist_init=37.31m  final=nanm  change=+nanm  min=0.11m
    ep 5/10  steps=30 kill  wr=1.20  avg_r=-1320.9513
      [dart] fire_rate=0.435  min_dist_init=2.56m  final=nanm  change=+nanm  min=0.14m
    ── ep 5/10  wr=1.20  avg_r=-1320.9513
    ep 6/10  steps=6 kill  wr=1.17  avg_r=-1360.9201
      [dart] fire_rate=0.467  min_dist_init=44.38m  final=nanm  change=+nanm  min=0.39m
    ep 7/10  steps=6 kill  wr=1.14  avg_r=-1386.1405
      [dart] fire_rate=0.492  min_dist_init=66.45m  final=nanm  change=+nanm  min=0.18m
    ep 8/10  steps=6 kill  wr=1.00  avg_r=-1149.6355
      [dart] fire_rate=0.467  min_dist_init=44.14m  final=nanm  change=+nanm  min=0.49m
    ep 9/10  steps=10 kill  wr=1.00  avg_r=-1148.7390
      [dart] fire_rate=0.444  min_dist_init=25.65m  final=nanm  change=+nanm  min=0.60m
    ep 10/10  steps=6 kill  wr=0.90  avg_r=-985.8848
      [dart] fire_rate=0.433  min_dist_init=44.29m  final=nanm  change=+nanm  min=0.17m
    ── ep 10/10  wr=0.90  avg_r=-985.8848
  Training main (team 0, p0048) against self...
    ep 1/10  steps=12 kill  wr=1.00  avg_r=-949.8559
      [dart] fire_rate=0.443  min_dist_init=21.43m  final=nanm  change=+nanm  min=0.14m
    ep 2/10  steps=20 kill  wr=1.00  avg_r=430.1921
      [dart] fire_rate=0.399  min_dist_init=13.50m  final=nanm  change=+nanm  min=0.07m
  Training main (team 0, p0048) against p0050...
    ep 1/10  steps=6 kill  wr=1.00  avg_r=-1518.4353
      [dart] fire_rate=0.475  min_dist_init=44.14m  final=nanm  change=+nanm  min=0.15m
    ep 2/10  steps=6 kill  wr=0.50  avg_r=-541.9844
      [dart] fire_rate=0.458  min_dist_init=44.05m  final=nanm  change=+nanm  min=0.16m
  Training main (team 0, p0048) against p0056...
    ep 1/10  steps=7 kill  wr=1.00  avg_r=-1425.8932
      [dart] fire_rate=0.424  min_dist_init=37.16m  final=nanm  change=+nanm  min=0.16m
    ep 2/10  steps=8 kill  wr=1.00  avg_r=-1382.6282
      [dart] fire_rate=0.417  min_dist_init=64.05m  final=nanm  change=+nanm  min=0.08m
  Training main (team 0, p0048) against p0058...
    ep 1/10  steps=12 kill  wr=1.00  avg_r=-993.7335
      [dart] fire_rate=0.356  min_dist_init=21.49m  final=nanm  change=+nanm  min=0.19m
    ep 2/10  steps=12 kill  wr=0.50  avg_r=11.4452
      [dart] fire_rate=0.386  min_dist_init=21.56m  final=nanm  change=+nanm  min=0.13m
  Training main (team 1, p0049) against self...
    ep 1/10  steps=8 kill  wr=1.00  avg_r=664.0408
      [dart] fire_rate=0.429  min_dist_init=34.70m  final=nanm  change=+nanm  min=0.08m
    ep 2/10  steps=10 kill  wr=1.00  avg_r=-238.9914
      [dart] fire_rate=0.421  min_dist_init=25.75m  final=nanm  change=+nanm  min=0.23m
  Training main (team 1, p0049) against p0060...
    ep 1/10  steps=7 kill  wr=1.00  avg_r=-1424.8677
      [dart] fire_rate=0.465  min_dist_init=51.91m  final=nanm  change=+nanm  min=0.42m
    ep 2/10  steps=14 kill  wr=0.50  avg_r=-125.5119
      [dart] fire_rate=0.436  min_dist_init=40.64m  final=nanm  change=+nanm  min=0.11m
  Training main (team 1, p0049) against p0053...
    ep 1/10  steps=18 kill  wr=0.00  avg_r=1552.1930
      [dart] fire_rate=0.392  min_dist_init=27.00m  final=nanm  change=+nanm  min=0.11m
    ep 2/10  steps=8 kill  wr=0.00  avg_r=1088.2122
      [dart] fire_rate=0.375  min_dist_init=32.42m  final=nanm  change=+nanm  min=0.05m
  Training main (team 1, p0049) against p0054...
    ep 1/10  steps=19 kill  wr=0.00  avg_r=1660.7765
      [dart] fire_rate=0.403  min_dist_init=14.10m  final=nanm  change=+nanm  min=0.20m
    ep 2/10  steps=13 kill  wr=0.00  avg_r=1381.1839
      [dart] fire_rate=0.451  min_dist_init=19.89m  final=nanm  change=+nanm  min=0.10m
  Training main_exploiter (team 1, p0050) against p0060...
    ep 1/10  steps=12 kill  wr=0.00  avg_r=1071.9431
      [dart] fire_rate=0.466  min_dist_init=21.49m  final=nanm  change=+nanm  min=0.02m
    ep 2/10  steps=15 kill  wr=0.00  avg_r=1186.0344
      [dart] fire_rate=0.491  min_dist_init=17.33m  final=nanm  change=+nanm  min=0.31m
    ep 3/10  steps=18 kill  wr=0.33  avg_r=663.4387
      [dart] fire_rate=0.419  min_dist_init=14.79m  final=nanm  change=+nanm  min=0.19m
    ep 4/10  steps=6 kill  wr=0.25  avg_r=619.8729
      [dart] fire_rate=0.517  min_dist_init=44.18m  final=nanm  change=+nanm  min=0.32m
    ep 5/10  steps=9 kill  wr=0.20  avg_r=651.5784
      [dart] fire_rate=0.453  min_dist_init=28.72m  final=nanm  change=+nanm  min=0.09m
    ── ep 5/10  wr=0.20  avg_r=651.5784
    ep 6/10  steps=11 kill  wr=0.33  avg_r=370.1707
      [dart] fire_rate=0.463  min_dist_init=26.40m  final=nanm  change=+nanm  min=0.12m
    ep 7/10  steps=6 kill  wr=0.29  avg_r=387.4987
      [dart] fire_rate=0.425  min_dist_init=52.16m  final=nanm  change=+nanm  min=0.06m
    ep 8/10  steps=6 kill  wr=0.50  avg_r=-98.7373
      [dart] fire_rate=0.500  min_dist_init=93.43m  final=nanm  change=+nanm  min=0.31m
    ep 9/10  steps=7 kill  wr=0.56  avg_r=-241.2905
      [dart] fire_rate=0.521  min_dist_init=79.57m  final=nanm  change=+nanm  min=0.14m
    ep 10/10  steps=6 kill  wr=0.60  avg_r=-366.1437
      [dart] fire_rate=0.442  min_dist_init=44.25m  final=nanm  change=+nanm  min=0.09m
    ── ep 10/10  wr=0.60  avg_r=-366.1437
  Resetting p0051 to anchor p0061 (role=main, gen=6)
  Training league_exploiter (team 1, p0051) against p0054...
    ep 1/10  steps=10 kill  wr=1.00  avg_r=-1125.2142
      [dart] fire_rate=0.412  min_dist_init=25.63m  final=nanm  change=+nanm  min=0.16m
    ep 2/10  steps=6 kill  wr=0.50  avg_r=-334.6031
      [dart] fire_rate=0.450  min_dist_init=44.21m  final=nanm  change=+nanm  min=0.34m
    ep 3/10  steps=6 kill  wr=0.33  avg_r=-71.8736
      [dart] fire_rate=0.450  min_dist_init=47.02m  final=nanm  change=+nanm  min=0.15m
    ep 4/10  steps=6 kill  wr=0.25  avg_r=71.3811
      [dart] fire_rate=0.450  min_dist_init=44.11m  final=nanm  change=+nanm  min=0.25m
    ep 5/10  steps=11 kill  wr=0.40  avg_r=-157.0403
      [dart] fire_rate=0.371  min_dist_init=23.14m  final=nanm  change=+nanm  min=0.12m
    ── ep 5/10  wr=0.40  avg_r=-157.0403
    ep 6/10  steps=6 kill  wr=0.33  avg_r=-53.9336
      [dart] fire_rate=0.425  min_dist_init=44.23m  final=nanm  change=+nanm  min=0.59m
    ep 7/10  steps=7 kill  wr=0.43  avg_r=-255.8229
      [dart] fire_rate=0.354  min_dist_init=37.14m  final=nanm  change=+nanm  min=0.14m
    ep 8/10  steps=18 kill  wr=0.38  avg_r=-30.5984
      [dart] fire_rate=0.333  min_dist_init=27.04m  final=nanm  change=+nanm  min=0.07m
    ep 9/10  steps=8 kill  wr=0.33  avg_r=50.9232
      [dart] fire_rate=0.429  min_dist_init=32.38m  final=nanm  change=+nanm  min=0.16m
    ep 10/10  steps=7 kill  wr=0.40  avg_r=-97.1245
      [dart] fire_rate=0.361  min_dist_init=37.25m  final=nanm  change=+nanm  min=0.31m
    ── ep 10/10  wr=0.40  avg_r=-97.1245
  Training main (team 0, p0052) against self...
    ep 1/10  steps=11 kill  wr=1.00  avg_r=890.2363
      [dart] fire_rate=0.383  min_dist_init=23.49m  final=nanm  change=+nanm  min=0.14m
    ep 2/10  steps=9 kill  wr=1.00  avg_r=-200.1899
      [dart] fire_rate=0.391  min_dist_init=28.80m  final=nanm  change=+nanm  min=0.33m
  Training main (team 0, p0052) against p0059...
    ep 1/10  steps=10 kill  wr=0.00  avg_r=808.3391
      [dart] fire_rate=0.417  min_dist_init=28.00m  final=nanm  change=+nanm  min=0.10m
    ep 2/10  steps=21 kill  wr=0.00  avg_r=1333.9503
      [dart] fire_rate=0.344  min_dist_init=2.56m  final=nanm  change=+nanm  min=0.16m
  Training main (team 0, p0052) against p0058...
    ep 1/10  steps=7 kill  wr=0.00  avg_r=547.0503
      [dart] fire_rate=0.431  min_dist_init=41.37m  final=nanm  change=+nanm  min=0.11m
    ep 2/10  steps=9 kill  wr=0.50  avg_r=-362.6393
      [dart] fire_rate=0.432  min_dist_init=28.58m  final=nanm  change=+nanm  min=0.31m
  Training main (team 0, p0052) against p0062...
    ep 1/10  steps=16 kill  wr=1.00  avg_r=-655.6173
      [dart] fire_rate=0.361  min_dist_init=19.25m  final=nanm  change=+nanm  min=0.33m
    ep 2/10  steps=9 kill  wr=0.50  avg_r=48.0912
      [dart] fire_rate=0.380  min_dist_init=28.58m  final=nanm  change=+nanm  min=0.19m
  Training main_exploiter (team 0, p0053) against p0061...
    ep 1/10  steps=11 kill  wr=0.00  avg_r=873.2774
      [dart] fire_rate=0.283  min_dist_init=31.07m  final=nanm  change=+nanm  min=0.16m
      [PPO] main-t0 ep1 step43 cmd(pl=-0.0035 vl=23.8483 ent=2.3147) rad(pl=0.0008 vl=44798.4453 ent=323.2915)
    ep 2/10  steps=65 kill  wr=0.50  avg_r=2369.4907
      [dart] fire_rate=0.338  min_dist_init=2.61m  final=nanm  change=+nanm  min=0.03m
    ep 3/10  steps=10 kill  wr=0.33  avg_r=1856.1006
      [dart] fire_rate=0.352  min_dist_init=32.90m  final=nanm  change=+nanm  min=0.30m
    ep 4/10  steps=7 kill  wr=0.25  avg_r=1525.4973
      [dart] fire_rate=0.347  min_dist_init=37.39m  final=nanm  change=+nanm  min=0.06m
    ep 5/10  steps=6 kill  wr=0.20  avg_r=1308.4254
      [dart] fire_rate=0.292  min_dist_init=44.50m  final=nanm  change=+nanm  min=0.44m
    ── ep 5/10  wr=0.20  avg_r=1308.4254
      [PPO] main-t0 ep5 step23 cmd(pl=0.0012 vl=11.3671 ent=2.3097) rad(pl=0.0026 vl=42893.3327 ent=323.3223)
    ep 6/10  steps=25 kill  wr=0.17  avg_r=1453.9036
      [dart] fire_rate=0.342  min_dist_init=2.65m  final=nanm  change=+nanm  min=0.13m
      [PPO] main-t0 ep6 step41 cmd(pl=0.0081 vl=25.7431 ent=2.3134) rad(pl=-0.0011 vl=45860.3815 ent=323.3422)
    ep 7/10  steps=43 kill  wr=0.14  avg_r=1793.4821
      [dart] fire_rate=0.354  min_dist_init=2.54m  final=nanm  change=+nanm  min=0.11m
    ep 8/10  steps=6 kill  wr=0.12  avg_r=1621.6427
      [dart] fire_rate=0.342  min_dist_init=44.25m  final=nanm  change=+nanm  min=0.18m
    ep 9/10  steps=8 kill  wr=0.11  avg_r=1509.3245
      [dart] fire_rate=0.333  min_dist_init=32.41m  final=nanm  change=+nanm  min=0.30m
    ep 10/10  steps=15 kill  wr=0.10  avg_r=1489.7931
      [dart] fire_rate=0.330  min_dist_init=22.00m  final=nanm  change=+nanm  min=0.18m
    ── ep 10/10  wr=0.10  avg_r=1489.7931
  Training league_exploiter (team 0, p0054) against p0058...
    ep 1/10  steps=6 kill  wr=0.00  avg_r=454.8604
      [dart] fire_rate=0.350  min_dist_init=44.30m  final=nanm  change=+nanm  min=0.11m
    ep 2/10  steps=14 kill  wr=0.00  avg_r=797.0382
      [dart] fire_rate=0.378  min_dist_init=18.56m  final=nanm  change=+nanm  min=0.33m
    ep 3/10  steps=7 kill  wr=0.00  avg_r=717.3706
      [dart] fire_rate=0.292  min_dist_init=37.32m  final=nanm  change=+nanm  min=0.31m
    ep 4/10  steps=6 kill  wr=0.00  avg_r=652.7169
      [dart] fire_rate=0.408  min_dist_init=54.76m  final=nanm  change=+nanm  min=0.51m
      [PPO] leag-t0 ep4 step38 cmd(pl=-0.0004 vl=19.4199 ent=2.2824) rad(pl=0.0040 vl=4812.3468 ent=323.1833)
    ep 5/10  steps=56 kill  wr=0.00  avg_r=1522.2076
      [dart] fire_rate=0.362  min_dist_init=2.53m  final=nanm  change=+nanm  min=0.08m
    ── ep 5/10  wr=0.00  avg_r=1522.2076
      [PPO] leag-t0 ep5 step25 cmd(pl=-0.0007 vl=16.2343 ent=2.2782) rad(pl=0.0037 vl=4632.4985 ent=323.2487)
    ep 6/10  steps=42 kill  wr=0.00  avg_r=1889.1192
      [dart] fire_rate=0.357  min_dist_init=2.63m  final=nanm  change=+nanm  min=0.12m
    ep 7/10  steps=14 kill  wr=0.00  avg_r=1787.2738
      [dart] fire_rate=0.385  min_dist_init=18.61m  final=nanm  change=+nanm  min=0.36m
    ep 8/10  steps=8 kill  wr=0.00  avg_r=1640.3543
      [dart] fire_rate=0.381  min_dist_init=32.37m  final=nanm  change=+nanm  min=0.03m
    ep 9/10  steps=11 kill  wr=0.00  avg_r=1558.5390
      [dart] fire_rate=0.404  min_dist_init=23.50m  final=nanm  change=+nanm  min=0.11m
    ep 10/10  steps=16 kill  wr=0.00  avg_r=1540.0160
      [dart] fire_rate=0.361  min_dist_init=16.53m  final=nanm  change=+nanm  min=0.37m
    ── ep 10/10  wr=0.00  avg_r=1540.0160
  Training main (team 1, p0055) against self...
    ep 1/10  steps=12 kill  wr=1.00  avg_r=1024.7543
      [dart] fire_rate=0.394  min_dist_init=21.53m  final=nanm  change=+nanm  min=0.14m
    ep 2/10  steps=9 kill  wr=1.50  avg_r=891.8572
      [dart] fire_rate=0.396  min_dist_init=54.62m  final=nanm  change=+nanm  min=0.14m
    ep 3/10  steps=8 kill  wr=1.33  avg_r=141.3006
      [dart] fire_rate=0.405  min_dist_init=32.49m  final=nanm  change=+nanm  min=0.38m
  Training main (team 1, p0055) against p0060...
    ep 1/10  steps=10 kill  wr=0.00  avg_r=835.2314
      [dart] fire_rate=0.394  min_dist_init=25.71m  final=nanm  change=+nanm  min=0.08m
    ep 2/10  steps=7 kill  wr=1.00  avg_r=-1288.5495
      [dart] fire_rate=0.500  min_dist_init=71.78m  final=nanm  change=+nanm  min=0.14m
    ep 3/10  steps=9 kill  wr=1.00  avg_r=-1271.4659
      [dart] fire_rate=0.339  min_dist_init=28.59m  final=nanm  change=+nanm  min=0.16m
  Training main (team 1, p0055) against p0065...
    ep 1/10  steps=9 kill  wr=0.00  avg_r=738.1720
      [dart] fire_rate=0.391  min_dist_init=28.62m  final=nanm  change=+nanm  min=0.22m
    ep 2/10  steps=11 kill  wr=0.00  avg_r=839.9699
      [dart] fire_rate=0.442  min_dist_init=23.44m  final=nanm  change=+nanm  min=0.23m
    ep 3/10  steps=7 kill  wr=0.33  avg_r=89.0286
      [dart] fire_rate=0.451  min_dist_init=37.18m  final=nanm  change=+nanm  min=0.39m
  Training main_exploiter (team 1, p0056) against p0060...
    ep 1/10  steps=7 kill  wr=0.00  avg_r=594.9790
      [dart] fire_rate=0.521  min_dist_init=51.13m  final=nanm  change=+nanm  min=0.19m
    ep 2/10  steps=8 kill  wr=0.50  avg_r=-372.3765
      [dart] fire_rate=0.458  min_dist_init=35.83m  final=nanm  change=+nanm  min=0.23m
    ep 3/10  steps=6 kill  wr=0.67  avg_r=-746.7655
      [dart] fire_rate=0.492  min_dist_init=44.77m  final=nanm  change=+nanm  min=0.35m
    ep 4/10  steps=6 kill  wr=0.75  avg_r=-933.7078
      [dart] fire_rate=0.500  min_dist_init=44.12m  final=nanm  change=+nanm  min=0.27m
    ep 5/10  steps=6 kill  wr=0.80  avg_r=-1053.5351
      [dart] fire_rate=0.492  min_dist_init=85.85m  final=nanm  change=+nanm  min=0.53m
    ── ep 5/10  wr=0.80  avg_r=-1053.5351
    ep 6/10  steps=6 kill  wr=0.83  avg_r=-1131.0829
      [dart] fire_rate=0.517  min_dist_init=71.47m  final=nanm  change=+nanm  min=0.35m
    ep 7/10  steps=31 kill  wr=0.86  avg_r=-850.8628
      [dart] fire_rate=0.401  min_dist_init=2.45m  final=nanm  change=+nanm  min=0.17m
    ep 8/10  steps=6 kill  wr=0.88  avg_r=-933.8289
      [dart] fire_rate=0.500  min_dist_init=44.25m  final=nanm  change=+nanm  min=0.34m
    ep 9/10  steps=6 kill  wr=0.78  avg_r=-778.0035
      [dart] fire_rate=0.458  min_dist_init=50.50m  final=nanm  change=+nanm  min=0.17m
    ep 10/10  steps=6 kill  wr=0.70  avg_r=-657.3769
      [dart] fire_rate=0.475  min_dist_init=44.29m  final=nanm  change=+nanm  min=0.65m
    ── ep 10/10  wr=0.70  avg_r=-657.3769
  Training league_exploiter (team 1, p0057) against p0064...
    ep 1/10  steps=12 kill  wr=1.00  avg_r=-983.8202
      [dart] fire_rate=0.367  min_dist_init=21.48m  final=nanm  change=+nanm  min=0.13m
    ep 2/10  steps=10 kill  wr=0.50  avg_r=-55.4122
      [dart] fire_rate=0.417  min_dist_init=25.61m  final=nanm  change=+nanm  min=0.12m
    ep 3/10  steps=6 kill  wr=0.67  avg_r=-539.4845
      [dart] fire_rate=0.550  min_dist_init=43.83m  final=nanm  change=+nanm  min=0.18m
    ep 4/10  steps=11 kill  wr=0.50  avg_r=-176.0900
      [dart] fire_rate=0.425  min_dist_init=23.39m  final=nanm  change=+nanm  min=0.21m
      [PPO] leag-t1 ep4 step28 cmd(pl=0.0210 vl=41.2282 ent=2.3589) rad(pl=0.3578 vl=16130.3343 ent=323.1898)
    ep 5/10  steps=34 kill  wr=0.40  avg_r=469.7581
      [dart] fire_rate=0.415  min_dist_init=2.59m  final=nanm  change=+nanm  min=0.15m
    ── ep 5/10  wr=0.40  avg_r=469.7581
    ep 6/10  steps=8 kill  wr=0.50  avg_r=167.5625
      [dart] fire_rate=0.387  min_dist_init=32.29m  final=nanm  change=+nanm  min=0.23m
    ep 7/10  steps=12 kill  wr=0.43  avg_r=292.4399
      [dart] fire_rate=0.451  min_dist_init=21.50m  final=nanm  change=+nanm  min=0.02m
    ep 8/10  steps=6 kill  wr=0.38  avg_r=313.3813
      [dart] fire_rate=0.392  min_dist_init=44.11m  final=nanm  change=+nanm  min=0.23m
    ep 9/10  steps=13 kill  wr=0.44  avg_r=182.1490
      [dart] fire_rate=0.458  min_dist_init=20.02m  final=nanm  change=+nanm  min=0.10m
    ep 10/10  steps=6 kill  wr=0.50  avg_r=10.2902
      [dart] fire_rate=0.467  min_dist_init=44.11m  final=nanm  change=+nanm  min=0.35m
    ── ep 10/10  wr=0.50  avg_r=10.2902
[League] Iteration 5 complete in 12956.1s
[League] alpha=0.417 (schedule=linear) beta_kl=0.079
[League] kill_radius hold at 24.500m (kill_rate=0.62 < 0.7)
  Checkpoint saved at iteration 5

============================================================
PSRO Iteration 6/24
============================================================
[League] Iteration 6: Evaluating payoff matrix...
  [payoff] p0060 vs p0058 (1/32)...     step 100: alive=8 red_wins=0/0 wr_sofar=0.00
    step 200: alive=8 red_wins=0/0 wr_sofar=0.00
    step 300: alive=8 red_wins=0/0 wr_sofar=0.00
    step 400: alive=8 red_wins=0/0 wr_sofar=0.00
    [p0060 vs p0058] final-step illumination_progress: team0=0.0000 team1=0.0000 (max t0=0.0000 t1=0.0000)
win_rate=0.50 (513.2s)
  [payoff] p0060 vs p0059 (2/32)...     step 100: alive=8 red_wins=0/0 wr_sofar=0.00
    step 200: alive=8 red_wins=0/0 wr_sofar=0.00
    step 300: alive=8 red_wins=0/0 wr_sofar=0.00
    step 400: alive=8 red_wins=0/0 wr_sofar=0.00
    [p0060 vs p0059] final-step illumination_progress: team0=0.0000 team1=0.0000 (max t0=0.0000 t1=0.0000)
win_rate=0.50 (514.9s)
  [payoff] p0060 vs p0061 (3/32)...     step 100: alive=8 red_wins=0/0 wr_sofar=0.00
    step 200: alive=8 red_wins=0/0 wr_sofar=0.00
    step 300: alive=8 red_wins=0/0 wr_sofar=0.00
    step 400: alive=8 red_wins=0/0 wr_sofar=0.00
    [p0060 vs p0061] final-step illumination_progress: team0=0.0000 team1=0.0000 (max t0=0.0000 t1=0.0000)
win_rate=0.50 (517.5s)
  [payoff] p0060 vs p0062 (4/32)...     step 100: alive=8 red_wins=0/0 wr_sofar=0.00
    step 200: alive=8 red_wins=0/0 wr_sofar=0.00
    step 300: alive=8 red_wins=0/0 wr_sofar=0.00
    step 400: alive=8 red_wins=0/0 wr_sofar=0.00
    [p0060 vs p0062] final-step illumination_progress: team0=0.0000 team1=0.0000 (max t0=0.0000 t1=0.0000)
win_rate=0.50 (512.6s)
  [payoff] p0060 vs p0063 (5/32)...     step 100: alive=8 red_wins=0/0 wr_sofar=0.00
    step 200: alive=8 red_wins=0/0 wr_sofar=0.00
    step 300: alive=8 red_wins=0/0 wr_sofar=0.00
    step 400: alive=8 red_wins=0/0 wr_sofar=0.00
    [p0060 vs p0063] final-step illumination_progress: team0=0.0000 team1=0.0000 (max t0=0.0000 t1=0.0000)
win_rate=0.50 (514.7s)
  [payoff] p0060 vs p0067 (6/32)...     step 100: alive=8 red_wins=0/0 wr_sofar=0.00
    step 200: alive=8 red_wins=0/0 wr_sofar=0.00
    step 300: alive=8 red_wins=0/0 wr_sofar=0.00
    step 400: alive=8 red_wins=0/0 wr_sofar=0.00
    [p0060 vs p0067] final-step illumination_progress: team0=0.0000 team1=0.0000 (max t0=0.0000 t1=0.0000)
win_rate=0.50 (512.5s)
  [payoff] p0060 vs p0068 (7/32)...     step 100: alive=8 red_wins=0/0 wr_sofar=0.00
    step 200: alive=8 red_wins=0/0 wr_sofar=0.00
    step 300: alive=8 red_wins=0/0 wr_sofar=0.00
    step 400: alive=8 red_wins=0/0 wr_sofar=0.00
    [p0060 vs p0068] final-step illumination_progress: team0=0.0000 team1=0.0000 (max t0=0.0000 t1=0.0000)
win_rate=0.50 (514.2s)
  [payoff] p0060 vs p0069 (8/32)...     step 100: alive=8 red_wins=0/0 wr_sofar=0.00
    step 200: alive=8 red_wins=0/0 wr_sofar=0.00
    step 300: alive=8 red_wins=0/0 wr_sofar=0.00
    step 400: alive=8 red_wins=0/0 wr_sofar=0.00
    [p0060 vs p0069] final-step illumination_progress: team0=0.0000 team1=0.0000 (max t0=0.0000 t1=0.0000)
win_rate=0.50 (514.5s)
  [payoff] p0064 vs p0058 (9/32)...     step 100: alive=8 red_wins=0/0 wr_sofar=0.00
    step 200: alive=8 red_wins=0/0 wr_sofar=0.00
    step 300: alive=8 red_wins=0/0 wr_sofar=0.00
    step 400: alive=8 red_wins=0/0 wr_sofar=0.00
    [p0064 vs p0058] final-step illumination_progress: team0=0.0000 team1=0.0000 (max t0=0.0000 t1=0.0000)
win_rate=0.50 (516.7s)
  [payoff] p0064 vs p0059 (10/32)...     step 100: alive=8 red_wins=0/0 wr_sofar=0.00
    step 200: alive=8 red_wins=0/0 wr_sofar=0.00
    step 300: alive=8 red_wins=0/0 wr_sofar=0.00
    step 400: alive=8 red_wins=0/0 wr_sofar=0.00
    [p0064 vs p0059] final-step illumination_progress: team0=0.0000 team1=0.0000 (max t0=0.0000 t1=0.0000)
win_rate=0.50 (513.3s)
  [payoff] p0064 vs p0061 (11/32)...     step 100: alive=8 red_wins=0/0 wr_sofar=0.00
    step 200: alive=8 red_wins=0/0 wr_sofar=0.00
    step 300: alive=8 red_wins=0/0 wr_sofar=0.00
    step 400: alive=8 red_wins=0/0 wr_sofar=0.00
    [p0064 vs p0061] final-step illumination_progress: team0=0.0000 team1=0.0000 (max t0=0.0000 t1=0.0000)
win_rate=0.50 (511.9s)
  [payoff] p0064 vs p0062 (12/32)...     step 100: alive=8 red_wins=0/0 wr_sofar=0.00
    step 200: alive=8 red_wins=0/0 wr_sofar=0.00
    step 300: alive=8 red_wins=0/0 wr_sofar=0.00
    step 400: alive=8 red_wins=0/0 wr_sofar=0.00
    [p0064 vs p0062] final-step illumination_progress: team0=0.0000 team1=0.0000 (max t0=0.0000 t1=0.0000)
win_rate=0.50 (516.0s)
  [payoff] p0064 vs p0063 (13/32)...     step 100: alive=8 red_wins=0/0 wr_sofar=0.00
    step 200: alive=8 red_wins=0/0 wr_sofar=0.00
    step 300: alive=8 red_wins=0/0 wr_sofar=0.00
    step 400: alive=8 red_wins=0/0 wr_sofar=0.00
    [p0064 vs p0063] final-step illumination_progress: team0=0.0000 team1=0.0000 (max t0=0.0000 t1=0.0000)
win_rate=0.50 (514.5s)
  [payoff] p0064 vs p0067 (14/32)...     step 100: alive=8 red_wins=0/0 wr_sofar=0.00
    step 200: alive=8 red_wins=0/0 wr_sofar=0.00
    step 300: alive=8 red_wins=0/0 wr_sofar=0.00
    step 400: alive=8 red_wins=0/0 wr_sofar=0.00
    [p0064 vs p0067] final-step illumination_progress: team0=0.0000 team1=0.0000 (max t0=0.0000 t1=0.0000)
win_rate=0.50 (516.4s)
  [payoff] p0064 vs p0068 (15/32)...     step 100: alive=8 red_wins=0/0 wr_sofar=0.00
    step 200: alive=8 red_wins=0/0 wr_sofar=0.00
    step 300: alive=8 red_wins=0/0 wr_sofar=0.00
    step 400: alive=8 red_wins=0/0 wr_sofar=0.00
    [p0064 vs p0068] final-step illumination_progress: team0=0.0000 team1=0.0000 (max t0=0.0000 t1=0.0000)
win_rate=0.50 (515.1s)
  [payoff] p0064 vs p0069 (16/32)...     step 100: alive=8 red_wins=0/0 wr_sofar=0.00
    step 200: alive=8 red_wins=0/0 wr_sofar=0.00
    step 300: alive=8 red_wins=0/0 wr_sofar=0.00
    step 400: alive=8 red_wins=0/0 wr_sofar=0.00
    [p0064 vs p0069] final-step illumination_progress: team0=0.0000 team1=0.0000 (max t0=0.0000 t1=0.0000)
win_rate=0.50 (515.2s)
  [payoff] p0065 vs p0058 (17/32)...     step 100: alive=8 red_wins=0/0 wr_sofar=0.00
    step 200: alive=8 red_wins=0/0 wr_sofar=0.00
    step 300: alive=8 red_wins=0/0 wr_sofar=0.00
    step 400: alive=8 red_wins=0/0 wr_sofar=0.00
    [p0065 vs p0058] final-step illumination_progress: team0=0.0000 team1=0.0000 (max t0=0.0000 t1=0.0000)
win_rate=0.50 (510.6s)
  [payoff] p0065 vs p0059 (18/32)...     step 100: alive=8 red_wins=0/0 wr_sofar=0.00
    step 200: alive=8 red_wins=0/0 wr_sofar=0.00
    step 300: alive=8 red_wins=0/0 wr_sofar=0.00
    step 400: alive=8 red_wins=0/0 wr_sofar=0.00
    [p0065 vs p0059] final-step illumination_progress: team0=0.0000 team1=0.0000 (max t0=0.0000 t1=0.0000)
win_rate=0.50 (511.2s)
  [payoff] p0065 vs p0061 (19/32)...     step 100: alive=8 red_wins=0/0 wr_sofar=0.00
    step 200: alive=8 red_wins=0/0 wr_sofar=0.00
    step 300: alive=8 red_wins=0/0 wr_sofar=0.00
    step 400: alive=8 red_wins=0/0 wr_sofar=0.00
    [p0065 vs p0061] final-step illumination_progress: team0=0.0000 team1=0.0000 (max t0=0.0000 t1=0.0000)
win_rate=0.50 (510.8s)
  [payoff] p0065 vs p0062 (20/32)...     step 100: alive=8 red_wins=0/0 wr_sofar=0.00
    step 200: alive=8 red_wins=0/0 wr_sofar=0.00
    step 300: alive=8 red_wins=0/0 wr_sofar=0.00
    step 400: alive=8 red_wins=0/0 wr_sofar=0.00
    [p0065 vs p0062] final-step illumination_progress: team0=0.0000 team1=0.0000 (max t0=0.0000 t1=0.0000)
win_rate=0.50 (509.7s)
  [payoff] p0065 vs p0063 (21/32)...     step 100: alive=8 red_wins=0/0 wr_sofar=0.00
    step 200: alive=8 red_wins=0/0 wr_sofar=0.00
    step 300: alive=8 red_wins=0/0 wr_sofar=0.00
    step 400: alive=8 red_wins=0/0 wr_sofar=0.00
    [p0065 vs p0063] final-step illumination_progress: team0=0.0000 team1=0.0000 (max t0=0.0000 t1=0.0000)
win_rate=0.50 (509.2s)
  [payoff] p0065 vs p0067 (22/32)...     step 100: alive=8 red_wins=0/0 wr_sofar=0.00
    step 200: alive=8 red_wins=0/0 wr_sofar=0.00
    step 300: alive=8 red_wins=0/0 wr_sofar=0.00
    step 400: alive=8 red_wins=0/0 wr_sofar=0.00
    [p0065 vs p0067] final-step illumination_progress: team0=0.0000 team1=0.0000 (max t0=0.0000 t1=0.0000)
win_rate=0.50 (510.3s)
  [payoff] p0065 vs p0068 (23/32)...     step 100: alive=8 red_wins=0/0 wr_sofar=0.00
    step 200: alive=8 red_wins=0/0 wr_sofar=0.00
    step 300: alive=8 red_wins=0/0 wr_sofar=0.00
    step 400: alive=8 red_wins=0/0 wr_sofar=0.00
    [p0065 vs p0068] final-step illumination_progress: team0=0.0000 team1=0.0000 (max t0=0.0000 t1=0.0000)
win_rate=0.50 (513.0s)
  [payoff] p0065 vs p0069 (24/32)...     step 100: alive=8 red_wins=0/0 wr_sofar=0.00
    step 200: alive=8 red_wins=0/0 wr_sofar=0.00
    step 300: alive=8 red_wins=0/0 wr_sofar=0.00
    step 400: alive=8 red_wins=0/0 wr_sofar=0.00
    [p0065 vs p0069] final-step illumination_progress: team0=0.0000 team1=0.0000 (max t0=0.0000 t1=0.0000)
win_rate=0.50 (507.8s)
  [payoff] p0066 vs p0058 (25/32)...     step 100: alive=8 red_wins=0/0 wr_sofar=0.00
    step 200: alive=8 red_wins=0/0 wr_sofar=0.00
    step 300: alive=8 red_wins=0/0 wr_sofar=0.00
    step 400: alive=8 red_wins=0/0 wr_sofar=0.00
    [p0066 vs p0058] final-step illumination_progress: team0=0.0000 team1=0.0000 (max t0=0.0000 t1=0.0000)
win_rate=0.50 (510.1s)
  [payoff] p0066 vs p0059 (26/32)...     step 100: alive=8 red_wins=0/0 wr_sofar=0.00
    step 200: alive=8 red_wins=0/0 wr_sofar=0.00
    step 300: alive=8 red_wins=0/0 wr_sofar=0.00
    step 400: alive=8 red_wins=0/0 wr_sofar=0.00
    [p0066 vs p0059] final-step illumination_progress: team0=0.0000 team1=0.0000 (max t0=0.0000 t1=0.0000)
win_rate=0.50 (506.8s)
  [payoff] p0066 vs p0061 (27/32)...     step 100: alive=8 red_wins=0/0 wr_sofar=0.00
    step 200: alive=8 red_wins=0/0 wr_sofar=0.00
    step 300: alive=8 red_wins=0/0 wr_sofar=0.00
    step 400: alive=8 red_wins=0/0 wr_sofar=0.00
    [p0066 vs p0061] final-step illumination_progress: team0=0.0000 team1=0.0000 (max t0=0.0000 t1=0.0000)
win_rate=0.50 (511.3s)
  [payoff] p0066 vs p0062 (28/32)...     step 100: alive=8 red_wins=0/0 wr_sofar=0.00
    step 200: alive=8 red_wins=0/0 wr_sofar=0.00
    step 300: alive=8 red_wins=0/0 wr_sofar=0.00
    step 400: alive=8 red_wins=0/0 wr_sofar=0.00
    [p0066 vs p0062] final-step illumination_progress: team0=0.0000 team1=0.0000 (max t0=0.0000 t1=0.0000)
win_rate=0.50 (506.3s)
  [payoff] p0066 vs p0063 (29/32)...     step 100: alive=8 red_wins=0/0 wr_sofar=0.00
    step 200: alive=8 red_wins=0/0 wr_sofar=0.00
    step 300: alive=8 red_wins=0/0 wr_sofar=0.00
    step 400: alive=8 red_wins=0/0 wr_sofar=0.00
    [p0066 vs p0063] final-step illumination_progress: team0=0.0000 team1=0.0208 (max t0=0.0000 t1=0.2500)
win_rate=0.44 (511.3s)
  [payoff] p0066 vs p0067 (30/32)...     step 100: alive=8 red_wins=0/0 wr_sofar=0.00
    step 200: alive=8 red_wins=0/0 wr_sofar=0.00
    step 300: alive=8 red_wins=0/0 wr_sofar=0.00
    step 400: alive=8 red_wins=0/0 wr_sofar=0.00
    [p0066 vs p0067] final-step illumination_progress: team0=0.0000 team1=0.0000 (max t0=0.0000 t1=0.0000)
win_rate=0.50 (509.4s)
  [payoff] p0066 vs p0068 (31/32)...     step 100: alive=8 red_wins=0/0 wr_sofar=0.00
    step 200: alive=8 red_wins=0/0 wr_sofar=0.00
    step 300: alive=8 red_wins=0/0 wr_sofar=0.00
    step 400: alive=8 red_wins=0/0 wr_sofar=0.00
    [p0066 vs p0068] final-step illumination_progress: team0=0.0000 team1=0.0000 (max t0=0.0000 t1=0.0000)
win_rate=0.50 (510.6s)
  [payoff] p0066 vs p0069 (32/32)...     step 100: alive=8 red_wins=0/0 wr_sofar=0.00
    step 200: alive=8 red_wins=0/0 wr_sofar=0.00
    step 300: alive=8 red_wins=0/0 wr_sofar=0.00
    step 400: alive=8 red_wins=0/0 wr_sofar=0.00
    [p0066 vs p0069] final-step illumination_progress: team0=0.0000 team1=0.0000 (max t0=0.0000 t1=0.0000)
win_rate=0.50 (509.9s)
  Team 0 sigma=[1. 0. 0. 0.] NashConv=0.0000 H_task=1.386 effK=1.00
  Team 1 sigma=[1. 0. 0. 0. 0. 0. 0. 0.] NashConv=0.0156 H_task=1.386 effK=1.00
  Training main_exploiter (team 1, p0058) against p0060...
    ep 1/10  steps=6 kill  wr=1.00  avg_r=-1519.9304
      [dart] fire_rate=0.467  min_dist_init=44.11m  final=nanm  change=+nanm  min=0.19m
    ep 2/10  steps=6 kill  wr=1.00  avg_r=-1522.3848
      [dart] fire_rate=0.408  min_dist_init=44.05m  final=nanm  change=+nanm  min=0.05m
    ep 3/10  steps=7 kill  wr=0.67  avg_r=-843.3938
      [dart] fire_rate=0.431  min_dist_init=37.27m  final=nanm  change=+nanm  min=0.23m
    ep 4/10  steps=6 kill  wr=0.75  avg_r=-1012.4258
      [dart] fire_rate=0.525  min_dist_init=127.55m  final=nanm  change=+nanm  min=0.20m
    ep 5/10  steps=7 kill  wr=0.60  avg_r=-694.8867
      [dart] fire_rate=0.521  min_dist_init=37.31m  final=nanm  change=+nanm  min=0.34m
    ── ep 5/10  wr=0.60  avg_r=-694.8867
    ep 6/10  steps=14 kill  wr=0.50  avg_r=-373.5897
      [dart] fire_rate=0.462  min_dist_init=18.49m  final=nanm  change=+nanm  min=0.09m
    ep 7/10  steps=17 kill  wr=0.43  avg_r=-104.9554
      [dart] fire_rate=0.422  min_dist_init=15.58m  final=nanm  change=+nanm  min=0.07m
    ep 8/10  steps=6 kill  wr=0.50  avg_r=-282.7417
      [dart] fire_rate=0.450  min_dist_init=44.14m  final=nanm  change=+nanm  min=0.20m
    ep 9/10  steps=6 kill  wr=0.44  avg_r=-196.6520
      [dart] fire_rate=0.442  min_dist_init=44.17m  final=nanm  change=+nanm  min=0.14m
    ep 10/10  steps=7 kill  wr=0.40  avg_r=-117.7548
      [dart] fire_rate=0.472  min_dist_init=37.29m  final=nanm  change=+nanm  min=0.21m
    ── ep 10/10  wr=0.40  avg_r=-117.7548
  Training league_exploiter (team 1, p0059) against p0064...
    ep 1/10  steps=15 kill  wr=1.00  avg_r=-674.9646
      [dart] fire_rate=0.420  min_dist_init=17.30m  final=nanm  change=+nanm  min=0.22m
    ep 2/10  steps=6 kill  wr=0.50  avg_r=-107.3150
      [dart] fire_rate=0.483  min_dist_init=44.26m  final=nanm  change=+nanm  min=0.08m
    ep 3/10  steps=6 kill  wr=0.33  avg_r=92.3327
      [dart] fire_rate=0.483  min_dist_init=44.08m  final=nanm  change=+nanm  min=0.21m
    ep 4/10  steps=6 kill  wr=0.50  avg_r=-307.3479
      [dart] fire_rate=0.450  min_dist_init=85.85m  final=nanm  change=+nanm  min=0.36m
    ep 5/10  steps=9 kill  wr=0.40  avg_r=-93.2396
      [dart] fire_rate=0.427  min_dist_init=28.54m  final=nanm  change=+nanm  min=0.14m
    ── ep 5/10  wr=0.40  avg_r=-93.2396
    ep 6/10  steps=6 kill  wr=0.50  avg_r=-327.3027
      [dart] fire_rate=0.400  min_dist_init=44.17m  final=nanm  change=+nanm  min=0.08m
    ep 7/10  steps=25 kill  wr=0.57  avg_r=-244.4275
      [dart] fire_rate=0.448  min_dist_init=2.61m  final=nanm  change=+nanm  min=0.02m
    ep 8/10  steps=8 kill  wr=0.50  avg_r=-134.8326
      [dart] fire_rate=0.440  min_dist_init=32.22m  final=nanm  change=+nanm  min=0.03m
    ep 9/10  steps=9 kill  wr=0.44  avg_r=-36.7270
      [dart] fire_rate=0.422  min_dist_init=28.65m  final=nanm  change=+nanm  min=0.22m
    ep 10/10  steps=8 kill  wr=0.50  avg_r=-169.5159
      [dart] fire_rate=0.446  min_dist_init=32.32m  final=nanm  change=+nanm  min=0.37m
    ── ep 10/10  wr=0.50  avg_r=-169.5159
  Training main (team 0, p0060) against self...
    ep 1/10  steps=6 kill  wr=1.00  avg_r=-1498.4763
      [dart] fire_rate=0.317  min_dist_init=48.95m  final=nanm  change=+nanm  min=0.28m
    ep 2/10  steps=10 kill  wr=1.00  avg_r=-340.3187
      [dart] fire_rate=0.407  min_dist_init=29.63m  final=nanm  change=+nanm  min=0.13m
    ep 3/10  steps=7 kill  wr=1.00  avg_r=-706.4089
      [dart] fire_rate=0.389  min_dist_init=48.52m  final=nanm  change=+nanm  min=0.43m
  Training main (team 0, p0060) against p0070...
    ep 1/10  steps=18 kill  wr=1.00  avg_r=-416.0299
      [dart] fire_rate=0.370  min_dist_init=14.84m  final=nanm  change=+nanm  min=0.05m
    ep 2/10  steps=11 kill  wr=0.50  avg_r=239.0936
      [dart] fire_rate=0.350  min_dist_init=23.41m  final=nanm  change=+nanm  min=0.06m
    ep 3/10  steps=10 kill  wr=0.67  avg_r=-235.8232
      [dart] fire_rate=0.370  min_dist_init=25.66m  final=nanm  change=+nanm  min=0.01m
  Training main (team 0, p0060) against p0069...
    ep 1/10  steps=23 kill  wr=0.00  avg_r=2001.0650
      [dart] fire_rate=0.390  min_dist_init=2.60m  final=nanm  change=+nanm  min=0.07m
    ep 2/10  steps=7 kill  wr=0.00  avg_r=1279.4910
      [dart] fire_rate=0.403  min_dist_init=45.37m  final=nanm  change=+nanm  min=0.40m
    ep 3/10  steps=16 kill  wr=0.00  avg_r=1327.2138
      [dart] fire_rate=0.397  min_dist_init=16.46m  final=nanm  change=+nanm  min=0.07m
  Training main (team 1, p0061) against self...
    ep 1/10  steps=6 kill  wr=1.00  avg_r=451.5096
      [dart] fire_rate=0.417  min_dist_init=44.11m  final=nanm  change=+nanm  min=0.32m
    ep 2/10  steps=19 kill  wr=1.00  avg_r=1046.0062
      [dart] fire_rate=0.384  min_dist_init=14.18m  final=nanm  change=+nanm  min=0.16m
    ep 3/10  steps=6 kill  wr=1.00  avg_r=866.1003
      [dart] fire_rate=0.433  min_dist_init=45.91m  final=nanm  change=+nanm  min=0.40m
  Training main (team 1, p0061) against p0065...
    ep 1/10  steps=11 kill  wr=1.00  avg_r=-1078.0294
      [dart] fire_rate=0.388  min_dist_init=23.43m  final=nanm  change=+nanm  min=0.15m
    ep 2/10  steps=8 kill  wr=0.50  avg_r=-225.4865
      [dart] fire_rate=0.339  min_dist_init=32.22m  final=nanm  change=+nanm  min=0.31m
    ep 3/10  steps=15 kill  wr=0.33  avg_r=284.5095
      [dart] fire_rate=0.408  min_dist_init=17.56m  final=nanm  change=+nanm  min=0.25m
  Training main (team 1, p0061) against p0064...
    ep 1/10  steps=10 kill  wr=1.00  avg_r=-1136.8983
      [dart] fire_rate=0.444  min_dist_init=25.78m  final=nanm  change=+nanm  min=0.30m
    ep 2/10  steps=9 kill  wr=0.50  avg_r=-199.5703
      [dart] fire_rate=0.401  min_dist_init=28.69m  final=nanm  change=+nanm  min=0.25m
    ep 3/10  steps=6 kill  wr=0.67  avg_r=-634.7454
      [dart] fire_rate=0.408  min_dist_init=46.64m  final=nanm  change=+nanm  min=0.11m
  Training main_exploiter (team 1, p0062) against p0072...
    ep 1/10  steps=14 kill  wr=1.00  avg_r=-774.5163
      [dart] fire_rate=0.433  min_dist_init=18.69m  final=nanm  change=+nanm  min=0.15m
    ep 2/10  steps=6 kill  wr=1.00  avg_r=-1142.9311
      [dart] fire_rate=0.425  min_dist_init=43.99m  final=nanm  change=+nanm  min=0.17m
    ep 3/10  steps=8 kill  wr=1.00  avg_r=-1202.6642
      [dart] fire_rate=0.488  min_dist_init=69.20m  final=nanm  change=+nanm  min=0.08m
    ep 4/10  steps=7 kill  wr=0.75  avg_r=-767.7612
      [dart] fire_rate=0.438  min_dist_init=37.26m  final=nanm  change=+nanm  min=0.14m
    ep 5/10  steps=6 kill  wr=0.60  avg_r=-524.5156
      [dart] fire_rate=0.517  min_dist_init=85.98m  final=nanm  change=+nanm  min=0.24m
    ── ep 5/10  wr=0.60  avg_r=-524.5156
    ep 6/10  steps=8 kill  wr=0.50  avg_r=-323.8346
      [dart] fire_rate=0.446  min_dist_init=32.25m  final=nanm  change=+nanm  min=0.08m
    ep 7/10  steps=9 kill  wr=0.43  avg_r=-161.5403
      [dart] fire_rate=0.448  min_dist_init=28.65m  final=nanm  change=+nanm  min=0.09m
    ep 8/10  steps=9 kill  wr=0.50  avg_r=-295.7881
      [dart] fire_rate=0.406  min_dist_init=28.58m  final=nanm  change=+nanm  min=0.19m
    ep 9/10  steps=18 kill  wr=0.44  avg_r=-88.3017
      [dart] fire_rate=0.444  min_dist_init=14.85m  final=nanm  change=+nanm  min=0.27m
    ep 10/10  steps=17 kill  wr=0.40  avg_r=70.5136
      [dart] fire_rate=0.453  min_dist_init=15.55m  final=nanm  change=+nanm  min=0.06m
    ── ep 10/10  wr=0.40  avg_r=70.5136
  Training league_exploiter (team 1, p0063) against p0064...
    ep 1/10  steps=10 kill  wr=1.00  avg_r=-1103.7188
      [dart] fire_rate=0.444  min_dist_init=25.79m  final=nanm  change=+nanm  min=0.27m
    ep 2/10  steps=8 kill  wr=1.00  avg_r=-1232.6389
      [dart] fire_rate=0.446  min_dist_init=32.40m  final=nanm  change=+nanm  min=0.27m
    ep 3/10  steps=7 kill  wr=1.00  avg_r=-1296.2364
      [dart] fire_rate=0.465  min_dist_init=36.95m  final=nanm  change=+nanm  min=0.36m
    ep 4/10  steps=7 kill  wr=1.00  avg_r=-1328.1591
      [dart] fire_rate=0.458  min_dist_init=38.00m  final=nanm  change=+nanm  min=0.02m
    ep 5/10  steps=11 kill  wr=0.80  avg_r=-874.1516
      [dart] fire_rate=0.471  min_dist_init=23.27m  final=nanm  change=+nanm  min=0.11m
    ── ep 5/10  wr=0.80  avg_r=-874.1516
    ep 6/10  steps=6 kill  wr=0.67  avg_r=-650.0260
      [dart] fire_rate=0.508  min_dist_init=44.21m  final=nanm  change=+nanm  min=0.17m
    ep 7/10  steps=7 kill  wr=0.71  avg_r=-760.1024
      [dart] fire_rate=0.486  min_dist_init=36.99m  final=nanm  change=+nanm  min=0.13m
    ep 8/10  steps=11 kill  wr=0.62  avg_r=-552.0354
      [dart] fire_rate=0.379  min_dist_init=23.41m  final=nanm  change=+nanm  min=0.11m
    ep 9/10  steps=11 kill  wr=0.56  avg_r=-388.9037
      [dart] fire_rate=0.458  min_dist_init=23.59m  final=nanm  change=+nanm  min=0.28m
    ep 10/10  steps=6 kill  wr=0.50  avg_r=-304.9490
      [dart] fire_rate=0.533  min_dist_init=49.41m  final=nanm  change=+nanm  min=0.14m
    ── ep 10/10  wr=0.50  avg_r=-304.9490
  Training main (team 0, p0064) against self...
    ep 1/10  steps=9 kill  wr=1.00  avg_r=-1270.8784
      [dart] fire_rate=0.453  min_dist_init=28.65m  final=nanm  change=+nanm  min=0.21m
    ep 2/10  steps=7 kill  wr=1.00  avg_r=-372.3238
      [dart] fire_rate=0.382  min_dist_init=37.30m  final=nanm  change=+nanm  min=0.28m
  Training main (team 0, p0064) against p0073...
    ep 1/10  steps=16 kill  wr=1.00  avg_r=-613.8247
      [dart] fire_rate=0.317  min_dist_init=16.44m  final=nanm  change=+nanm  min=0.25m
    ep 2/10  steps=17 kill  wr=0.50  avg_r=429.9487
      [dart] fire_rate=0.359  min_dist_init=15.62m  final=nanm  change=+nanm  min=0.23m
  Training main (team 0, p0064) against p0075...
    ep 1/10  steps=6 kill  wr=0.00  avg_r=454.4383
      [dart] fire_rate=0.392  min_dist_init=44.15m  final=nanm  change=+nanm  min=0.31m
    ep 2/10  steps=9 kill  wr=0.50  avg_r=-383.9845
      [dart] fire_rate=0.464  min_dist_init=28.52m  final=nanm  change=+nanm  min=0.07m
  Training main (team 0, p0064) against p0069...
    ep 1/10  steps=8 kill  wr=0.00  avg_r=678.6629
      [dart] fire_rate=0.500  min_dist_init=32.28m  final=nanm  change=+nanm  min=0.09m
    ep 2/10  steps=7 kill  wr=0.00  avg_r=607.1703
      [dart] fire_rate=0.389  min_dist_init=37.37m  final=nanm  change=+nanm  min=0.18m
  Training main_exploiter (team 0, p0065) against p0073...
    ep 1/10  steps=25 kill  wr=0.00  avg_r=2137.3928
      [dart] fire_rate=0.370  min_dist_init=2.62m  final=nanm  change=+nanm  min=0.03m
    ep 2/10  steps=19 kill  wr=0.00  avg_r=1884.4722
      [dart] fire_rate=0.370  min_dist_init=14.25m  final=nanm  change=+nanm  min=0.14m
    ep 3/10  steps=13 kill  wr=0.00  avg_r=1605.5173
      [dart] fire_rate=0.344  min_dist_init=20.06m  final=nanm  change=+nanm  min=0.25m
      [PPO] main-t0 ep3 step43 cmd(pl=0.0000 vl=32.9297 ent=2.3140) rad(pl=-0.0024 vl=28782.6156 ent=323.5142)
    ep 4/10  steps=78 kill  wr=0.00  avg_r=2953.3998
      [dart] fire_rate=0.337  min_dist_init=2.61m  final=nanm  change=+nanm  min=0.03m
    ep 5/10  steps=6 kill  wr=0.20  avg_r=2049.9172
      [dart] fire_rate=0.392  min_dist_init=44.38m  final=nanm  change=+nanm  min=0.26m
    ── ep 5/10  wr=0.20  avg_r=2049.9172
    ep 6/10  steps=17 kill  wr=0.17  avg_r=1942.5734
      [dart] fire_rate=0.339  min_dist_init=16.60m  final=nanm  change=+nanm  min=0.09m
      [PPO] main-t0 ep6 step22 cmd(pl=-0.0012 vl=47.4861 ent=2.3140) rad(pl=-0.0007 vl=40413.6986 ent=323.5737)
    ep 7/10  steps=24 kill  wr=0.14  avg_r=1959.3149
      [dart] fire_rate=0.342  min_dist_init=2.59m  final=nanm  change=+nanm  min=0.02m
    ep 8/10  steps=24 kill  wr=0.12  avg_r=1973.3151
      [dart] fire_rate=0.366  min_dist_init=2.65m  final=nanm  change=+nanm  min=0.16m
      [PPO] main-t0 ep8 step43 cmd(pl=-0.0007 vl=34.2328 ent=2.3121) rad(pl=-0.0003 vl=29844.8356 ent=323.5492)
    ep 9/10  steps=79 kill  wr=0.22  avg_r=2318.4079
      [dart] fire_rate=0.322  min_dist_init=2.63m  final=nanm  change=+nanm  min=0.08m
    ep 10/10  steps=33 kill  wr=0.20  avg_r=2378.0928
      [dart] fire_rate=0.361  min_dist_init=2.53m  final=nanm  change=+nanm  min=0.10m
    ── ep 10/10  wr=0.20  avg_r=2378.0928
  Training league_exploiter (team 0, p0066) against p0071...
    ep 1/10  steps=17 kill  wr=0.00  avg_r=1458.0113
      [dart] fire_rate=0.331  min_dist_init=15.54m  final=nanm  change=+nanm  min=0.05m
    ep 2/10  steps=21 kill  wr=0.00  avg_r=1654.4089
      [dart] fire_rate=0.338  min_dist_init=2.58m  final=nanm  change=+nanm  min=0.07m
    ep 3/10  steps=16 kill  wr=0.00  avg_r=1564.1190
      [dart] fire_rate=0.342  min_dist_init=16.46m  final=nanm  change=+nanm  min=0.14m
    ep 4/10  steps=6 kill  wr=0.25  avg_r=787.7420
      [dart] fire_rate=0.408  min_dist_init=44.14m  final=nanm  change=+nanm  min=0.35m
    ep 5/10  steps=6 kill  wr=0.20  avg_r=714.8022
      [dart] fire_rate=0.383  min_dist_init=89.73m  final=nanm  change=+nanm  min=0.32m
    ── ep 5/10  wr=0.20  avg_r=714.8022
    ep 6/10  steps=8 kill  wr=0.17  avg_r=700.1421
      [dart] fire_rate=0.446  min_dist_init=32.15m  final=nanm  change=+nanm  min=0.05m
    ep 7/10  steps=14 kill  wr=0.14  avg_r=764.4346
      [dart] fire_rate=0.381  min_dist_init=18.60m  final=nanm  change=+nanm  min=0.20m
    ep 8/10  steps=8 kill  wr=0.12  avg_r=752.3472
      [dart] fire_rate=0.369  min_dist_init=32.42m  final=nanm  change=+nanm  min=0.09m
    ep 9/10  steps=14 kill  wr=0.11  avg_r=797.1735
      [dart] fire_rate=0.397  min_dist_init=20.69m  final=nanm  change=+nanm  min=0.17m
    ep 10/10  steps=19 kill  wr=0.10  avg_r=875.1733
      [dart] fire_rate=0.324  min_dist_init=14.12m  final=nanm  change=+nanm  min=0.06m
    ── ep 10/10  wr=0.10  avg_r=875.1733
  Training main (team 1, p0067) against self...
    ep 1/10  steps=6 kill  wr=1.00  avg_r=-1532.7057
      [dart] fire_rate=0.517  min_dist_init=107.52m  final=nanm  change=+nanm  min=0.39m
    ep 2/10  steps=19 kill  wr=1.00  avg_r=51.7798
      [dart] fire_rate=0.368  min_dist_init=16.74m  final=nanm  change=+nanm  min=0.12m
    ep 3/10  steps=6 kill  wr=1.00  avg_r=188.4856
      [dart] fire_rate=0.417  min_dist_init=44.23m  final=nanm  change=+nanm  min=0.18m
    ep 4/10  steps=8 kill  wr=1.00  avg_r=-188.2360
      [dart] fire_rate=0.375  min_dist_init=43.41m  final=nanm  change=+nanm  min=0.18m
    ep 5/10  steps=6 kill  wr=1.00  avg_r=-455.2242
      [dart] fire_rate=0.400  min_dist_init=44.26m  final=nanm  change=+nanm  min=0.20m
    ── ep 5/10  wr=1.00  avg_r=-455.2242
  Training main (team 1, p0067) against p0077...
    ep 1/10  steps=15 kill  wr=2.00  avg_r=-2650.0941
      [dart] fire_rate=0.426  min_dist_init=32.35m  final=nanm  change=+nanm  min=0.15m
    ep 2/10  steps=9 kill  wr=1.50  avg_r=-1951.9072
      [dart] fire_rate=0.438  min_dist_init=58.68m  final=nanm  change=+nanm  min=0.19m
    ep 3/10  steps=10 kill  wr=1.33  avg_r=-1672.4448
      [dart] fire_rate=0.412  min_dist_init=25.76m  final=nanm  change=+nanm  min=0.15m
    ep 4/10  steps=6 kill  wr=1.25  avg_r=-1639.2883
      [dart] fire_rate=0.433  min_dist_init=49.02m  final=nanm  change=+nanm  min=0.08m
    ep 5/10  steps=6 kill  wr=1.00  avg_r=-1612.9492
      [dart] fire_rate=0.433  min_dist_init=100.45m  final=nanm  change=+nanm  min=0.33m
    ── ep 5/10  wr=1.00  avg_r=-1612.9492
  Training main_exploiter (team 1, p0068) against p0072...
    ep 1/10  steps=6 kill  wr=1.00  avg_r=-1590.4127
      [dart] fire_rate=0.475  min_dist_init=55.02m  final=nanm  change=+nanm  min=0.31m
    ep 2/10  steps=6 kill  wr=1.50  avg_r=-2532.8003
      [dart] fire_rate=0.525  min_dist_init=85.82m  final=nanm  change=+nanm  min=0.33m
    ep 3/10  steps=6 kill  wr=2.00  avg_r=-3525.3099
      [dart] fire_rate=0.567  min_dist_init=169.36m  final=nanm  change=+nanm  min=0.45m
    ep 4/10  steps=6 kill  wr=2.25  avg_r=-4024.9513
      [dart] fire_rate=0.575  min_dist_init=144.16m  final=nanm  change=+nanm  min=0.23m
    ep 5/10  steps=17 kill  wr=2.00  avg_r=-3318.9240
      [dart] fire_rate=0.453  min_dist_init=15.58m  final=nanm  change=+nanm  min=0.19m
    ── ep 5/10  wr=2.00  avg_r=-3318.9240
    ep 6/10  steps=7 kill  wr=1.83  avg_r=-2997.6660
      [dart] fire_rate=0.472  min_dist_init=37.11m  final=nanm  change=+nanm  min=0.36m
    ep 7/10  steps=7 kill  wr=1.57  avg_r=-2492.4032
      [dart] fire_rate=0.465  min_dist_init=37.29m  final=nanm  change=+nanm  min=0.08m
    ep 8/10  steps=8 kill  wr=1.75  avg_r=-2841.9061
      [dart] fire_rate=0.512  min_dist_init=91.78m  final=nanm  change=+nanm  min=0.40m
    ep 9/10  steps=7 kill  wr=1.56  avg_r=-2462.1649
      [dart] fire_rate=0.438  min_dist_init=37.11m  final=nanm  change=+nanm  min=0.26m
    ep 10/10  steps=6 kill  wr=1.40  avg_r=-2166.2418
      [dart] fire_rate=0.508  min_dist_init=44.11m  final=nanm  change=+nanm  min=0.38m
    ── ep 10/10  wr=1.40  avg_r=-2166.2418
  Training league_exploiter (team 1, p0069) against p0072...
    ep 1/10  steps=6 kill  wr=1.00  avg_r=-1493.6190
      [dart] fire_rate=0.467  min_dist_init=44.23m  final=nanm  change=+nanm  min=0.26m
    ep 2/10  steps=6 kill  wr=1.00  avg_r=-1514.6045
      [dart] fire_rate=0.517  min_dist_init=103.69m  final=nanm  change=+nanm  min=0.34m
    ep 3/10  steps=6 kill  wr=1.00  avg_r=-1525.4191
      [dart] fire_rate=0.475  min_dist_init=44.19m  final=nanm  change=+nanm  min=0.53m
    ep 4/10  steps=6 kill  wr=1.00  avg_r=-1527.7987
      [dart] fire_rate=0.483  min_dist_init=44.18m  final=nanm  change=+nanm  min=0.11m
    ep 5/10  steps=8 kill  wr=1.00  avg_r=-1492.0137
      [dart] fire_rate=0.530  min_dist_init=32.38m  final=nanm  change=+nanm  min=0.06m
    ── ep 5/10  wr=1.00  avg_r=-1492.0137
    ep 6/10  steps=6 kill  wr=1.00  avg_r=-1497.0184
      [dart] fire_rate=0.533  min_dist_init=44.23m  final=nanm  change=+nanm  min=0.23m
    ep 7/10  steps=6 kill  wr=1.00  avg_r=-1496.5811
      [dart] fire_rate=0.550  min_dist_init=44.28m  final=nanm  change=+nanm  min=0.26m
    ep 8/10  steps=7 kill  wr=1.00  avg_r=-1484.8917
      [dart] fire_rate=0.458  min_dist_init=37.26m  final=nanm  change=+nanm  min=0.05m
    ep 9/10  steps=8 kill  wr=1.00  avg_r=-1472.2870
      [dart] fire_rate=0.446  min_dist_init=32.47m  final=nanm  change=+nanm  min=0.17m
    ep 10/10  steps=10 kill  wr=0.90  avg_r=-1238.8422
      [dart] fire_rate=0.505  min_dist_init=25.67m  final=nanm  change=+nanm  min=0.12m
    ── ep 10/10  wr=0.90  avg_r=-1238.8422
[League] Iteration 6 complete in 17701.4s
[League] alpha=0.500 (schedule=linear) beta_kl=0.075
[League] kill_radius hold at 24.500m (kill_rate=0.00 < 0.7)

============================================================
PSRO Iteration 7/24
============================================================
[League] Iteration 7: Evaluating payoff matrix...
  [payoff] p0072 vs p0070 (1/32)...     step 100: alive=8 red_wins=0/0 wr_sofar=0.00
    step 200: alive=8 red_wins=0/0 wr_sofar=0.00
    step 300: alive=8 red_wins=0/0 wr_sofar=0.00
    step 400: alive=8 red_wins=0/0 wr_sofar=0.00
    [p0072 vs p0070] final-step illumination_progress: team0=0.0000 team1=0.0000 (max t0=0.0000 t1=0.0000)
win_rate=0.50 (506.7s)
  [payoff] p0072 vs p0071 (2/32)...     step 100: alive=8 red_wins=0/0 wr_sofar=0.00
    step 200: alive=8 red_wins=0/0 wr_sofar=0.00
    step 300: alive=8 red_wins=0/0 wr_sofar=0.00
    step 400: alive=8 red_wins=0/0 wr_sofar=0.00
    [p0072 vs p0071] final-step illumination_progress: team0=0.0000 team1=0.0000 (max t0=0.0000 t1=0.0000)
win_rate=0.50 (507.9s)
  [payoff] p0072 vs p0073 (3/32)...     step 100: alive=8 red_wins=0/0 wr_sofar=0.00
    step 200: alive=8 red_wins=0/0 wr_sofar=0.00
    step 300: alive=8 red_wins=0/0 wr_sofar=0.00
    step 400: alive=8 red_wins=0/0 wr_sofar=0.00
    [p0072 vs p0073] final-step illumination_progress: team0=0.0000 team1=0.0000 (max t0=0.0000 t1=0.0000)
win_rate=0.50 (509.8s)
  [payoff] p0072 vs p0074 (4/32)...     step 100: alive=8 red_wins=0/0 wr_sofar=0.00
    step 200: alive=8 red_wins=0/0 wr_sofar=0.00
    step 300: alive=8 red_wins=0/0 wr_sofar=0.00
    step 400: alive=8 red_wins=0/0 wr_sofar=0.00
    [p0072 vs p0074] final-step illumination_progress: team0=0.0000 team1=0.0000 (max t0=0.0000 t1=0.0000)
win_rate=0.50 (507.5s)
  [payoff] p0072 vs p0075 (5/32)...     step 100: alive=8 red_wins=0/0 wr_sofar=0.00
    step 200: alive=8 red_wins=0/0 wr_sofar=0.00
    step 300: alive=8 red_wins=0/0 wr_sofar=0.00
    step 400: alive=8 red_wins=0/0 wr_sofar=0.00
    [p0072 vs p0075] final-step illumination_progress: team0=0.0000 team1=0.0000 (max t0=0.0000 t1=0.0000)
win_rate=0.50 (509.4s)
  [payoff] p0072 vs p0079 (6/32)...     step 100: alive=8 red_wins=0/0 wr_sofar=0.00
    step 200: alive=8 red_wins=0/0 wr_sofar=0.00
    step 300: alive=8 red_wins=0/0 wr_sofar=0.00
    step 400: alive=8 red_wins=0/0 wr_sofar=0.00
    [p0072 vs p0079] final-step illumination_progress: team0=0.0000 team1=0.0000 (max t0=0.0000 t1=0.0000)
win_rate=0.50 (507.4s)
  [payoff] p0072 vs p0080 (7/32)...     step 100: alive=8 red_wins=0/0 wr_sofar=0.00
    step 200: alive=8 red_wins=0/0 wr_sofar=0.00
    step 300: alive=8 red_wins=0/0 wr_sofar=0.00
    step 400: alive=8 red_wins=0/0 wr_sofar=0.00
    [p0072 vs p0080] final-step illumination_progress: team0=0.0000 team1=0.0000 (max t0=0.0000 t1=0.0000)
win_rate=0.50 (509.3s)
  [payoff] p0072 vs p0081 (8/32)...     step 100: alive=8 red_wins=0/0 wr_sofar=0.00
    step 200: alive=8 red_wins=0/0 wr_sofar=0.00
    step 300: alive=8 red_wins=0/0 wr_sofar=0.00
    step 400: alive=8 red_wins=0/0 wr_sofar=0.00
    [p0072 vs p0081] final-step illumination_progress: team0=0.0000 team1=0.0000 (max t0=0.0000 t1=0.0000)
win_rate=0.50 (509.9s)
  [payoff] p0076 vs p0070 (9/32)...     step 100: alive=8 red_wins=0/0 wr_sofar=0.00
    step 200: alive=8 red_wins=0/0 wr_sofar=0.00
    step 300: alive=8 red_wins=0/0 wr_sofar=0.00
    step 400: alive=8 red_wins=0/0 wr_sofar=0.00
    [p0076 vs p0070] final-step illumination_progress: team0=0.0000 team1=0.0000 (max t0=0.0000 t1=0.0000)
win_rate=0.50 (508.6s)
  [payoff] p0076 vs p0071 (10/32)...     step 100: alive=8 red_wins=0/0 wr_sofar=0.00
    step 200: alive=8 red_wins=0/0 wr_sofar=0.00
    step 300: alive=8 red_wins=0/0 wr_sofar=0.00
    step 400: alive=8 red_wins=0/0 wr_sofar=0.00
    [p0076 vs p0071] final-step illumination_progress: team0=0.0000 team1=0.0000 (max t0=0.0000 t1=0.0000)
win_rate=0.50 (507.2s)
  [payoff] p0076 vs p0073 (11/32)...     step 100: alive=8 red_wins=0/0 wr_sofar=0.00
    step 200: alive=8 red_wins=0/0 wr_sofar=0.00
    step 300: alive=8 red_wins=0/0 wr_sofar=0.00
    step 400: alive=8 red_wins=0/0 wr_sofar=0.00
    [p0076 vs p0073] final-step illumination_progress: team0=0.0000 team1=0.0000 (max t0=0.0000 t1=0.0000)
win_rate=0.50 (507.8s)
  [payoff] p0076 vs p0074 (12/32)...     step 100: alive=8 red_wins=0/0 wr_sofar=0.00
    step 200: alive=8 red_wins=0/0 wr_sofar=0.00
    step 300: alive=8 red_wins=0/0 wr_sofar=0.00
    step 400: alive=8 red_wins=0/0 wr_sofar=0.00
    [p0076 vs p0074] final-step illumination_progress: team0=0.0000 team1=0.0000 (max t0=0.0000 t1=0.0000)
win_rate=0.50 (507.8s)
  [payoff] p0076 vs p0075 (13/32)...     step 100: alive=8 red_wins=0/0 wr_sofar=0.00
    step 200: alive=8 red_wins=0/0 wr_sofar=0.00
    step 300: alive=8 red_wins=0/0 wr_sofar=0.00
    step 400: alive=8 red_wins=0/0 wr_sofar=0.00
    [p0076 vs p0075] final-step illumination_progress: team0=0.0000 team1=0.0000 (max t0=0.0000 t1=0.0000)
win_rate=0.50 (509.8s)
  [payoff] p0076 vs p0079 (14/32)...     step 100: alive=8 red_wins=0/0 wr_sofar=0.00
    step 200: alive=8 red_wins=0/0 wr_sofar=0.00
    step 300: alive=8 red_wins=0/0 wr_sofar=0.00
    step 400: alive=8 red_wins=0/0 wr_sofar=0.00
    [p0076 vs p0079] final-step illumination_progress: team0=0.0000 team1=0.0000 (max t0=0.0000 t1=0.0000)
win_rate=0.50 (508.1s)
  [payoff] p0076 vs p0080 (15/32)...     step 100: alive=8 red_wins=0/0 wr_sofar=0.00
    step 200: alive=8 red_wins=0/0 wr_sofar=0.00
    step 300: alive=8 red_wins=0/0 wr_sofar=0.00
    step 400: alive=8 red_wins=0/0 wr_sofar=0.00
    [p0076 vs p0080] final-step illumination_progress: team0=0.0000 team1=0.0000 (max t0=0.0000 t1=0.0000)
win_rate=0.50 (507.8s)
  [payoff] p0076 vs p0081 (16/32)...     step 100: alive=8 red_wins=0/0 wr_sofar=0.00
    step 200: alive=8 red_wins=0/0 wr_sofar=0.00
    step 300: alive=8 red_wins=0/0 wr_sofar=0.00
    step 400: alive=8 red_wins=0/0 wr_sofar=0.00
    [p0076 vs p0081] final-step illumination_progress: team0=0.0000 team1=0.0000 (max t0=0.0000 t1=0.0000)
win_rate=0.50 (509.4s)
  [payoff] p0077 vs p0070 (17/32)...     step 100: alive=8 red_wins=0/0 wr_sofar=0.00
    step 200: alive=8 red_wins=0/0 wr_sofar=0.00
    step 300: alive=8 red_wins=0/0 wr_sofar=0.00
    step 400: alive=8 red_wins=0/0 wr_sofar=0.00
    [p0077 vs p0070] final-step illumination_progress: team0=0.0000 team1=0.0000 (max t0=0.0000 t1=0.0000)
win_rate=0.50 (508.4s)
  [payoff] p0077 vs p0071 (18/32)...     step 100: alive=8 red_wins=0/0 wr_sofar=0.00
    step 200: alive=8 red_wins=0/0 wr_sofar=0.00
    step 300: alive=8 red_wins=0/0 wr_sofar=0.00
    step 400: alive=8 red_wins=0/0 wr_sofar=0.00
    [p0077 vs p0071] final-step illumination_progress: team0=0.0000 team1=0.0000 (max t0=0.0000 t1=0.0000)
win_rate=0.50 (510.5s)
  [payoff] p0077 vs p0073 (19/32)...     step 100: alive=8 red_wins=0/0 wr_sofar=0.00
    step 200: alive=8 red_wins=0/0 wr_sofar=0.00
    step 300: alive=8 red_wins=0/0 wr_sofar=0.00
    step 400: alive=8 red_wins=0/0 wr_sofar=0.00
    [p0077 vs p0073] final-step illumination_progress: team0=0.0000 team1=0.0000 (max t0=0.0000 t1=0.0000)
win_rate=0.50 (506.7s)
  [payoff] p0077 vs p0074 (20/32)...     step 100: alive=8 red_wins=0/0 wr_sofar=0.00
    step 200: alive=8 red_wins=0/0 wr_sofar=0.00
    step 300: alive=8 red_wins=0/0 wr_sofar=0.00
    step 400: alive=8 red_wins=0/0 wr_sofar=0.00
    [p0077 vs p0074] final-step illumination_progress: team0=0.0000 team1=0.0000 (max t0=0.0000 t1=0.0000)
win_rate=0.50 (507.5s)
  [payoff] p0077 vs p0075 (21/32)...     step 100: alive=8 red_wins=0/0 wr_sofar=0.00
    step 200: alive=8 red_wins=0/0 wr_sofar=0.00
    step 300: alive=8 red_wins=0/0 wr_sofar=0.00
    step 400: alive=8 red_wins=0/0 wr_sofar=0.00
    [p0077 vs p0075] final-step illumination_progress: team0=0.0000 team1=0.0000 (max t0=0.0000 t1=0.0000)
win_rate=0.50 (508.6s)
  [payoff] p0077 vs p0079 (22/32)...     step 100: alive=8 red_wins=0/0 wr_sofar=0.00
    step 200: alive=8 red_wins=0/0 wr_sofar=0.00
    step 300: alive=8 red_wins=0/0 wr_sofar=0.00
    step 400: alive=8 red_wins=0/0 wr_sofar=0.00
    [p0077 vs p0079] final-step illumination_progress: team0=0.0000 team1=0.0000 (max t0=0.0000 t1=0.0000)
win_rate=0.50 (508.0s)
  [payoff] p0077 vs p0080 (23/32)...     step 100: alive=8 red_wins=0/0 wr_sofar=0.00
    step 200: alive=8 red_wins=0/0 wr_sofar=0.00
    step 300: alive=8 red_wins=0/0 wr_sofar=0.00
    step 400: alive=8 red_wins=0/0 wr_sofar=0.00
    [p0077 vs p0080] final-step illumination_progress: team0=0.0000 team1=0.0000 (max t0=0.0000 t1=0.0000)
win_rate=0.50 (509.4s)
  [payoff] p0077 vs p0081 (24/32)...     step 100: alive=8 red_wins=0/0 wr_sofar=0.00
    step 200: alive=8 red_wins=0/0 wr_sofar=0.00
    step 300: alive=8 red_wins=0/0 wr_sofar=0.00
    step 400: alive=8 red_wins=0/0 wr_sofar=0.00
    [p0077 vs p0081] final-step illumination_progress: team0=0.0000 team1=0.0000 (max t0=0.0000 t1=0.0000)
win_rate=0.50 (508.7s)
  [payoff] p0078 vs p0070 (25/32)...     step 100: alive=8 red_wins=0/0 wr_sofar=0.00
    step 200: alive=8 red_wins=0/0 wr_sofar=0.00
    step 300: alive=8 red_wins=0/0 wr_sofar=0.00
    step 400: alive=8 red_wins=0/0 wr_sofar=0.00
    [p0078 vs p0070] final-step illumination_progress: team0=0.0000 team1=0.0000 (max t0=0.0000 t1=0.0000)
win_rate=0.50 (509.2s)
  [payoff] p0078 vs p0071 (26/32)...     step 100: alive=8 red_wins=0/0 wr_sofar=0.00
    step 200: alive=8 red_wins=0/0 wr_sofar=0.00
    step 300: alive=8 red_wins=0/0 wr_sofar=0.00
    step 400: alive=8 red_wins=0/0 wr_sofar=0.00
    [p0078 vs p0071] final-step illumination_progress: team0=0.0000 team1=0.0000 (max t0=0.0000 t1=0.0000)
win_rate=0.50 (507.2s)
  [payoff] p0078 vs p0073 (27/32)...     step 100: alive=8 red_wins=0/0 wr_sofar=0.00
    step 200: alive=8 red_wins=0/0 wr_sofar=0.00
    step 300: alive=8 red_wins=0/0 wr_sofar=0.00
    step 400: alive=8 red_wins=0/0 wr_sofar=0.00
    [p0078 vs p0073] final-step illumination_progress: team0=0.0000 team1=0.0000 (max t0=0.0000 t1=0.0000)
win_rate=0.50 (510.8s)
  [payoff] p0078 vs p0074 (28/32)...     step 100: alive=8 red_wins=0/0 wr_sofar=0.00
    step 200: alive=8 red_wins=0/0 wr_sofar=0.00
    step 300: alive=8 red_wins=0/0 wr_sofar=0.00
    step 400: alive=8 red_wins=0/0 wr_sofar=0.00
    [p0078 vs p0074] final-step illumination_progress: team0=0.0000 team1=0.0000 (max t0=0.0000 t1=0.0000)
win_rate=0.50 (507.9s)
  [payoff] p0078 vs p0075 (29/32)...     step 100: alive=8 red_wins=0/0 wr_sofar=0.00
    step 200: alive=8 red_wins=0/0 wr_sofar=0.00
    step 300: alive=8 red_wins=0/0 wr_sofar=0.00
    step 400: alive=8 red_wins=0/0 wr_sofar=0.00
    [p0078 vs p0075] final-step illumination_progress: team0=0.0000 team1=0.0000 (max t0=0.0000 t1=0.0000)
win_rate=0.50 (508.8s)
  [payoff] p0078 vs p0079 (30/32)...     step 100: alive=8 red_wins=0/0 wr_sofar=0.00
    step 200: alive=8 red_wins=0/0 wr_sofar=0.00
    step 300: alive=8 red_wins=0/0 wr_sofar=0.00
    step 400: alive=8 red_wins=0/0 wr_sofar=0.00
    [p0078 vs p0079] final-step illumination_progress: team0=0.0000 team1=0.0000 (max t0=0.0000 t1=0.0000)
win_rate=0.50 (507.5s)
  [payoff] p0078 vs p0080 (31/32)...     step 100: alive=8 red_wins=0/0 wr_sofar=0.00
    step 200: alive=8 red_wins=0/0 wr_sofar=0.00
    step 300: alive=8 red_wins=0/0 wr_sofar=0.00
    step 400: alive=8 red_wins=0/0 wr_sofar=0.00
    [p0078 vs p0080] final-step illumination_progress: team0=0.0000 team1=0.0000 (max t0=0.0000 t1=0.0000)
win_rate=0.50 (509.7s)
  [payoff] p0078 vs p0081 (32/32)...     step 100: alive=8 red_wins=0/0 wr_sofar=0.00
    step 200: alive=8 red_wins=0/0 wr_sofar=0.00
    step 300: alive=8 red_wins=0/0 wr_sofar=0.00
    step 400: alive=8 red_wins=0/0 wr_sofar=0.00
    [p0078 vs p0081] final-step illumination_progress: team0=0.0000 team1=0.0000 (max t0=0.0000 t1=0.0000)
win_rate=0.50 (507.3s)
  Team 0 sigma=[1. 0. 0. 0.] NashConv=0.0000 H_task=1.386 effK=1.00
  Team 1 sigma=[1. 0. 0. 0. 0. 0. 0. 0.] NashConv=0.0000 H_task=1.386 effK=1.00
  Training main_exploiter (team 1, p0070) against p0072...
    ep 1/10  steps=9 kill  wr=2.00  avg_r=-3235.8567
      [dart] fire_rate=0.495  min_dist_init=66.32m  final=nanm  change=+nanm  min=0.07m
    ep 2/10  steps=9 kill  wr=1.00  avg_r=-1227.4876
      [dart] fire_rate=0.427  min_dist_init=36.14m  final=nanm  change=+nanm  min=0.27m
    ep 3/10  steps=9 kill  wr=1.33  avg_r=-1897.4148
      [dart] fire_rate=0.464  min_dist_init=54.62m  final=nanm  change=+nanm  min=0.18m
    ep 4/10  steps=22 kill  wr=1.00  avg_r=-926.9556
      [dart] fire_rate=0.508  min_dist_init=3.75m  final=nanm  change=+nanm  min=0.19m
    ep 5/10  steps=9 kill  wr=0.80  avg_r=-586.3294
      [dart] fire_rate=0.500  min_dist_init=28.60m  final=nanm  change=+nanm  min=0.10m
    ── ep 5/10  wr=0.80  avg_r=-586.3294
    ep 6/10  steps=6 kill  wr=0.83  avg_r=-742.4983
      [dart] fire_rate=0.558  min_dist_init=127.62m  final=nanm  change=+nanm  min=0.31m
    ep 7/10  steps=6 kill  wr=0.86  avg_r=-848.8609
      [dart] fire_rate=0.458  min_dist_init=44.24m  final=nanm  change=+nanm  min=0.23m
    ep 8/10  steps=11 kill  wr=0.75  avg_r=-625.3670
      [dart] fire_rate=0.513  min_dist_init=23.50m  final=nanm  change=+nanm  min=0.18m
    ep 9/10  steps=6 kill  wr=0.67  avg_r=-501.3710
      [dart] fire_rate=0.492  min_dist_init=44.23m  final=nanm  change=+nanm  min=0.12m
    ep 10/10  steps=9 kill  wr=0.60  avg_r=-375.4227
      [dart] fire_rate=0.526  min_dist_init=80.58m  final=nanm  change=+nanm  min=0.14m
    ── ep 10/10  wr=0.60  avg_r=-375.4227
  Training league_exploiter (team 1, p0071) against p0078...
    ep 1/10  steps=7 kill  wr=0.00  avg_r=559.8369
      [dart] fire_rate=0.389  min_dist_init=37.19m  final=nanm  change=+nanm  min=0.43m
    ep 2/10  steps=6 kill  wr=0.00  avg_r=511.0469
      [dart] fire_rate=0.500  min_dist_init=44.20m  final=nanm  change=+nanm  min=0.39m
    ep 3/10  steps=7 kill  wr=0.33  avg_r=-144.5305
      [dart] fire_rate=0.458  min_dist_init=37.31m  final=nanm  change=+nanm  min=0.29m
    ep 4/10  steps=7 kill  wr=0.25  avg_r=22.5014
      [dart] fire_rate=0.403  min_dist_init=37.25m  final=nanm  change=+nanm  min=0.29m
    ep 5/10  steps=13 kill  wr=0.20  avg_r=240.1370
      [dart] fire_rate=0.431  min_dist_init=19.81m  final=nanm  change=+nanm  min=0.18m
    ── ep 5/10  wr=0.20  avg_r=240.1370
    ep 6/10  steps=7 kill  wr=0.17  avg_r=284.9180
      [dart] fire_rate=0.451  min_dist_init=37.35m  final=nanm  change=+nanm  min=0.09m
    ep 7/10  steps=10 kill  wr=0.43  avg_r=-207.9563
      [dart] fire_rate=0.389  min_dist_init=48.79m  final=nanm  change=+nanm  min=0.05m
    ep 8/10  steps=9 kill  wr=0.38  avg_r=-90.6343
      [dart] fire_rate=0.422  min_dist_init=28.73m  final=nanm  change=+nanm  min=0.20m
    ep 9/10  steps=16 kill  wr=0.33  avg_r=73.4176
      [dart] fire_rate=0.431  min_dist_init=16.51m  final=nanm  change=+nanm  min=0.08m
    ep 10/10  steps=6 kill  wr=0.40  avg_r=-85.4958
      [dart] fire_rate=0.467  min_dist_init=85.84m  final=nanm  change=+nanm  min=0.27m
    ── ep 10/10  wr=0.40  avg_r=-85.4958
  Training main (team 0, p0072) against self...
    ep 1/10  steps=10 kill  wr=1.00  avg_r=817.4939
      [dart] fire_rate=0.472  min_dist_init=26.21m  final=nanm  change=+nanm  min=0.11m
    ep 2/10  steps=18 kill  wr=1.00  avg_r=1197.2680
      [dart] fire_rate=0.434  min_dist_init=14.82m  final=nanm  change=+nanm  min=0.14m
  Training main (team 0, p0072) against p0082...
    ep 1/10  steps=6 kill  wr=1.00  avg_r=-1552.8490
      [dart] fire_rate=0.467  min_dist_init=44.16m  final=nanm  change=+nanm  min=0.07m
    ep 2/10  steps=7 kill  wr=1.00  avg_r=-1502.6334
      [dart] fire_rate=0.431  min_dist_init=37.22m  final=nanm  change=+nanm  min=0.39m
  Training main (team 0, p0072) against p0083...
    ep 1/10  steps=21 kill  wr=0.00  avg_r=1870.9499
      [dart] fire_rate=0.408  min_dist_init=2.57m  final=nanm  change=+nanm  min=0.11m
    ep 2/10  steps=6 kill  wr=0.50  avg_r=191.1246
      [dart] fire_rate=0.525  min_dist_init=85.79m  final=nanm  change=+nanm  min=0.49m
  Training main (team 0, p0072) against p0074...
    ep 1/10  steps=8 kill  wr=0.00  avg_r=670.1901
      [dart] fire_rate=0.369  min_dist_init=32.10m  final=nanm  change=+nanm  min=0.24m
    ep 2/10  steps=6 kill  wr=0.00  avg_r=566.1415
      [dart] fire_rate=0.408  min_dist_init=44.26m  final=nanm  change=+nanm  min=0.17m
  Training main (team 1, p0073) against self...
    ep 1/10  steps=18 kill  wr=1.00  avg_r=1529.6877
      [dart] fire_rate=0.373  min_dist_init=14.86m  final=nanm  change=+nanm  min=0.15m
    ep 2/10  steps=17 kill  wr=1.00  avg_r=529.4610
      [dart] fire_rate=0.354  min_dist_init=15.53m  final=nanm  change=+nanm  min=0.10m
  Training main (team 1, p0073) against p0084...
    ep 1/10  steps=11 kill  wr=1.00  avg_r=-1049.7072
      [dart] fire_rate=0.467  min_dist_init=23.49m  final=nanm  change=+nanm  min=0.02m
    ep 2/10  steps=7 kill  wr=1.00  avg_r=-1245.6326
      [dart] fire_rate=0.486  min_dist_init=37.37m  final=nanm  change=+nanm  min=0.25m
  Training main (team 1, p0073) against p0077...
    ep 1/10  steps=6 kill  wr=0.00  avg_r=484.6023
      [dart] fire_rate=0.433  min_dist_init=44.27m  final=nanm  change=+nanm  min=0.22m
    ep 2/10  steps=9 kill  wr=0.50  avg_r=-372.3450
      [dart] fire_rate=0.354  min_dist_init=28.74m  final=nanm  change=+nanm  min=0.10m
  Training main (team 1, p0073) against p0078...
    ep 1/10  steps=20 kill  wr=0.00  avg_r=1762.8162
      [dart] fire_rate=0.373  min_dist_init=13.60m  final=nanm  change=+nanm  min=0.05m
    ep 2/10  steps=13 kill  wr=0.00  avg_r=1434.7473
      [dart] fire_rate=0.385  min_dist_init=20.00m  final=nanm  change=+nanm  min=0.08m
  Training main_exploiter (team 1, p0074) against p0084...
    ep 1/10  steps=6 kill  wr=2.00  avg_r=-3547.9661
      [dart] fire_rate=0.558  min_dist_init=146.68m  final=nanm  change=+nanm  min=0.10m
    ep 2/10  steps=6 kill  wr=1.50  avg_r=-2541.6996
      [dart] fire_rate=0.483  min_dist_init=44.31m  final=nanm  change=+nanm  min=0.12m
    ep 3/10  steps=14 kill  wr=1.33  avg_r=-1939.1099
      [dart] fire_rate=0.426  min_dist_init=18.47m  final=nanm  change=+nanm  min=0.26m
    ep 4/10  steps=6 kill  wr=1.25  avg_r=-1833.8548
      [dart] fire_rate=0.442  min_dist_init=49.38m  final=nanm  change=+nanm  min=0.03m
    ep 5/10  steps=17 kill  wr=1.20  avg_r=-1559.1412
      [dart] fire_rate=0.477  min_dist_init=15.55m  final=nanm  change=+nanm  min=0.15m
    ── ep 5/10  wr=1.20  avg_r=-1559.1412
    ep 6/10  steps=13 kill  wr=1.17  avg_r=-1442.7624
      [dart] fire_rate=0.444  min_dist_init=19.80m  final=nanm  change=+nanm  min=0.05m
    ep 7/10  steps=7 kill  wr=1.00  avg_r=-1154.1057
      [dart] fire_rate=0.465  min_dist_init=40.59m  final=nanm  change=+nanm  min=0.14m
    ep 8/10  steps=14 kill  wr=0.88  avg_r=-852.2316
      [dart] fire_rate=0.474  min_dist_init=18.51m  final=nanm  change=+nanm  min=0.09m
    ep 9/10  steps=6 kill  wr=0.89  avg_r=-922.1720
      [dart] fire_rate=0.500  min_dist_init=85.97m  final=nanm  change=+nanm  min=0.09m
    ep 10/10  steps=6 kill  wr=0.90  avg_r=-979.8026
      [dart] fire_rate=0.442  min_dist_init=44.18m  final=nanm  change=+nanm  min=0.16m
    ── ep 10/10  wr=0.90  avg_r=-979.8026
  Training league_exploiter (team 1, p0075) against p0076...
    ep 1/10  steps=7 kill  wr=1.00  avg_r=-1419.7541
      [dart] fire_rate=0.465  min_dist_init=37.36m  final=nanm  change=+nanm  min=0.10m
    ep 2/10  steps=6 kill  wr=0.50  avg_r=-473.7954
      [dart] fire_rate=0.467  min_dist_init=44.24m  final=nanm  change=+nanm  min=0.07m
    ep 3/10  steps=19 kill  wr=0.67  avg_r=-396.5106
      [dart] fire_rate=0.468  min_dist_init=14.14m  final=nanm  change=+nanm  min=0.12m
    ep 4/10  steps=6 kill  wr=0.50  avg_r=-180.3951
      [dart] fire_rate=0.467  min_dist_init=44.30m  final=nanm  change=+nanm  min=0.48m
    ep 5/10  steps=6 kill  wr=0.60  avg_r=-446.4463
      [dart] fire_rate=0.575  min_dist_init=60.21m  final=nanm  change=+nanm  min=0.18m
    ── ep 5/10  wr=0.60  avg_r=-446.4463
    ep 6/10  steps=6 kill  wr=0.50  avg_r=-290.9197
      [dart] fire_rate=0.558  min_dist_init=44.26m  final=nanm  change=+nanm  min=0.18m
    ep 7/10  steps=6 kill  wr=0.71  avg_r=-751.5052
      [dart] fire_rate=0.517  min_dist_init=85.74m  final=nanm  change=+nanm  min=0.11m
    ep 8/10  steps=6 kill  wr=0.75  avg_r=-846.5506
      [dart] fire_rate=0.433  min_dist_init=54.25m  final=nanm  change=+nanm  min=0.26m
    ep 9/10  steps=8 kill  wr=0.67  avg_r=-679.4256
      [dart] fire_rate=0.411  min_dist_init=32.38m  final=nanm  change=+nanm  min=0.09m
    ep 10/10  steps=6 kill  wr=0.70  avg_r=-768.4812
      [dart] fire_rate=0.517  min_dist_init=44.56m  final=nanm  change=+nanm  min=0.15m
    ── ep 10/10  wr=0.70  avg_r=-768.4812
  Training main (team 0, p0076) against self...
    ep 1/10  steps=9 kill  wr=1.00  avg_r=-1261.5202
      [dart] fire_rate=0.464  min_dist_init=28.51m  final=nanm  change=+nanm  min=0.16m
    ep 2/10  steps=6 kill  wr=1.00  avg_r=-1401.8543
      [dart] fire_rate=0.475  min_dist_init=44.11m  final=nanm  change=+nanm  min=0.41m
  Training main (team 0, p0076) against p0082...
    ep 1/10  steps=9 kill  wr=1.00  avg_r=-1231.9047
      [dart] fire_rate=0.443  min_dist_init=28.55m  final=nanm  change=+nanm  min=0.10m
    ep 2/10  steps=14 kill  wr=0.50  avg_r=-20.5526
      [dart] fire_rate=0.426  min_dist_init=18.57m  final=nanm  change=+nanm  min=0.23m
  Training main (team 0, p0076) against p0087...
    ep 1/10  steps=14 kill  wr=0.00  avg_r=1205.1119
      [dart] fire_rate=0.413  min_dist_init=23.74m  final=nanm  change=+nanm  min=0.20m
    ep 2/10  steps=6 kill  wr=0.00  avg_r=817.3249
      [dart] fire_rate=0.417  min_dist_init=44.27m  final=nanm  change=+nanm  min=0.18m
  Training main (team 0, p0076) against p0080...
    ep 1/10  steps=23 kill  wr=0.00  avg_r=2056.4412
      [dart] fire_rate=0.420  min_dist_init=2.60m  final=nanm  change=+nanm  min=0.23m
    ep 2/10  steps=6 kill  wr=0.50  avg_r=271.9481
      [dart] fire_rate=0.475  min_dist_init=45.86m  final=nanm  change=+nanm  min=0.06m
  Training main_exploiter (team 0, p0077) against p0085...
    ep 1/10  steps=38 kill  wr=0.00  avg_r=3311.0685
      [dart] fire_rate=0.331  min_dist_init=2.59m  final=nanm  change=+nanm  min=0.22m
    ep 2/10  steps=11 kill  wr=0.50  avg_r=1126.5469
      [dart] fire_rate=0.342  min_dist_init=44.40m  final=nanm  change=+nanm  min=0.26m
    ep 3/10  steps=7 kill  wr=0.33  avg_r=939.2089
      [dart] fire_rate=0.347  min_dist_init=37.53m  final=nanm  change=+nanm  min=0.23m
    ep 4/10  steps=13 kill  wr=0.25  avg_r=978.0382
      [dart] fire_rate=0.319  min_dist_init=20.08m  final=nanm  change=+nanm  min=0.48m
    ep 5/10  steps=29 kill  wr=0.40  avg_r=884.1308
      [dart] fire_rate=0.315  min_dist_init=2.70m  final=nanm  change=+nanm  min=0.14m
    ── ep 5/10  wr=0.40  avg_r=884.1308
    ep 6/10  steps=30 kill  wr=0.50  avg_r=826.9363
      [dart] fire_rate=0.274  min_dist_init=2.77m  final=nanm  change=+nanm  min=0.04m
    ep 7/10  steps=9 kill  wr=0.43  avg_r=805.5932
      [dart] fire_rate=0.354  min_dist_init=30.16m  final=nanm  change=+nanm  min=0.34m
    ep 8/10  steps=16 kill  wr=0.38  avg_r=873.2877
      [dart] fire_rate=0.322  min_dist_init=16.72m  final=nanm  change=+nanm  min=0.28m
    ep 9/10  steps=18 kill  wr=0.33  avg_r=947.5850
      [dart] fire_rate=0.314  min_dist_init=15.00m  final=nanm  change=+nanm  min=0.13m
    ep 10/10  steps=8 kill  wr=0.30  avg_r=912.5143
      [dart] fire_rate=0.375  min_dist_init=35.18m  final=nanm  change=+nanm  min=0.33m
    ── ep 10/10  wr=0.30  avg_r=912.5143
  Training league_exploiter (team 0, p0078) against p0087...
    ep 1/10  steps=6 kill  wr=0.00  avg_r=462.2535
      [dart] fire_rate=0.425  min_dist_init=48.94m  final=nanm  change=+nanm  min=0.14m
    ep 2/10  steps=10 kill  wr=0.00  avg_r=617.8228
      [dart] fire_rate=0.394  min_dist_init=25.77m  final=nanm  change=+nanm  min=0.18m
    ep 3/10  steps=8 kill  wr=0.00  avg_r=626.4687
      [dart] fire_rate=0.327  min_dist_init=32.39m  final=nanm  change=+nanm  min=0.08m
    ep 4/10  steps=8 kill  wr=0.00  avg_r=625.4188
      [dart] fire_rate=0.357  min_dist_init=32.38m  final=nanm  change=+nanm  min=0.10m
    ep 5/10  steps=6 kill  wr=0.00  avg_r=596.1715
      [dart] fire_rate=0.417  min_dist_init=44.48m  final=nanm  change=+nanm  min=0.53m
    ── ep 5/10  wr=0.00  avg_r=596.1715
    ep 6/10  steps=16 kill  wr=0.17  avg_r=386.3956
      [dart] fire_rate=0.339  min_dist_init=16.51m  final=nanm  change=+nanm  min=0.07m
    ep 7/10  steps=6 kill  wr=0.14  avg_r=396.7825
      [dart] fire_rate=0.375  min_dist_init=59.38m  final=nanm  change=+nanm  min=0.18m
    ep 8/10  steps=6 kill  wr=0.12  avg_r=401.4091
      [dart] fire_rate=0.358  min_dist_init=47.46m  final=nanm  change=+nanm  min=0.48m
    ep 9/10  steps=6 kill  wr=0.11  avg_r=405.5535
      [dart] fire_rate=0.300  min_dist_init=44.30m  final=nanm  change=+nanm  min=0.47m
    ep 10/10  steps=15 kill  wr=0.10  avg_r=493.0339
      [dart] fire_rate=0.330  min_dist_init=17.26m  final=nanm  change=+nanm  min=0.10m
    ── ep 10/10  wr=0.10  avg_r=493.0339
  Training main (team 1, p0079) against self...
    ep 1/10  steps=9 kill  wr=1.00  avg_r=-1270.7611
      [dart] fire_rate=0.385  min_dist_init=28.42m  final=nanm  change=+nanm  min=0.18m
    ep 2/10  steps=20 kill  wr=1.00  avg_r=254.6791
      [dart] fire_rate=0.423  min_dist_init=13.49m  final=nanm  change=+nanm  min=0.09m
  Training main (team 1, p0079) against p0088...
    ep 1/10  steps=8 kill  wr=0.00  avg_r=685.7589
      [dart] fire_rate=0.411  min_dist_init=32.36m  final=nanm  change=+nanm  min=0.15m
    ep 2/10  steps=8 kill  wr=0.50  avg_r=-326.3738
      [dart] fire_rate=0.446  min_dist_init=32.32m  final=nanm  change=+nanm  min=0.20m
  Training main (team 1, p0079) against p0090...
    ep 1/10  steps=6 kill  wr=1.00  avg_r=-1509.5856
      [dart] fire_rate=0.475  min_dist_init=44.29m  final=nanm  change=+nanm  min=0.30m
    ep 2/10  steps=6 kill  wr=0.50  avg_r=-498.2292
      [dart] fire_rate=0.425  min_dist_init=61.87m  final=nanm  change=+nanm  min=0.21m
  Training main (team 1, p0079) against p0089...
    ep 1/10  steps=9 kill  wr=1.00  avg_r=-1256.8734
      [dart] fire_rate=0.370  min_dist_init=36.23m  final=nanm  change=+nanm  min=0.18m
    ep 2/10  steps=11 kill  wr=1.00  avg_r=-1148.4531
      [dart] fire_rate=0.371  min_dist_init=23.39m  final=nanm  change=+nanm  min=0.08m
  Training main_exploiter (team 1, p0080) against p0084...
    ep 1/10  steps=6 kill  wr=0.00  avg_r=501.7845
      [dart] fire_rate=0.508  min_dist_init=44.16m  final=nanm  change=+nanm  min=0.31m
    ep 2/10  steps=6 kill  wr=0.00  avg_r=455.8621
      [dart] fire_rate=0.475  min_dist_init=44.11m  final=nanm  change=+nanm  min=0.37m
    ep 3/10  steps=13 kill  wr=0.33  avg_r=26.2186
      [dart] fire_rate=0.497  min_dist_init=23.44m  final=nanm  change=+nanm  min=0.26m
    ep 4/10  steps=6 kill  wr=0.25  avg_r=137.1249
      [dart] fire_rate=0.508  min_dist_init=46.08m  final=nanm  change=+nanm  min=0.14m
    ep 5/10  steps=13 kill  wr=0.40  avg_r=-60.2956
      [dart] fire_rate=0.438  min_dist_init=19.89m  final=nanm  change=+nanm  min=0.12m
    ── ep 5/10  wr=0.40  avg_r=-60.2956
    ep 6/10  steps=6 kill  wr=0.50  avg_r=-307.1351
      [dart] fire_rate=0.400  min_dist_init=44.23m  final=nanm  change=+nanm  min=0.43m
    ep 7/10  steps=8 kill  wr=0.71  avg_r=-738.7874
      [dart] fire_rate=0.470  min_dist_init=71.59m  final=nanm  change=+nanm  min=0.13m
    ep 8/10  steps=6 kill  wr=0.62  avg_r=-587.6563
      [dart] fire_rate=0.508  min_dist_init=85.82m  final=nanm  change=+nanm  min=0.16m
    ep 9/10  steps=13 kill  wr=0.67  avg_r=-616.3390
      [dart] fire_rate=0.438  min_dist_init=19.84m  final=nanm  change=+nanm  min=0.03m
    ep 10/10  steps=8 kill  wr=0.60  avg_r=-490.0279
      [dart] fire_rate=0.464  min_dist_init=32.24m  final=nanm  change=+nanm  min=0.30m
    ── ep 10/10  wr=0.60  avg_r=-490.0279
  Training league_exploiter (team 1, p0081) against p0090...
    ep 1/10  steps=6 kill  wr=1.00  avg_r=-1536.8270
      [dart] fire_rate=0.467  min_dist_init=58.33m  final=nanm  change=+nanm  min=0.22m
    ep 2/10  steps=11 kill  wr=0.50  avg_r=-314.4549
      [dart] fire_rate=0.438  min_dist_init=25.46m  final=nanm  change=+nanm  min=0.20m
    ep 3/10  steps=12 kill  wr=0.33  avg_r=131.3884
      [dart] fire_rate=0.428  min_dist_init=21.49m  final=nanm  change=+nanm  min=0.16m
    ep 4/10  steps=15 kill  wr=0.25  avg_r=441.0213
      [dart] fire_rate=0.494  min_dist_init=17.50m  final=nanm  change=+nanm  min=0.15m
    ep 5/10  steps=12 kill  wr=0.20  avg_r=555.8759
      [dart] fire_rate=0.439  min_dist_init=21.58m  final=nanm  change=+nanm  min=0.24m
    ── ep 5/10  wr=0.20  avg_r=555.8759
    ep 6/10  steps=12 kill  wr=0.17  avg_r=637.0030
      [dart] fire_rate=0.508  min_dist_init=21.56m  final=nanm  change=+nanm  min=0.19m
    ep 7/10  steps=6 kill  wr=0.29  avg_r=329.2927
      [dart] fire_rate=0.442  min_dist_init=46.09m  final=nanm  change=+nanm  min=0.63m
    ep 8/10  steps=13 kill  wr=0.25  avg_r=423.0593
      [dart] fire_rate=0.406  min_dist_init=20.52m  final=nanm  change=+nanm  min=0.10m
    ep 9/10  steps=7 kill  wr=0.33  avg_r=219.4761
      [dart] fire_rate=0.438  min_dist_init=37.25m  final=nanm  change=+nanm  min=0.08m
    ep 10/10  steps=9 kill  wr=0.40  avg_r=73.3574
      [dart] fire_rate=0.396  min_dist_init=28.55m  final=nanm  change=+nanm  min=0.11m
    ── ep 10/10  wr=0.40  avg_r=73.3574
[League] Iteration 7 complete in 17407.6s
[League] alpha=0.583 (schedule=linear) beta_kl=0.071
[League] kill_radius hold at 24.500m (kill_rate=0.00 < 0.7)

============================================================
PSRO Iteration 8/24
============================================================
[League] Iteration 8: Evaluating payoff matrix...
  [payoff] p0084 vs p0082 (1/32)...     step 100: alive=8 red_wins=0/0 wr_sofar=0.00
    step 200: alive=8 red_wins=0/0 wr_sofar=0.00
    step 300: alive=8 red_wins=0/0 wr_sofar=0.00
    step 400: alive=8 red_wins=0/0 wr_sofar=0.00
    [p0084 vs p0082] final-step illumination_progress: team0=0.0000 team1=0.0625 (max t0=0.0000 t1=0.2500)
win_rate=0.31 (508.9s)
  [payoff] p0084 vs p0083 (2/32)...     step 100: alive=8 red_wins=0/0 wr_sofar=0.00
    step 200: alive=8 red_wins=0/0 wr_sofar=0.00
    step 300: alive=8 red_wins=0/0 wr_sofar=0.00
    step 400: alive=8 red_wins=0/0 wr_sofar=0.00
    [p0084 vs p0083] final-step illumination_progress: team0=0.0000 team1=0.0000 (max t0=0.0000 t1=0.0000)
win_rate=0.50 (509.4s)
  [payoff] p0084 vs p0085 (3/32)...     step 100: alive=8 red_wins=0/0 wr_sofar=0.00
    step 200: alive=8 red_wins=0/0 wr_sofar=0.00
    step 300: alive=8 red_wins=0/0 wr_sofar=0.00
    step 400: alive=8 red_wins=0/0 wr_sofar=0.00
    [p0084 vs p0085] final-step illumination_progress: team0=0.0000 team1=0.0000 (max t0=0.0000 t1=0.0000)
win_rate=0.50 (509.8s)
  [payoff] p0084 vs p0086 (4/32)...     step 100: alive=8 red_wins=0/0 wr_sofar=0.00
    step 200: alive=8 red_wins=0/0 wr_sofar=0.00
    step 300: alive=8 red_wins=0/0 wr_sofar=0.00
    step 400: alive=8 red_wins=0/0 wr_sofar=0.00
    [p0084 vs p0086] final-step illumination_progress: team0=0.0000 team1=0.0625 (max t0=0.0000 t1=0.2500)
win_rate=0.44 (510.1s)
  [payoff] p0084 vs p0087 (5/32)...     step 100: alive=8 red_wins=0/0 wr_sofar=0.00
    step 200: alive=8 red_wins=0/0 wr_sofar=0.00
    step 300: alive=8 red_wins=0/0 wr_sofar=0.00
    step 400: alive=8 red_wins=0/0 wr_sofar=0.00
    [p0084 vs p0087] final-step illumination_progress: team0=0.0000 team1=0.0000 (max t0=0.0000 t1=0.0000)
win_rate=0.50 (507.3s)
  [payoff] p0084 vs p0091 (6/32)...     step 100: alive=8 red_wins=0/0 wr_sofar=0.00
    step 200: alive=8 red_wins=0/0 wr_sofar=0.00
    step 300: alive=8 red_wins=0/0 wr_sofar=0.00
    step 400: alive=8 red_wins=0/0 wr_sofar=0.00
    [p0084 vs p0091] final-step illumination_progress: team0=0.0000 team1=0.0000 (max t0=0.0000 t1=0.0000)
win_rate=0.50 (507.0s)
  [payoff] p0084 vs p0092 (7/32)...     step 100: alive=8 red_wins=0/0 wr_sofar=0.00
    step 200: alive=8 red_wins=0/0 wr_sofar=0.00
    step 300: alive=8 red_wins=0/0 wr_sofar=0.00
    step 400: alive=8 red_wins=0/0 wr_sofar=0.00
    [p0084 vs p0092] final-step illumination_progress: team0=0.0000 team1=0.0833 (max t0=0.0000 t1=0.2500)
win_rate=0.38 (508.5s)
  [payoff] p0084 vs p0093 (8/32)...     step 100: alive=8 red_wins=0/0 wr_sofar=0.00
    step 200: alive=8 red_wins=0/0 wr_sofar=0.00
    step 300: alive=8 red_wins=0/0 wr_sofar=0.00
    step 400: alive=8 red_wins=0/0 wr_sofar=0.00
    [p0084 vs p0093] final-step illumination_progress: team0=0.0000 team1=0.0000 (max t0=0.0000 t1=0.0000)
win_rate=0.50 (507.8s)
  [payoff] p0088 vs p0082 (9/32)...     step 100: alive=8 red_wins=0/0 wr_sofar=0.00
    step 200: alive=8 red_wins=0/0 wr_sofar=0.00
    step 300: alive=8 red_wins=0/0 wr_sofar=0.00
    step 400: alive=8 red_wins=0/0 wr_sofar=0.00
    [p0088 vs p0082] final-step illumination_progress: team0=0.0000 team1=0.0625 (max t0=0.0000 t1=0.2500)
win_rate=0.31 (507.2s)
  [payoff] p0088 vs p0083 (10/32)...     step 100: alive=8 red_wins=0/0 wr_sofar=0.00
    step 200: alive=8 red_wins=0/0 wr_sofar=0.00
    step 300: alive=8 red_wins=0/0 wr_sofar=0.00
    step 400: alive=8 red_wins=0/0 wr_sofar=0.00
    [p0088 vs p0083] final-step illumination_progress: team0=0.0000 team1=0.0000 (max t0=0.0000 t1=0.0000)
win_rate=0.50 (508.0s)
  [payoff] p0088 vs p0085 (11/32)...     step 100: alive=8 red_wins=0/0 wr_sofar=0.00
    step 200: alive=8 red_wins=0/0 wr_sofar=0.00
    step 300: alive=8 red_wins=0/0 wr_sofar=0.00
    step 400: alive=8 red_wins=0/0 wr_sofar=0.00
    [p0088 vs p0085] final-step illumination_progress: team0=0.0000 team1=0.0000 (max t0=0.0000 t1=0.0000)
win_rate=0.50 (505.1s)
  [payoff] p0088 vs p0086 (12/32)...     step 100: alive=8 red_wins=0/0 wr_sofar=0.00
    step 200: alive=8 red_wins=0/0 wr_sofar=0.00
    step 300: alive=8 red_wins=0/0 wr_sofar=0.00
    step 400: alive=8 red_wins=0/0 wr_sofar=0.00
    [p0088 vs p0086] final-step illumination_progress: team0=0.0000 team1=0.0417 (max t0=0.0000 t1=0.2500)
win_rate=0.44 (507.9s)
  [payoff] p0088 vs p0087 (13/32)...     step 100: alive=8 red_wins=0/0 wr_sofar=0.00
    step 200: alive=8 red_wins=0/0 wr_sofar=0.00
    step 300: alive=8 red_wins=0/0 wr_sofar=0.00
    step 400: alive=8 red_wins=0/0 wr_sofar=0.00
    [p0088 vs p0087] final-step illumination_progress: team0=0.0000 team1=0.0000 (max t0=0.0000 t1=0.0000)
win_rate=0.50 (509.0s)
  [payoff] p0088 vs p0091 (14/32)...     step 100: alive=8 red_wins=0/0 wr_sofar=0.00
    step 200: alive=8 red_wins=0/0 wr_sofar=0.00
    step 300: alive=8 red_wins=0/0 wr_sofar=0.00
    step 400: alive=8 red_wins=0/0 wr_sofar=0.00
    [p0088 vs p0091] final-step illumination_progress: team0=0.0000 team1=0.0000 (max t0=0.0000 t1=0.0000)
win_rate=0.50 (510.2s)
  [payoff] p0088 vs p0092 (15/32)...     step 100: alive=8 red_wins=0/0 wr_sofar=0.00
    step 200: alive=8 red_wins=0/0 wr_sofar=0.00
    step 300: alive=8 red_wins=0/0 wr_sofar=0.00
    step 400: alive=8 red_wins=0/0 wr_sofar=0.00
    [p0088 vs p0092] final-step illumination_progress: team0=0.0000 team1=0.1042 (max t0=0.0000 t1=0.2500)
win_rate=0.31 (512.2s)
  [payoff] p0088 vs p0093 (16/32)...     step 100: alive=8 red_wins=0/0 wr_sofar=0.00
    step 200: alive=8 red_wins=0/0 wr_sofar=0.00
    step 300: alive=8 red_wins=0/0 wr_sofar=0.00
    step 400: alive=8 red_wins=0/0 wr_sofar=0.00
    [p0088 vs p0093] final-step illumination_progress: team0=0.0000 team1=0.0000 (max t0=0.0000 t1=0.0000)
win_rate=0.50 (513.5s)
  [payoff] p0089 vs p0082 (17/32)...     step 100: alive=8 red_wins=0/0 wr_sofar=0.00
